# Alias OBJ Model File
# Exported from SketchUp, (c) 2000-2012 Trimble Navigation Limited
# File units = meters

mtllib LOD 2.mtl

g Mesh1 G_23_172091546268412 Model

usemtl Residential
v -150.336 0 -72.3831
vt 5918.73 2849.73
vn 0 -1 -0
v -144.485 0 -85.836
vt 5688.4 3379.37
v -143.097 0 -85.1038
vt 5633.76 3350.54
v -142.481 0 -84.8727
vt 5609.49 3341.45
v -142.712 0 -84.1023
vt 5618.59 3311.12
v -137.089 0 -81.6372
vt 5397.19 3214.06
v -136.036 0 -81.7912
vt 5355.74 3220.13
v -138.578 0 -76.1804
vt 5455.82 2999.23
v -138.144 0 -75.9887
vt 5438.75 2991.68
v -138.501 0 -74.7681
vt 5452.79 2943.63
v -139.4 0 -75.0505
vt 5488.17 2954.75
v -141.197 0 -69.6837
vt 5558.94 2743.45
v -142.635 0 -70.1716
vt 5615.56 2762.66
v -143.784 0 -67.1521
vt 5660.8 2643.78
v -146.147 0 -67.8701
vt 5753.81 2672.05
v -145.993 0 -68.5377
vt 5747.74 2698.34
v -148.019 0 -69.1468
vt 5827.52 2722.31
v -147.463 0 -71.6353
vt 5805.62 2820.29
f 1/1/1 2/2/1 3/3/1 4/4/1 5/5/1 6/6/1 7/7/1 8/8/1 9/9/1 10/10/1 11/11/1 12/12/1 13/13/1 14/14/1 15/15/1 16/16/1 17/17/1 18/18/1 

vt -830.512 0
vn -0.91704 0 -0.398795
vt -252.96 0
v -150.336 3.4385 -72.3831
vt -252.96 135.374
v -144.485 3.4385 -85.836
vt -830.512 135.374
f 2/19/2 1/20/2 19/21/2 20/22/2 

vt -6445.76 0
vn -0.251938 0 0.967743
vt -6328.89 0
v -147.463 3.4385 -71.6353
vt -6328.89 135.374
vt -6445.76 135.374
f 1/23/3 18/24/3 21/25/3 19/26/3 

vt -1486.04 0
vn -0.975922 0 -0.218122
vt -1385.65 0
v -148.019 3.4385 -69.1468
vt -1385.65 135.374
vt -1486.04 135.374
f 18/27/4 17/28/4 22/29/4 21/30/4 

vt -6364.48 0
vn -0.287843 0 0.957678
vt -6281.18 0
v -145.993 3.4385 -68.5377
vt -6281.18 135.374
vt -6364.48 135.374
f 17/31/5 16/32/5 23/33/5 22/34/5 

vt -1336.8 0
vn -0.974391 0 -0.22486
vt -1309.82 0
v -146.147 3.4385 -67.8701
vt -1309.82 135.374
vt -1336.8 135.374
f 16/35/6 15/36/6 24/37/6 23/38/6 

vt -6282.17 0
vn -0.290788 0 0.956787
vt -6184.96 0
v -143.784 3.4385 -67.1521
vt -6184.96 135.374
vt -6282.17 135.374
f 15/39/7 14/40/7 25/41/7 24/42/7 

vt 457.586 0
vn 0.934615 0 0.355662
vt 584.781 0
v -142.635 3.4385 -70.1716
vt 584.781 135.374
vt 457.586 135.374
f 14/43/8 13/44/8 26/45/8 25/46/8 

vt -6205.45 0
vn -0.321296 0 0.946979
vt -6145.66 0
v -141.197 3.4385 -69.6837
vt -6145.66 135.374
vt -6205.45 135.374
f 13/47/9 12/48/9 27/49/9 26/50/9 

vt 835.962 0
vn 0.948229 0 0.317589
vt 1058.79 0
v -139.4 3.4385 -75.0505
vt 1058.79 135.374
vt 835.962 135.374
f 12/51/10 11/52/10 28/53/10 27/54/10 

vt -6121.6 0
vn -0.299827 0 0.953994
vt -6084.5 0
v -138.501 3.4385 -74.7681
vt -6084.5 135.374
vt -6121.6 135.374
f 11/55/11 10/56/11 29/57/11 28/58/11 

vt 1296.21 0
vn 0.959866 0 0.280458
vt 1346.27 0
v -138.144 3.4385 -75.9887
vt 1346.27 135.374
vt 1296.21 135.374
f 10/59/12 9/60/12 30/61/12 29/62/12 

vt 6184 0
vn 0.404364 0 -0.914598
vt 6202.67 0
v -138.578 3.4385 -76.1804
vt 6202.67 135.374
vt 6184 135.374
f 9/63/13 8/64/13 31/65/13 30/66/13 

vt 480.258 0
vn 0.910865 0 0.412703
vt 722.773 0
v -136.036 3.4385 -81.7912
vt 722.773 135.374
vt 480.258 135.374
f 8/67/14 7/68/14 32/69/14 31/70/14 

vt 4833.02 0
vn -0.144799 0 -0.989461
vt 4874.91 0
v -137.089 3.4385 -81.6372
vt 4874.91 135.374
vt 4833.02 135.374
f 7/71/15 6/72/15 33/73/15 32/74/15 

vt 6233.49 0
vn 0.401477 0 -0.915869
vt 6475.23 0
v -142.712 3.4385 -84.1023
vt 6475.23 135.374
vt 6233.49 135.374
f 6/75/16 5/76/16 34/77/16 33/78/16 

vt 1556.98 0
vn 0.957826 0 0.287348
vt 1588.65 0
v -142.481 3.4385 -84.8727
vt 1588.65 135.374
vt 1556.98 135.374
f 5/79/17 4/80/17 35/81/17 34/82/17 

vt 6425.59 0
vn 0.351123 0 -0.936329
vt 6451.5 0
v -143.097 3.4385 -85.1038
vt 6451.5 135.374
vt 6425.59 135.374
f 4/83/18 3/84/18 36/85/18 35/86/18 

vt 6546.22 0
vn 0.466547 0 -0.884496
vt 6608 0
vt 6608 135.374
vt 6546.22 135.374
f 3/87/19 2/88/19 20/89/19 36/90/19 

vt -5688.4 3379.37
vn 0 1 -0
vt -5918.73 2849.73
vt -5805.62 2820.29
vt -5827.52 2722.31
vt -5747.74 2698.34
vt -5753.81 2672.05
vt -5660.8 2643.78
vt -5615.56 2762.66
vt -5558.94 2743.45
vt -5488.17 2954.75
vt -5452.79 2943.63
vt -5438.75 2991.68
vt -5455.82 2999.23
vt -5355.74 3220.13
vt -5397.19 3214.06
vt -5618.59 3311.12
vt -5609.49 3341.45
vt -5633.76 3350.54
f 20/91/20 19/92/20 21/93/20 22/94/20 23/95/20 24/96/20 25/97/20 26/98/20 27/99/20 28/100/20 29/101/20 30/102/20 31/103/20 32/104/20 33/105/20 34/106/20 35/107/20 36/108/20 

g Mesh2 G_35_71479811654618 Model

v -75.0985 0 -38.2977
vt 2956.64 1507.78
v -75.2666 0 -38.4292
vt 2963.25 1512.96
v -82.3283 0 -41.2539
vt 3241.27 1624.17
v -83.3555 0 -41.6391
vt 3281.71 1639.33
v -82.2551 0 -46.2208
vt 3238.39 1819.72
v -78.5375 0 -44.9116
vt 3092.03 1768.17
v -73.1963 0 -42.6711
vt 2881.74 1679.96
f 37/109/1 38/110/1 39/111/1 40/112/1 41/113/1 42/114/1 43/115/1 

vt -3266.03 0
vn -0.616308 0 0.787505
vt -3257.62 0
v -75.0985 4.2988 -38.2977
vt -3257.62 169.244
v -75.2666 4.2988 -38.4292
vt -3266.03 169.244
f 38/116/21 37/117/21 44/118/21 45/119/21 

vt 203.336 0
vn 0.917008 0 0.39887
vt 391.099 0
v -73.1963 4.2988 -42.6711
vt 391.099 169.244
vt 203.336 169.244
f 37/120/22 43/121/22 46/122/22 44/123/22 

vt 3307.26 0
vn 0.386818 0 -0.922156
vt 3535.29 0
v -78.5375 4.2988 -44.9116
vt 3535.29 169.244
vt 3307.26 169.244
f 43/124/23 42/125/23 47/126/23 46/127/23 

vt 3503.8 0
vn 0.332174 0 -0.943218
vt 3658.97 0
v -82.2551 4.2988 -46.2208
vt 3658.97 169.244
vt 3503.8 169.244
f 42/128/24 41/129/24 48/130/24 47/131/24 

vt -1013.13 0
vn -0.972349 0 -0.233534
vt -827.616 0
v -83.3555 4.2988 -41.6391
vt -827.616 169.244
vt -1013.13 169.244
f 41/132/25 40/133/25 49/134/25 48/135/25 

vt -3648.37 0
vn -0.351123 0 0.936329
vt -3605.18 0
v -82.3283 4.2988 -41.2539
vt -3605.18 169.244
vt -3648.37 169.244
f 40/136/26 39/137/26 50/138/26 49/139/26 

vt -3612.65 0
vn -0.371391 0 0.928477
vt -3313.21 0
vt -3313.21 169.244
vt -3612.65 169.244
f 39/140/27 38/141/27 45/142/27 50/143/27 

vt -2963.25 1512.96
vt -2956.64 1507.78
vt -2881.74 1679.96
vt -3092.03 1768.17
vt -3238.39 1819.72
vt -3281.71 1639.33
vt -3241.27 1624.17
f 45/144/20 44/145/20 46/146/20 47/147/20 48/148/20 49/149/20 50/150/20 

g Mesh3 G_32_40365868436979 Model

v -219.03 0 -124.466
vt 8623.22 4900.25
v -219.954 0 -121.282
vt 8659.62 4774.89
v -223.061 0 -122.004
vt 8781.95 4803.32
v -225.444 0 -114.021
vt 8875.75 4489.01
v -241.987 0 -118.509
vt 9527.04 4665.7
v -238.905 0 -129.653
vt 9405.72 5104.47
v -227.35 0 -126.726
vt 8950.78 4989.22
f 51/151/1 52/152/1 53/153/1 54/154/1 55/155/1 56/156/1 57/157/1 

vt 2171.16 0
vn 0.960346 0 0.27881
vt 2301.69 0
v -219.03 5.31009 -124.466
vt 2301.69 209.059
v -219.954 5.31009 -121.282
vt 2171.16 209.059
f 52/158/28 51/159/28 58/160/28 59/161/28 

vt 9606.14 0
vn 0.262109 0 -0.965038
vt 9945.56 0
v -227.35 5.31009 -126.726
vt 9945.56 209.059
vt 9606.14 209.059
f 51/162/29 57/163/29 60/164/29 58/165/29 

vt 9901.91 0
vn 0.245576 0 -0.969377
vt 10371.2 0
v -238.905 5.31009 -129.653
vt 10371.2 209.059
vt 9901.91 209.059
f 57/166/30 56/167/30 61/168/30 60/169/30 

vt -2413.26 0
vn -0.963835 0 -0.266498
vt -1958.03 0
v -241.987 5.31009 -118.509
vt -1958.03 209.059
vt -2413.26 209.059
f 56/170/31 55/171/31 62/172/31 61/173/31 

vt -10416.3 0
vn -0.261826 0 0.965115
vt -9741.46 0
v -225.444 5.31009 -114.021
vt -9741.46 209.059
vt -10416.3 209.059
f 55/174/32 54/175/32 63/176/32 62/177/32 

vt 1763.23 0
vn 0.958235 0 0.285982
vt 2091.24 0
v -223.061 5.31009 -122.004
vt 2091.24 209.059
vt 1763.23 209.059
f 54/178/33 53/179/33 64/180/33 63/181/33 

vt -9641.4 0
vn -0.226402 0 0.974034
vt -9515.81 0
vt -9515.81 209.059
vt -9641.4 209.059
f 53/182/34 52/183/34 59/184/34 64/185/34 

vt -8659.62 4774.89
vt -8623.22 4900.25
vt -8950.78 4989.22
vt -9405.72 5104.47
vt -9527.04 4665.7
vt -8875.75 4489.01
vt -8781.95 4803.32
f 59/186/20 58/187/20 60/188/20 61/189/20 62/190/20 63/191/20 64/192/20 

g Mesh4 G_27_525518649947006 Model

v -248.391 0 -69.1886
vt 9779.19 2723.96
v -245.01 0 -68.5313
vt 9646.08 2698.08
v -239.412 0 -67.5042
vt 9425.69 2657.64
v -239.952 0 -64.4997
vt 9446.92 2539.36
v -241.672 0 -64.7308
vt 9514.65 2548.46
v -243.033 0 -58.4138
vt 9568.24 2299.76
v -249.292 0 -59.4628
vt 9814.66 2341.06
v -247.842 0 -67.1286
vt 9757.54 2642.86
v -248.535 0 -67.2056
vt 9784.84 2645.89
f 65/193/1 66/194/1 67/195/1 68/196/1 69/197/1 70/198/1 71/199/1 72/200/1 73/201/1 

vt 9983.69 0
vn 0.190827 0 -0.981624
vt 10119.3 0
v -248.391 2.61195 -69.1886
vt 10119.3 102.833
v -245.01 2.61195 -68.5313
vt 9983.69 102.833
f 66/202/35 65/203/35 74/204/35 75/205/35 

vt -2011 0
vn -0.997392 0 -0.0721797
vt -1932.72 0
v -248.535 2.61195 -67.2056
vt -1932.72 102.833
vt -2011 102.833
f 65/206/36 73/207/36 76/208/36 74/209/36 

vt -10017.2 0
vn -0.110432 0 0.993884
vt -9989.72 0
v -247.842 2.61195 -67.1286
vt -9989.72 102.833
vt -10017.2 102.833
f 73/210/37 72/211/37 77/212/37 76/213/37 

vt -782.276 0
vn -0.982558 0 -0.185957
vt -475.117 0
v -249.292 2.61195 -59.4628
vt -475.117 102.833
vt -782.276 102.833
f 72/214/38 71/215/38 78/216/38 77/217/38 

vt -10066.6 0
vn -0.165289 0 0.986245
vt -9816.75 0
v -243.033 2.61195 -58.4138
vt -9816.75 102.833
vt -10066.6 102.833
f 71/218/39 70/219/39 79/220/39 78/221/39 

vt 232.963 0
vn 0.977569 0 0.210615
vt 487.37 0
v -241.672 2.61195 -64.7308
vt 487.37 102.833
vt 232.963 102.833
f 70/222/40 69/223/40 80/224/40 79/225/40 

vt -9769.24 0
vn -0.133133 0 0.991098
vt -9700.89 0
v -239.952 2.61195 -64.4997
vt -9700.89 102.833
vt -9769.24 102.833
f 69/226/41 68/227/41 81/228/41 80/229/41 

vt 830.488 0
vn 0.984271 0 0.176664
vt 950.662 0
v -239.412 2.61195 -67.5042
vt 950.662 102.833
vt 830.488 102.833
f 68/230/42 67/231/42 82/232/42 81/233/42 

vt 9750.55 0
vn 0.180473 0 -0.98358
vt 9974.62 0
vt 9974.62 102.833
vt 9750.55 102.833
f 67/234/43 66/235/43 75/236/43 82/237/43 

vt -9646.08 2698.08
vt -9779.19 2723.96
vt -9784.84 2645.89
vt -9757.54 2642.86
vt -9814.66 2341.06
vt -9568.24 2299.76
vt -9514.65 2548.46
vt -9446.92 2539.36
vt -9425.69 2657.64
f 75/238/20 74/239/20 76/240/20 77/241/20 78/242/20 79/243/20 80/244/20 81/245/20 82/246/20 

g Mesh5 Group2 Group1 G_36_638971352336604 Model

v -154.001 4.41655 -163.823
vt 2801.07 6841.8
vn 0.52533 0.802412 0.283132
v -158.944 7.12395 -162.324
vt 2656.79 7020.41
v -162.242 7.04626 -155.985
vt 2375.5 7015.29
v -160.846 4.41655 -151.123
vt 2233.04 6841.8
f 83/247/44 84/248/44 85/249/44 86/250/44 

v -159.564 4.41655 -166.774
vt 8626.35 -2188.56
vn 0.279636 0.802412 -0.527199
v -160.033 5.26332 -165.734
vt 8623.45 -2132.7
vt 8522.71 -2009.95
vt 8378.43 -2188.56
f 87/251/45 88/252/45 84/253/45 83/254/45 

vt 8190.4 -3003.54
vn 0.20954 0.802412 -0.558774
vt 8187.5 -3059.4
v -160.591 4.41655 -167.159
vt 8230.69 -3059.4
f 88/255/46 87/256/46 89/257/46

v -166.907 4.41655 -154.572
vt -2491.92 -6799.02
vn -0.533382 0.802412 -0.267654
vt -2624.03 -6625.53
vt -2905.33 -6620.41
vt -3006.08 -6743.16
vt -3046.37 -6799.02
f 90/258/47 85/259/47 84/260/47 88/261/47 89/262/47 

vt -8588.91 1913.31
vn -0.295164 0.802412 0.518665
vt -8721.03 1739.83
vt -8446.46 1739.83
f 85/263/48 90/264/48 86/265/48

g Mesh6 Group1 G_36_638971352336604 Model

vt 6063.03 6449.73
vt 6332.53 5949.71
vt 6571.16 6085.51
vt 6322.49 6581.07
vt 6282.05 6565.9
f 83/266/1 86/267/1 90/268/1 89/269/1 87/270/1 

g Mesh7 G_36_638971352336604 Model

v -154.001 0 -163.823
v -160.846 0 -151.123
v -166.907 0 -154.572
v -160.591 0 -167.159
v -159.564 0 -166.774
f 91/266/1 92/267/1 93/268/1 94/269/1 95/270/1 

vt 2233.04 0
vn 0.880287 0 0.474441
vt 2801.07 0
vt 2801.07 173.88
vt 2233.04 173.88
f 92/271/49 91/272/49 83/273/49 86/274/49 

vt 8378.43 0
vn 0.468581 0 -0.88342
vt 8626.35 0
vt 8626.35 173.88
vt 8378.43 173.88
f 91/275/50 95/276/50 87/277/50 83/278/50 

vt 8187.5 0
vt 8230.69 0
vt 8230.69 173.88
vt 8187.5 173.88
f 95/279/18 94/280/18 89/281/18 87/282/18 

vt -3046.37 0
vn -0.893781 0 -0.448504
vt -2491.92 0
vt -2491.92 173.88
vt -3046.37 173.88
f 94/283/51 93/284/51 90/285/51 89/286/51 

vt -8721.03 0
vn -0.494602 0 0.86912
vt -8446.46 0
vt -8446.46 173.88
vt -8721.03 173.88
f 93/287/52 92/288/52 86/289/52 90/290/52 

vt -6332.53 5949.71
vt -6063.03 6449.73
vt -6282.05 6565.9
vt -6322.49 6581.07
vt -6571.16 6085.51
f 86/291/20 83/292/20 87/293/20 89/294/20 90/295/20 

g Mesh8 Group4 Group3 G_36_09205815699846 Model

v -158.481 4.79505 -148.154
vt -1816.1 -6632.87
vn -0.506028 0.808072 -0.301589
v -153.425 7.46443 -149.484
vt -1963 -6454.47
v -151.306 7.40811 -153.191
vt -2131.09 -6458.23
v -152.61 4.79505 -158.005
vt -2267.61 -6632.87
f 96/296/53 97/297/53 98/298/53 99/299/53 

vt -8163.36 1883.75
vn -0.292018 0.808072 0.511611
vt -8310.26 1705.34
v -152.005 4.79505 -144.457
vt -8016.67 1705.34
f 97/300/54 96/301/54 100/302/54

v -146.445 4.79505 -154.603
vt 2567.22 6560.58
vn 0.516608 0.808072 0.283084
vt 2426.53 6735.21
vt 2258.45 6738.98
vt 2111.76 6560.58
f 101/303/55 98/304/55 97/305/55 100/306/55 

vt 8129.76 -1768.73
vn 0.284678 0.808072 -0.515732
vt 7989.07 -1943.37
vt 8266.28 -1943.37
f 98/307/56 101/308/56 99/309/56

g Mesh9 Group3 G_36_09205815699846 Model

vt 6239.41 5832.83
vt 6008.26 6220.68
vt 5765.56 6086.72
vt 5984.43 5687.3
f 96/310/1 99/311/1 101/312/1 100/313/1 

g Mesh10 G_36_09205815699846 Model

v -158.481 0 -148.154
v -152.61 0 -158.005
v -146.445 0 -154.603
v -152.005 0 -144.457
f 102/310/1 103/311/1 104/312/1 105/313/1 

vt -2267.61 0
vn -0.859008 0 -0.511963
vt -1816.1 0
vt -1816.1 188.781
vt -2267.61 188.781
f 103/314/57 102/315/57 96/316/57 99/317/57 

vt -8310.26 0
vn -0.495714 0 0.868486
vt -8016.67 0
vt -8016.67 188.781
vt -8310.26 188.781
f 102/318/58 105/319/58 100/320/58 96/321/58 

vt 2111.76 0
vn 0.876968 0 0.48055
vt 2567.22 0
vt 2567.22 188.781
vt 2111.76 188.781
f 105/322/59 104/323/59 101/324/59 100/325/59 

vt 7989.07 0
vn 0.483254 0 -0.87548
vt 8266.28 0
vt 8266.28 188.781
vt 7989.07 188.781
f 104/326/60 103/327/60 99/328/60 101/329/60 

vt -6008.26 6220.68
vt -6239.41 5832.83
vt -5984.43 5687.3
vt -5765.56 6086.72
f 99/330/20 96/331/20 100/332/20 101/333/20 

g Mesh11 G_21_809935354685123 Model

v -67.703 0 -129.536
vt 2665.47 5099.86
v -61.4933 0 -126.682
vt 2420.99 4987.47
v -64.1284 0 -121.431
vt 2524.74 4780.76
v -65.1812 0 -119.403
vt 2566.19 4700.9
v -64.3852 0 -118.915
vt 2534.85 4681.69
v -65.6049 0 -116.18
vt 2582.87 4574.02
v -59.4548 0 -113.471
vt 2340.74 4467.36
v -62.2538 0 -107.591
vt 2450.94 4235.85
v -63.6866 0 -108.291
vt 2507.35 4263.42
v -61.4546 0 -113.583
vt 2419.47 4471.78
v -67.8486 0 -116.459
vt 2671.21 4585.01
v -66.1538 0 -119.669
vt 2604.48 4711.39
v -71.6791 0 -122.663
vt 2822.01 4829.26
v -71.2639 0 -123.418
vt 2805.67 4858.99
v -76.2745 0 -125.771
vt 3002.93 4951.62
v -73.1417 0 -132.037
vt 2879.59 5198.3
v -70.0629 0 -130.621
vt 2758.38 5142.57
v -71.9316 0 -126.68
vt 2831.95 4987.38
v -69.6205 0 -125.678
vt 2740.96 4947.96
f 106/334/1 107/335/1 108/336/1 109/337/1 110/338/1 111/339/1 112/340/1 113/341/1 114/342/1 115/343/1 116/344/1 117/345/1 118/346/1 119/347/1 120/348/1 121/349/1 122/350/1 123/351/1 124/352/1 

vt 4282.96 0
vn 0.417704 0 -0.908583
vt 4552.04 0
v -67.703 3.87092 -129.536
vt 4552.04 152.399
v -61.4933 3.87092 -126.682
vt 4282.96 152.399
f 107/353/61 106/354/61 125/355/61 126/356/61 

vt -3380.73 0
vn -0.89551 0 -0.445041
vt -3211.1 0
v -69.6205 3.87092 -125.678
vt -3211.1 152.399
vt -3380.73 152.399
f 106/357/62 124/358/62 127/359/62 125/360/62 

vt 4482.33 0
vn 0.397607 0 -0.917556
vt 4581.49 0
v -71.9316 3.87092 -126.68
vt 4581.49 152.399
vt 4482.33 152.399
f 124/361/63 123/362/63 128/363/63 127/364/63 

vt 3293.48 0
vn 0.903602 0 0.428373
vt 3465.23 0
v -70.0629 3.87092 -130.621
vt 3465.23 152.399
vt 3293.48 152.399
f 123/365/64 122/366/64 129/367/64 128/368/64 

vt 4654.29 0
vt 4787.7 0
v -73.1417 3.87092 -132.037
vt 4787.7 152.399
vt 4654.29 152.399
f 122/369/61 121/370/61 130/371/61 129/372/61 

vt -3361.71 0
vn -0.894427 0 -0.447214
vt -3085.91 0
v -76.2745 3.87092 -125.771
vt -3085.91 152.399
vt -3361.71 152.399
f 121/373/65 120/374/65 131/375/65 130/376/65 

vt -4822.83 0
vn -0.425043 0 0.905173
vt -4604.89 0
v -71.2639 3.87092 -123.418
vt -4604.89 152.399
vt -4822.83 152.399
f 120/377/66 119/378/66 132/379/66 131/380/66 

vt -2906.42 0
vn -0.876316 0 -0.481737
vt -2872.49 0
v -71.6791 3.87092 -122.663
vt -2872.49 152.399
vt -2906.42 152.399
f 119/381/67 118/382/67 133/383/67 132/384/67 

vt -4781.89 0
vn -0.476411 0 0.879223
vt -4534.47 0
v -66.1538 3.87092 -119.669
vt -4534.47 152.399
vt -4781.89 152.399
f 118/385/68 117/386/68 134/387/68 133/388/68 

vt -2950.23 0
vn -0.884304 0 -0.466912
vt -2807.33 0
v -67.8486 3.87092 -116.459
vt -2807.33 152.399
vt -2950.23 152.399
f 117/389/69 116/390/69 135/391/69 134/392/69 

vt -4316.94 0
vn -0.410212 0 0.91199
vt -4040.92 0
v -61.4546 3.87092 -113.583
vt -4040.92 152.399
vt -4316.94 152.399
f 116/393/70 115/394/70 136/395/70 135/396/70 

vt -3180.15 0
vn -0.921409 0 -0.388594
vt -2954.02 0
v -63.6866 3.87092 -108.291
vt -2954.02 152.399
vt -3180.15 152.399
f 115/397/71 114/398/71 137/399/71 136/400/71 

vt -4125.1 0
vn -0.43921 0 0.898384
vt -4062.31 0
v -62.2538 3.87092 -107.591
vt -4062.31 152.399
vt -4125.1 152.399
f 114/401/72 113/402/72 138/403/72 137/404/72 

vt 2771.32 0
vn 0.902933 0 0.429781
vt 3027.72 0
v -59.4548 3.87092 -113.471
vt 3027.72 152.399
vt 2771.32 152.399
f 113/405/73 112/406/73 139/407/73 138/408/73 

vt 3943.02 0
vn 0.403123 0 -0.915146
vt 4207.6 0
v -65.6049 3.87092 -116.18
vt 4207.6 152.399
vt 3943.02 152.399
f 112/409/74 111/410/74 140/411/74 139/412/74 

vt 3125.28 0
vn 0.91328 0 0.407332
vt 3243.17 0
v -64.3852 3.87092 -118.915
vt 3243.17 152.399
vt 3125.28 152.399
f 111/413/75 110/414/75 141/415/75 140/416/75 

vt 4607.69 0
vn 0.522562 0 -0.852601
vt 4644.45 0
v -65.1812 3.87092 -119.403
vt 4644.45 152.399
vt 4607.69 152.399
f 110/417/76 109/418/76 142/419/76 141/420/76 

vt 2990.34 0
vn 0.887584 0 0.460645
vt 3080.32 0
v -64.1284 3.87092 -121.431
vt 3080.32 152.399
vt 2990.34 152.399
f 109/421/77 108/422/77 143/423/77 142/424/77 

vt 3140.24 0
vn 0.893744 0 0.448577
vt 3371.52 0
vt 3371.52 152.399
vt 3140.24 152.399
f 108/425/78 107/426/78 126/427/78 143/428/78 

vt -2420.99 4987.47
vt -2665.47 5099.86
vt -2740.96 4947.96
vt -2831.95 4987.38
vt -2758.38 5142.57
vt -2879.59 5198.3
vt -3002.93 4951.62
vt -2805.67 4858.99
vt -2822.01 4829.26
vt -2604.48 4711.39
vt -2671.21 4585.01
vt -2419.47 4471.78
vt -2507.35 4263.42
vt -2450.94 4235.85
vt -2340.74 4467.36
vt -2582.87 4574.02
vt -2534.85 4681.69
vt -2566.19 4700.9
vt -2524.74 4780.76
f 126/429/20 125/430/20 127/431/20 128/432/20 129/433/20 130/434/20 131/435/20 132/436/20 133/437/20 134/438/20 135/439/20 136/440/20 137/441/20 138/442/20 139/443/20 140/444/20 141/445/20 142/446/20 143/447/20 

g Mesh12 G_33_01707514955212 Model

v -38.8032 0 -95.9221
vt 1527.69 3776.46
v -41.6979 0 -97.4987
vt 1641.65 3838.53
v -43.7939 0 -98.651
vt 1724.17 3883.9
v -41.9451 0 -101.835
vt 1651.38 4009.26
v -48.9811 0 -106.008
vt 1928.39 4173.54
v -45.3383 0 -112.022
vt 1784.97 4410.32
v -34.389 0 -105.88
vt 1353.9 4168.49
v -33.6016 0 -105.438
vt 1322.9 4151.1
f 144/448/1 145/449/1 146/450/1 147/451/1 148/452/1 149/453/1 150/454/1 151/455/1 

vt -3277.67 0
vn -0.478303 0 0.878195
vt -3147.9 0
v -38.8032 4.60077 -95.9221
vt -3147.9 181.133
v -41.6979 4.60077 -97.4987
vt -3277.67 181.133
f 145/456/79 144/457/79 152/458/79 153/459/79 

vt 2580.94 0
vn 0.877459 0 0.479651
vt 3007.89 0
v -33.6016 4.60077 -105.438
vt 3007.89 181.133
vt 2580.94 181.133
f 144/460/80 151/461/80 154/462/80 152/463/80 

vt 3184.68 0
vn 0.489251 0 -0.872143
vt 3220.23 0
v -34.389 4.60077 -105.88
vt 3220.23 181.133
vt 3184.68 181.133
f 151/464/81 150/465/81 155/466/81 154/467/81 

vt 3220.26 0
vn 0.48926 0 -0.872138
vt 3714.54 0
v -45.3383 4.60077 -112.022
vt 3714.54 181.133
vt 3220.26 181.133
f 150/468/82 149/469/82 156/470/82 155/471/82 

vt -2847.53 0
vn -0.855333 0 -0.518079
vt -2570.71 0
v -48.9811 4.60077 -106.008
vt -2570.71 181.133
vt -2847.53 181.133
f 149/472/83 148/473/83 157/474/83 156/475/83 

vt -3787.57 0
vn -0.510104 0 0.860113
vt -3465.51 0
v -41.9451 4.60077 -101.835
vt -3465.51 181.133
vt -3787.57 181.133
f 148/476/84 147/477/84 158/478/84 157/479/84 

vt -2637.95 0
vn -0.864789 0 -0.502136
vt -2492.99 0
v -43.7939 4.60077 -98.651
vt -2492.99 181.133
vt -2637.95 181.133
f 147/480/85 146/481/85 159/482/85 158/483/85 

vt -3382.02 0
vn -0.481764 0 0.876301
vt -3287.85 0
vt -3287.85 181.133
vt -3382.02 181.133
f 146/484/86 145/485/86 153/486/86 159/487/86 

vt -1641.65 3838.53
vt -1527.69 3776.46
vt -1322.9 4151.1
vt -1353.9 4168.49
vt -1784.97 4410.32
vt -1928.39 4173.54
vt -1651.38 4009.26
vt -1724.17 3883.9
f 153/488/20 152/489/20 154/490/20 155/491/20 156/492/20 157/493/20 158/494/20 159/495/20 

g Mesh13 G_22_07339959671021 Model

v -25.5202 0 -87.4326
vt 1004.73 3442.23
v -22.7541 0 -92.4168
vt 895.83 3638.46
v -19.8355 0 -90.7098
vt 780.927 3571.25
v -22.0953 0 -86.3701
vt 869.893 3400.4
v -18.0112 0 -84.0776
vt 709.101 3310.14
v -37.0243 0 -49.017
vt 1457.65 1929.8
v -44.728 0 -52.8174
vt 1760.95 2079.43
v -45.5497 0 -51.3794
vt 1793.3 2022.81
v -54.6401 0 -56.8747
vt 2151.18 2239.16
v -52.3973 0 -61.0685
vt 2062.88 2404.27
v -43.1006 0 -55.9406
vt 1696.87 2202.39
v -41.701 0 -58.5096
vt 1641.77 2303.53
v -35.4676 0 -55.1446
vt 1396.36 2171.05
v -28.6883 0 -67.7786
vt 1129.46 2668.45
v -29.2918 0 -68.1124
vt 1153.22 2681.59
v -27.0192 0 -72.5164
vt 1063.75 2854.97
v -31.9496 0 -75.1741
vt 1257.86 2959.61
v -29.6256 0 -79.6551
vt 1166.36 3136.03
f 160/496/1 161/497/1 162/498/1 163/499/1 164/500/1 165/501/1 166/502/1 167/503/1 168/504/1 169/505/1 170/506/1 171/507/1 172/508/1 173/509/1 174/510/1 175/511/1 176/512/1 177/513/1 

vt -2746.66 0
vn -0.874373 0 -0.485254
vt -2522.24 0
v -25.5202 2.59431 -87.4326
vt -2522.24 102.138
v -22.7541 2.59431 -92.4168
vt -2746.66 102.138
f 161/514/87 160/515/87 178/516/87 179/517/87 

vt -2575.13 0
vn -0.884355 0 -0.466814
vt -2228.89 0
v -29.6256 2.59431 -79.6551
vt -2228.89 102.138
vt -2575.13 102.138
f 160/518/88 177/519/88 180/520/88 178/521/88 

vt -2246.92 0
vn -0.887716 0 -0.460391
vt -2048.19 0
v -31.9496 2.59431 -75.1741
vt -2048.19 102.138
vt -2246.92 102.138
f 177/522/89 176/523/89 181/524/89 180/525/89 

vt -2511.59 0
vn -0.47451 0 0.88025
vt -2291.08 0
v -27.0192 2.59431 -72.5164
vt -2291.08 102.138
vt -2511.59 102.138
f 176/526/90 175/527/90 182/528/90 181/529/90 

vt -2049.28 0
vn -0.888655 0 -0.458577
vt -1854.17 0
v -29.2918 2.59431 -68.1124
vt -1854.17 102.138
vt -2049.28 102.138
f 175/530/91 174/531/91 183/532/91 182/533/91 

vt -2307.16 0
vn -0.484061 0 0.875034
vt -2280.01 0
v -28.6883 2.59431 -67.7786
vt -2280.01 102.138
vt -2307.16 102.138
f 174/534/92 173/535/92 184/536/92 183/537/92 

vt -1817.3 0
vn -0.88116 0 -0.472818
vt -1252.82 0
v -35.4676 2.59431 -55.1446
vt -1252.82 102.138
vt -1817.3 102.138
f 173/538/93 172/539/93 185/540/93 184/541/93 

vt 2260.07 0
vn 0.475031 0 -0.879969
vt 2538.96 0
v -41.701 2.59431 -58.5096
vt 2538.96 102.138
vt 2260.07 102.138
f 172/542/94 171/543/94 186/544/94 185/545/94 

vt -1237.37 0
vn -0.878136 0 -0.478411
vt -1122.19 0
v -43.1006 2.59431 -55.9406
vt -1122.19 102.138
vt -1237.37 102.138
f 171/546/95 170/547/95 187/548/95 186/549/95 

vt 2549.55 0
vn 0.482983 0 -0.87563
vt 2967.55 0
v -52.3973 2.59431 -61.0685
vt 2967.55 102.138
vt 2549.55 102.138
f 170/550/96 169/551/96 188/552/96 187/553/96 

vt -1147.32 0
vn -0.881822 0 -0.471583
vt -960.08 0
v -54.6401 2.59431 -56.8747
vt -960.08 102.138
vt -1147.32 102.138
f 169/554/97 168/555/97 189/556/97 188/557/97 

vt -2999.34 0
vn -0.517337 0 0.855782
vt -2581.15 0
v -45.5497 2.59431 -51.3794
vt -2581.15 102.138
vt -2999.34 102.138
f 168/558/98 167/559/98 190/560/98 189/561/98 

vt 866.569 0
vn 0.868243 0 0.496139
vt 931.775 0
v -44.728 2.59431 -52.8174
vt 931.775 102.138
vt 866.569 102.138
f 167/562/99 166/563/99 191/564/99 190/565/99 

vt -2499.21 0
vn -0.442424 0 0.896806
vt -2161.02 0
v -37.0243 2.59431 -49.017
vt -2161.02 102.138
vt -2499.21 102.138
f 166/566/100 165/567/100 192/568/100 191/569/100 

vt 1001.54 0
vn 0.879061 0 0.47671
vt 2571.78 0
v -18.0112 2.59431 -84.0776
vt 2571.78 102.138
vt 1001.54 102.138
f 165/570/101 164/571/101 193/572/101 192/573/101 

vt 2238.59 0
vn 0.48948 0 -0.872015
vt 2422.99 0
v -22.0953 2.59431 -86.3701
vt 2422.99 102.138
vt 2238.59 102.138
f 164/574/102 163/575/102 194/576/102 193/577/102 

vt 2614.25 0
vn 0.886959 0 0.461848
vt 2806.89 0
v -19.8355 2.59431 -90.7098
vt 2806.89 102.138
vt 2614.25 102.138
f 163/578/103 162/579/103 195/580/103 194/581/103 

vt 2477.08 0
vn 0.504861 0 -0.863201
vt 2610.2 0
vt 2610.2 102.138
vt 2477.08 102.138
f 162/582/104 161/583/104 179/584/104 195/585/104 

vt -895.83 3638.46
vt -1004.73 3442.23
vt -1166.36 3136.03
vt -1257.86 2959.61
vt -1063.75 2854.97
vt -1153.22 2681.59
vt -1129.46 2668.45
vt -1396.36 2171.05
vt -1641.77 2303.53
vt -1696.87 2202.39
vt -2062.88 2404.27
vt -2151.18 2239.16
vt -1793.3 2022.81
vt -1760.95 2079.43
vt -1457.65 1929.8
vt -709.101 3310.14
vt -869.893 3400.4
vt -780.927 3571.25
f 179/586/20 178/587/20 180/588/20 181/589/20 182/590/20 183/591/20 184/592/20 185/593/20 186/594/20 187/595/20 188/596/20 189/597/20 190/598/20 191/599/20 192/600/20 193/601/20 194/602/20 195/603/20 

g Mesh14 G_22_370496694399446 Model

v -302.376 0 -261.978
vt 11904.6 10314.1
v -310.274 0 -266.062
vt 12215.5 10474.9
v -306.357 0 -273.588
vt 12061.3 10771.2
v -303.456 0 -272.125
vt 11947.1 10713.6
v -302.993 0 -273.229
vt 11928.9 10757
v -293.492 0 -268.35
vt 11554.8 10565
v -298.117 0 -259.776
vt 11736.9 10227.4
f 196/604/1 197/605/1 198/606/1 199/607/1 200/608/1 201/609/1 202/610/1 

vt -15662.1 0
vn -0.459343 0 0.888259
vt -15312 0
v -302.376 3.5007 -261.978
vt -15312 137.823
v -310.274 3.5007 -266.062
vt -15662.1 137.823
f 197/611/105 196/612/105 203/613/105 204/614/105 

vt -15123.3 0
v -298.117 3.5007 -259.776
vt -15123.3 137.823
f 196/612/105 202/615/105 205/616/105 203/613/105 

vt 3428.94 0
vn 0.880111 0 0.474767
vt 3812.49 0
v -293.492 3.5007 -268.35
vt 3812.49 137.823
vt 3428.94 137.823
f 202/617/106 201/618/106 206/619/106 205/620/106 

vt 15104.9 0
vn 0.456805 0 -0.889567
vt 15525.4 0
v -302.993 3.5007 -273.229
vt 15525.4 137.823
vt 15104.9 137.823
f 201/621/107 200/622/107 207/623/107 206/624/107 

vt -5316.55 0
vn -0.922441 0 -0.386138
vt -5269.42 0
v -303.456 3.5007 -272.125
vt -5269.42 137.823
vt -5316.55 137.823
f 200/625/108 199/626/108 208/627/108 207/628/108 

vt 15491.9 0
vn 0.450371 0 -0.892841
vt 15619.9 0
v -306.357 3.5007 -273.588
vt 15619.9 137.823
vt 15491.9 137.823
f 199/629/109 198/630/109 209/631/109 208/632/109 

vt -3986.19 0
vn -0.88705 0 -0.461674
vt -3652.16 0
vt -3652.16 137.823
vt -3986.19 137.823
f 198/633/110 197/634/110 204/635/110 209/636/110 

vt -12215.5 10474.9
vt -11904.6 10314.1
vt -11736.9 10227.4
vt -11554.8 10565
vt -11928.9 10757
vt -11947.1 10713.6
vt -12061.3 10771.2
f 204/637/20 203/638/20 205/639/20 206/640/20 207/641/20 208/642/20 209/643/20 

g Mesh15 G_16_23536698585314 Model

v -298.936 0 -258.258
vt 11769.1 10167.6
v -301.684 0 -259.568
vt 11877.3 10219.2
v -307.461 0 -248.654
vt 12104.8 9789.54
v -316.809 0 -253.508
vt 12472.8 9980.61
v -316.071 0 -254.925
vt 12443.7 10036.4
v -308.075 0 -251.151
vt 12128.9 9887.85
f 202/610/1 210/644/1 211/645/1 212/646/1 213/647/1 214/648/1 215/649/1 196/604/1 

vt 3361.06 0
v -298.117 2.82812 -259.776
vt 3428.94 111.343
v -298.936 2.82812 -258.258
vt 3361.06 111.343
f 210/650/106 202/617/106 216/651/106 217/652/106 

vt 15123.3 0
vn 0.459343 0 -0.888259
vt 15312 0
v -302.376 2.82812 -261.978
vt 15312 111.343
vt 15123.3 111.343
f 202/653/111 196/654/111 218/655/111 216/656/111 

vt -3581.61 0
vn -0.884888 0 -0.465805
vt -3099.93 0
v -308.075 2.82812 -251.151
vt -3099.93 111.343
vt -3581.61 111.343
f 196/657/112 215/658/112 219/659/112 218/660/112 

vt 15189 0
vn 0.426825 0 -0.904334
vt 15537.1 0
v -316.071 2.82812 -254.925
vt 15537.1 111.343
vt 15189 111.343
f 215/661/113 214/662/113 220/663/113 219/664/113 

vt -3157.87 0
vt -3094.94 0
v -316.809 2.82812 -253.508
vt -3094.94 111.343
vt -3157.87 111.343
f 214/665/110 213/666/110 221/667/110 220/668/110 

vt -15668.8 0
vn -0.460815 0 0.887496
vt -15254.1 0
v -307.461 2.82812 -248.654
vt -15254.1 111.343
vt -15668.8 111.343
f 213/669/114 212/670/114 222/671/114 221/672/114 

vt 2988.19 0
vn 0.883788 0 0.467888
vt 3474.36 0
v -301.684 2.82812 -259.568
vt 3474.36 111.343
vt 2988.19 111.343
f 212/673/115 211/674/115 223/675/115 222/676/115 

vt -15118.6 0
vn -0.430261 0 0.902705
vt -14998.8 0
vt -14998.8 111.343
vt -15118.6 111.343
f 211/677/116 210/678/116 217/679/116 223/680/116 

vt -11769.1 10167.6
vt -12128.9 9887.85
vt -12443.7 10036.4
vt -12472.8 9980.61
vt -12104.8 9789.54
vt -11877.3 10219.2
f 217/681/20 216/639/20 218/638/20 219/682/20 220/683/20 221/684/20 222/685/20 223/686/20 

g Mesh16 G_26_740877682643138 Model

v -310.129 0 -243.503
vt 12209.8 9586.73
v -305.464 0 -241.079
vt 12026.1 9491.29
v -306.409 0 -239.281
vt 12063.3 9420.53
v -311.005 0 -241.811
vt 12244.3 9520.11
f 224/687/1 225/688/1 226/689/1 227/690/1 

vt 15047.7 0
vn 0.461058 0 -0.88737
vt 15254.6 0
v -310.129 3.12523 -243.503
vt 15254.6 123.041
v -305.464 3.12523 -241.079
vt 15047.7 123.041
f 225/691/117 224/692/117 228/693/117 229/694/117 

vt -2898.63 0
vn -0.888007 0 -0.459831
vt -2823.62 0
v -311.005 3.12523 -241.811
vt -2823.62 123.041
vt -2898.63 123.041
f 224/695/118 227/696/118 230/697/118 228/698/118 

vt -15317.1 0
vn -0.482107 0 0.876113
vt -15110.5 0
v -306.409 3.12523 -239.281
vt -15110.5 123.041
vt -15317.1 123.041
f 227/699/119 226/700/119 231/701/119 230/702/119 

vt 2724.17 0
vn 0.885111 0 0.465381
vt 2804.12 0
vt 2804.12 123.041
vt 2724.17 123.041
f 226/703/120 225/704/120 229/705/120 231/706/120 

vt -12026.1 9491.29
vt -12209.8 9586.73
vt -12244.3 9520.11
vt -12063.3 9420.53
f 229/707/20 228/708/20 230/709/20 231/710/20 

g Mesh17 G_31_363951224021697 Model

v -192.393 0 81.9531
vt 7574.54 -3226.5
v -190.54 0 68.0084
vt 7501.59 -2677.49
v -182.556 0 69.0882
vt 7187.25 -2720.01
v -184.046 0 82.8778
vt 7245.89 -3262.91
f 232/711/1 233/712/1 234/713/1 235/714/1 

vt 3642.35 0
vn -0.991286 0 -0.13173
vt 4196.18 0
v -192.393 4.77675 81.9531
vt 4196.18 188.061
v -190.54 4.77675 68.0084
vt 3642.35 188.061
f 233/715/121 232/716/121 236/717/121 237/718/121 

vt -7173.25 0
vn -0.110101 0 0.99392
vt -6842.59 0
v -184.046 4.77675 82.8778
vt -6842.59 188.061
vt -7173.25 188.061
f 232/719/122 235/720/122 238/721/122 236/722/122 

vt -4022.12 0
vn 0.994218 0 0.107383
vt -3476.07 0
v -182.556 4.77675 69.0882
vt -3476.07 188.061
vt -4022.12 188.061
f 235/723/123 234/724/123 239/725/123 238/726/123 

vt 6757.84 0
vn 0.134031 0 -0.990977
vt 7075.03 0
vt 7075.03 188.061
vt 6757.84 188.061
f 234/727/124 233/728/124 237/729/124 239/730/124 

vt -7501.59 -2677.49
vt -7574.54 -3226.5
vt -7245.89 -3262.91
vt -7187.25 -2720.01
f 237/731/20 236/732/20 238/733/20 239/734/20 

g Mesh18 G_31_549582439564954 Model

v -168.587 0 72.3527
vt 6637.28 -2848.53
v -169.389 0 72.1986
vt 6668.87 -2842.46
v -169.133 0 67.1045
vt 6658.76 -2641.91
v -177.645 0 65.9008
vt 6993.9 -2594.52
v -177.44 0 62.3315
vt 6985.81 -2454
v -178.422 0 62.2994
vt 7024.48 -2452.73
v -178.249 0 59.2307
vt 7017.66 -2331.92
v -176.194 0 59.3335
vt 6936.78 -2335.96
v -176.4 0 61.9014
vt 6944.87 -2437.06
v -169.389 0 62.6204
vt 6668.87 -2465.37
v -168.722 0 58.1266
vt 6642.59 -2288.45
v -158.052 0 59.6159
vt 6222.52 -2347.08
v -159.215 0 67.53
vt 6268.3 -2658.66
v -167.72 0 66.2315
vt 6603.16 -2607.54
f 240/735/1 241/736/1 242/737/1 243/738/1 244/739/1 245/740/1 246/741/1 247/742/1 248/743/1 249/744/1 250/745/1 251/746/1 252/747/1 253/748/1 

vt -6013.29 0
vn -0.188556 0 0.982062
vt -5981.11 0
v -168.587 3.61028 72.3527
vt -5981.11 142.137
v -169.389 3.61028 72.1986
vt -6013.29 142.137
f 241/749/125 240/750/125 254/751/125 255/752/125 

vt -3750.85 0
vn 0.990125 0 0.140186
vt -3507.46 0
v -167.72 3.61028 66.2315
vt -3507.46 142.137
vt -3750.85 142.137
f 240/753/126 253/754/126 256/755/126 254/756/126 

vt -6133.99 0
vn -0.150923 0 0.988546
vt -5795.25 0
v -159.215 3.61028 67.53
vt -5795.25 142.137
vt -6133.99 142.137
f 253/757/127 252/758/127 257/759/127 256/760/127 

vt -3541.63 0
vn 0.989378 0 0.145367
vt -3226.7 0
v -158.052 3.61028 59.6159
vt -3226.7 142.137
vt -3541.63 142.137
f 252/761/128 251/762/128 258/763/128 257/764/128 

vt 5838.29 0
vn 0.13825 0 -0.990397
vt 6262.42 0
v -168.722 3.61028 58.1266
vt 6262.42 142.137
vt 5838.29 142.137
f 251/765/129 250/766/129 259/767/129 258/768/129 

vt 3239.78 0
vn -0.989143 0 -0.146958
vt 3418.65 0
v -169.389 3.61028 62.6204
vt 3418.65 142.137
vt 3239.78 142.137
f 250/769/130 249/770/130 260/771/130 259/772/130 

vt 6382.53 0
vn 0.102029 0 -0.994781
vt 6659.98 0
v -176.4 3.61028 61.9014
vt 6659.98 142.137
vt 6382.53 142.137
f 249/773/131 248/774/131 261/775/131 260/776/131 

vt -2983.12 0
vn 0.996815 0 0.0797452
vt -2881.7 0
v -176.194 3.61028 59.3335
vt -2881.7 142.137
vt -2983.12 142.137
f 248/777/132 247/778/132 262/779/132 261/780/132 

vt 6811.47 0
vn 0.0499376 0 -0.998752
vt 6892.45 0
v -178.249 3.61028 59.2307
vt 6892.45 142.137
vt 6811.47 142.137
f 247/781/133 246/782/133 263/783/133 262/784/133 

vt 2723.97 0
vn -0.998409 0 -0.0563955
vt 2844.98 0
v -178.422 3.61028 62.2994
vt 2844.98 142.137
vt 2723.97 142.137
f 246/785/134 245/786/134 264/787/134 263/788/134 

vt -6940.62 0
vn -0.0326623 0 0.999466
vt -6901.93 0
v -177.44 3.61028 62.3315
vt -6901.93 142.137
vt -6940.62 142.137
f 245/789/135 244/790/135 265/791/135 264/792/135 

vt 2851.34 0
vn -0.998348 0 -0.0574589
vt 2992.1 0
v -177.645 3.61028 65.9008
vt 2992.1 142.137
vt 2851.34 142.137
f 244/793/136 243/794/136 266/795/136 265/796/136 

vt -6561.75 0
vn -0.14001 0 0.99015
vt -6223.28 0
v -169.133 3.61028 67.1045
vt -6223.28 142.137
vt -6561.75 142.137
f 243/797/137 242/798/137 267/799/137 266/800/137 

vt 2973.8 0
vn -0.998732 0 -0.0503457
vt 3174.61 0
vt 3174.61 142.137
vt 2973.8 142.137
f 242/801/138 241/802/138 255/803/138 267/804/138 

vt -6668.87 -2842.46
vt -6637.28 -2848.53
vt -6603.16 -2607.54
vt -6268.3 -2658.66
vt -6222.52 -2347.08
vt -6642.59 -2288.45
vt -6668.87 -2465.37
vt -6944.87 -2437.06
vt -6936.78 -2335.96
vt -7017.66 -2331.92
vt -7024.48 -2452.73
vt -6985.81 -2454
vt -6993.9 -2594.52
vt -6658.76 -2641.91
f 255/805/20 254/806/20 256/807/20 257/808/20 258/809/20 259/810/20 260/811/20 261/812/20 262/813/20 263/814/20 264/815/20 265/816/20 266/817/20 267/818/20 

g Mesh19 G_29_462846601835256 Model

v -147.273 0 -44.7366
vt 5798.17 1761.28
v -147.203 0 -45.982
vt 5795.39 1810.32
v -146.837 0 -49.821
vt 5780.98 1961.46
v -145.855 0 -49.6991
vt 5742.31 1956.66
v -145.665 0 -50.9012
vt 5734.85 2003.98
v -133.988 0 -49.1717
vt 5275.13 1935.89
v -134.589 0 -43.9288
vt 5298.77 1729.48
v -137.123 0 -44.0902
vt 5398.55 1735.83
v -144.77 0 -44.5772
vt 5699.6 1755.01
f 268/819/1 269/820/1 270/821/1 271/822/1 272/823/1 273/824/1 274/825/1 275/826/1 276/827/1 

vt -1479.34 0
vn -0.998396 0 -0.0566101
vt -1430.23 0
v -147.273 3.68577 -44.7366
vt -1430.23 145.109
v -147.203 3.68577 -45.982
vt -1479.34 145.109
f 269/828/139 268/829/139 277/830/139 278/831/139 

vt -5898.39 0
vn -0.0635594 0 0.997978
vt -5799.62 0
v -144.77 3.68577 -44.5772
vt -5799.62 145.109
vt -5898.39 145.109
f 268/832/140 276/833/140 279/834/140 277/835/140 

vt -5497.96 0
v -137.123 3.68577 -44.0902
vt -5497.96 145.109
f 276/833/140 275/836/140 280/837/140 279/834/140 

vn -0.0635596 0 0.997978
vt -5397.98 0
v -134.589 3.68577 -43.9288
vt -5397.98 145.109
f 275/836/141 274/838/141 281/839/141 280/837/141 

vt 1115.28 0
vn 0.993505 0 0.113793
vt 1323.05 0
v -133.988 3.68577 -49.1717
vt 1323.05 145.109
vt 1115.28 145.109
f 274/840/142 273/841/142 282/842/142 281/843/142 

vt 5501.83 0
vn 0.146511 0 -0.989209
vt 5966.57 0
v -145.665 3.68577 -50.9012
vt 5966.57 145.109
vt 5501.83 145.109
f 273/844/143 272/845/143 283/846/143 282/847/143 

vt -1087.09 0
vn -0.987816 0 -0.155624
vt -1039.18 0
v -145.855 3.68577 -49.6991
vt -1039.18 145.109
vt -1087.09 145.109
f 272/848/144 271/849/144 284/850/144 283/851/144 

vt 5939.67 0
vn 0.123236 0 -0.992377
vt 5978.64 0
v -146.837 3.68577 -49.821
vt 5978.64 145.109
vt 5939.67 145.109
f 271/852/145 270/853/145 285/854/145 284/855/145 

vt -1404.06 0
vn -0.995488 0 -0.0948877
vt -1252.24 0
vt -1252.24 145.109
vt -1404.06 145.109
f 270/856/146 269/857/146 278/858/146 285/859/146 

vt -5795.39 1810.32
vt -5798.17 1761.28
vt -5699.6 1755.01
vt -5398.55 1735.83
vt -5298.77 1729.48
vt -5275.13 1935.89
vt -5734.85 2003.98
vt -5742.31 1956.66
vt -5780.98 1961.46
f 278/860/20 277/861/20 279/862/20 280/863/20 281/864/20 282/865/20 283/866/20 284/867/20 285/868/20 

g Mesh20 G_26_021564876295326 Model

v -149.835 0 -37.7249
vt 5899.01 1485.23
v -144.597 0 -37.2066
vt 5692.8 1464.83
v -145.408 0 -29.9135
vt 5724.74 1177.7
v -148.413 0 -30.4656
vt 5843.03 1199.43
v -149.543 0 -30.5314
vt 5887.51 1202.02
v -149.491 0 -31.7126
vt 5885.49 1248.53
v -150.399 0 -31.8054
vt 5921.24 1252.18
f 286/869/1 287/870/1 288/871/1 289/872/1 290/873/1 291/874/1 292/875/1 

vt 5809.38 0
vn 0.0984746 0 -0.99514
vt 6016.6 0
v -149.835 3.67191 -37.7249
vt 6016.6 144.563
v -144.597 3.67191 -37.2066
vt 5809.38 144.563
f 287/876/147 286/877/147 293/878/147 294/879/147 

vt -918.485 0
vn -0.995483 0 -0.0949376
vt -684.377 0
v -150.399 3.67191 -31.8054
vt -684.377 144.563
vt -918.485 144.563
f 286/880/148 292/881/148 295/882/148 293/883/148 

vt -6017.86 0
vn -0.10166 0 0.994819
vt -5981.92 0
v -149.491 3.67191 -31.7126
vt -5981.92 144.563
vt -6017.86 144.563
f 292/884/149 291/885/149 296/886/149 295/887/149 

vt -991.7 0
vn -0.999056 0 -0.0434372
vt -945.151 0
v -149.543 3.67191 -30.5314
vt -945.151 144.563
vt -991.7 144.563
f 291/888/150 290/889/150 297/890/150 296/891/150 

vt -5947.44 0
vn -0.0581401 0 0.998308
vt -5902.88 0
v -148.413 3.67191 -30.4656
vt -5902.88 144.563
vt -5947.44 144.563
f 290/892/151 289/893/151 298/894/151 297/895/151 

vt -5963.58 0
vn -0.180735 0 0.983532
vt -5843.32 0
v -145.408 3.67191 -29.9135
vt -5843.32 144.563
vt -5963.58 144.563
f 289/896/152 288/897/152 299/898/152 298/899/152 

vt 537.531 0
vn 0.993869 0 0.110563
vt 826.432 0
vt 826.432 144.563
vt 537.531 144.563
f 288/900/153 287/901/153 294/902/153 299/903/153 

vt -5692.8 1464.83
vt -5899.01 1485.23
vt -5921.24 1252.18
vt -5885.49 1248.53
vt -5887.51 1202.02
vt -5843.03 1199.43
vt -5724.74 1177.7
f 294/904/20 293/905/20 295/906/20 296/907/20 297/908/20 298/909/20 299/910/20 

g Mesh21 G_28_28749954928046 Model

f 214/648/1 197/605/1 196/604/1 215/649/1 

v -316.071 4.13868 -254.925
vt -3157.87 162.94
v -310.274 4.13868 -266.062
vt -3652.16 162.94
f 197/634/110 214/665/110 300/911/110 301/912/110 

vt -15537.1 0
vn -0.426825 0 0.904334
vt -15189 0
v -308.075 4.13868 -251.151
vt -15189 162.94
vt -15537.1 162.94
f 214/913/154 215/914/154 302/915/154 300/916/154 

vt 3099.93 0
vn 0.884888 0 0.465805
vt 3581.61 0
v -302.376 4.13868 -261.978
vt 3581.61 162.94
vt 3099.93 162.94
f 215/917/155 196/918/155 303/919/155 302/920/155 

vt 15662.1 0
vt 15662.1 162.94
vt 15312 162.94
f 196/654/111 197/921/111 301/922/111 303/923/111 

f 301/637/20 300/683/20 302/682/20 303/638/20 

g Mesh22 G_31_780721033659383 Model

v -296.985 0 -257.205
vt 11692.3 10126.2
f 224/687/1 212/646/1 211/645/1 210/644/1 304/924/1 225/688/1 

vt -3127.02 0
v -310.129 1.87304 -243.503
vt -2898.63 73.7418
v -307.461 1.87304 -248.654
vt -3127.02 73.7418
f 212/925/118 224/695/118 305/926/118 306/927/118 

vt -15254.6 0
vn -0.461058 0 0.88737
vt -15047.7 0
v -305.464 1.87304 -241.079
vt -15047.7 73.7418
vt -15254.6 73.7418
f 224/928/156 225/929/156 307/930/156 305/931/156 

vt 3521.43 0
v -296.985 1.87304 -257.205
vt 3521.43 73.7418
vt 2804.12 73.7418
f 225/704/120 304/932/120 308/933/120 307/934/120 

vt 15098.2 0
vn 0.47479 0 -0.880099
vt 15185.5 0
v -298.936 1.87304 -258.258
vt 15185.5 73.7418
vt 15098.2 73.7418
f 304/935/157 210/936/157 309/937/157 308/938/157 

vt 14998.8 0
vn 0.430261 0 -0.902705
vt 15118.6 0
v -301.684 1.87304 -259.568
vt 15118.6 73.7418
vt 14998.8 73.7418
f 210/939/158 211/940/158 310/941/158 309/942/158 

vt -3474.36 0
vn -0.883788 0 -0.467888
vt -2988.19 0
vt -2988.19 73.7418
vt -3474.36 73.7418
f 211/943/159 212/944/159 306/945/159 310/946/159 

vt -11692.3 10126.2
f 306/685/20 305/708/20 307/707/20 308/947/20 309/681/20 310/686/20 

g Mesh23 G_29_844828665338962 Model

v -244.83 0 -209.666
vt 9638.97 8254.56
v -241.053 0 -216.774
vt 9490.26 8534.41
v -248.166 0 -220.677
vt 9770.3 8688.07
v -250.888 0 -222.423
vt 9877.47 8756.82
v -256.444 0 -212.781
vt 10096.2 8377.2
v -257.818 0 -213.667
vt 10150.3 8412.08
v -255.266 0 -218.854
vt 10049.8 8616.29
v -255.707 0 -219.1
vt 10067.2 8626
v -253.327 0 -223.643
vt 9973.51 8804.84
v -254.467 0 -224.131
vt 10018.4 8824.05
v -250.564 0 -230.987
vt 9864.7 9093.98
v -250.204 0 -230.705
vt 9850.55 9082.86
v -248.638 0 -233.093
vt 9788.88 9176.88
v -245.043 0 -231.141
vt 9647.34 9100.05
v -247.919 0 -225.826
vt 9760.57 8890.78
v -236.594 0 -219.188
vt 9314.73 8629.44
v -239.316 0 -214.488
vt 9421.9 8444.43
v -237.673 0 -213.615
vt 9357.19 8410.05
v -239.316 0 -210.611
vt 9421.9 8291.77
v -242.398 0 -212.306
vt 9543.21 8358.49
v -244.041 0 -209.147
vt 9607.92 8234.14
f 311/948/1 312/949/1 313/950/1 314/951/1 315/952/1 316/953/1 317/954/1 318/955/1 319/956/1 320/957/1 321/958/1 322/959/1 323/960/1 324/961/1 325/962/1 326/963/1 327/964/1 328/965/1 329/966/1 330/967/1 331/968/1 

vt -3083.15 0
vn -0.883066 0 -0.469248
vt -2766.25 0
v -244.83 3.05505 -209.666
vt -2766.25 120.278
v -241.053 3.05505 -216.774
vt -3083.15 120.278
f 312/969/160 311/970/160 332/971/160 333/972/160 

vt -12588.7 0
vn -0.549244 0 0.835662
vt -12551.5 0
v -244.041 3.05505 -209.147
vt -12551.5 120.278
vt -12588.7 120.278
f 311/973/161 331/974/161 334/975/161 332/976/161 

vt 2869.68 0
vn 0.887099 0 0.46158
vt 3009.86 0
v -242.398 3.05505 -212.306
vt 3009.86 120.278
vt 2869.68 120.278
f 331/977/162 330/978/162 335/979/162 334/980/162 

vt -12390 0
vn -0.481919 0 0.876216
vt -12251.6 0
v -239.316 3.05505 -210.611
vt -12251.6 120.278
vt -12390 120.278
f 330/981/163 329/982/163 336/983/163 335/984/163 

vt 2752.96 0
vn 0.877322 0 0.479903
vt 2887.78 0
v -237.673 3.05505 -213.615
vt 2887.78 120.278
vt 2752.96 120.278
f 329/985/164 328/986/164 337/987/164 336/988/164 

vt 12209.1 0
vn 0.469155 0 -0.883116
vt 12282.4 0
v -239.316 3.05505 -214.488
vt 12282.4 120.278
vt 12209.1 120.278
f 328/989/165 327/990/165 338/991/165 337/992/165 

vt 2584.65 0
vn 0.865318 0 0.501223
vt 2798.46 0
v -236.594 3.05505 -219.188
vt 2798.46 120.278
vt 2584.65 120.278
f 327/993/166 326/994/166 339/995/166 338/996/166 

vt 12399.8 0
vn 0.505694 0 -0.862713
vt 12916.6 0
v -247.919 3.05505 -225.826
vt 12916.6 120.278
vt 12399.8 120.278
f 326/997/167 325/998/167 340/999/167 339/1000/167 

vt 3174.78 0
vn 0.879514 0 0.475872
vt 3412.72 0
v -245.043 3.05505 -231.141
vt 3412.72 120.278
vt 3174.78 120.278
f 325/1001/168 324/1002/168 341/1003/168 340/1004/168 

vt 12820.2 0
vn 0.477092 0 -0.878853
vt 12981.2 0
v -248.638 3.05505 -233.093
vt 12981.2 120.278
vt 12820.2 120.278
f 324/1005/169 323/1006/169 342/1007/169 341/1008/169 

vt -2304.69 0
vn -0.836177 0 -0.54846
vt -2192.24 0
v -250.204 3.05505 -230.705
vt -2192.24 120.278
vt -2304.69 120.278
f 323/1009/170 322/1010/170 343/1011/170 342/1012/170 

vt 13357.3 0
vn 0.617822 0 -0.786318
vt 13375.3 0
v -250.564 3.05505 -230.987
vt 13375.3 120.278
vt 13357.3 120.278
f 322/1013/171 321/1014/171 344/1015/171 343/1016/171 

vt -3022.64 0
vn -0.869043 0 -0.494736
vt -2712.03 0
v -254.467 3.05505 -224.131
vt -2712.03 120.278
vt -3022.64 120.278
f 321/1017/172 320/1018/172 345/1019/172 344/1020/172 

vt -12682.9 0
vn -0.393607 0 0.919279
vt -12634.1 0
v -253.327 3.05505 -223.643
vt -12634.1 120.278
vt -12682.9 120.278
f 320/1021/173 319/1022/173 346/1023/173 345/1024/173 

vt -3171.69 0
vn -0.885827 0 -0.464016
vt -2969.8 0
v -255.707 3.05505 -219.1
vt -2969.8 120.278
vt -3171.69 120.278
f 319/1025/174 318/1026/174 347/1027/174 346/1028/174 

vt -12997.2 0
vn -0.4882 0 0.872732
vt -12977.3 0
v -255.266 3.05505 -218.854
vt -12977.3 120.278
vt -12997.2 120.278
f 318/1029/175 317/1030/175 348/1031/175 347/1032/175 

vt -3295.07 0
vn -0.897296 0 -0.44143
vt -3067.48 0
v -257.818 3.05505 -213.667
vt -3067.48 120.278
vt -3295.07 120.278
f 317/1033/176 316/1034/176 349/1035/176 348/1036/176 

vt -13089.3 0
vn -0.541948 0 0.840412
vt -13025 0
v -256.444 3.05505 -212.781
vt -13025 120.278
vt -13089.3 120.278
f 316/1037/177 315/1038/177 350/1039/177 349/1040/177 

vt 2217.61 0
vn 0.866445 0 0.499273
vt 2655.75 0
v -250.888 3.05505 -222.423
vt 2655.75 120.278
vt 2217.61 120.278
f 315/1041/178 314/1042/178 351/1043/178 350/1044/178 

vt -13042.1 0
vn -0.539955 0 0.841694
vt -12914.8 0
v -248.166 3.05505 -220.677
vt -12914.8 120.278
vt -13042.1 120.278
f 314/1045/179 313/1046/179 352/1047/179 351/1048/179 

vt -12745 0
vn -0.481068 0 0.876683
vt -12425.6 0
vt -12425.6 120.278
vt -12745 120.278
f 313/1049/180 312/1050/180 333/1051/180 352/1052/180 

vt -9490.26 8534.41
vt -9638.97 8254.56
vt -9607.92 8234.14
vt -9543.21 8358.49
vt -9421.9 8291.77
vt -9357.19 8410.05
vt -9421.9 8444.43
vt -9314.73 8629.44
vt -9760.57 8890.78
vt -9647.34 9100.05
vt -9788.88 9176.88
vt -9850.55 9082.86
vt -9864.7 9093.98
vt -10018.4 8824.05
vt -9973.51 8804.84
vt -10067.2 8626
vt -10049.8 8616.29
vt -10150.3 8412.08
vt -10096.2 8377.2
vt -9877.47 8756.82
vt -9770.3 8688.07
f 333/1053/20 332/1054/20 334/1055/20 335/1056/20 336/1057/20 337/1058/20 338/1059/20 339/1060/20 340/1061/20 341/1062/20 342/1063/20 343/1064/20 344/1065/20 345/1066/20 346/1067/20 347/1068/20 348/1069/20 349/1070/20 350/1071/20 351/1072/20 352/1073/20 

g Mesh24 Group5 G_28_72014228749372 Model

v -194.836 4.32853 -193.694
vt 7670.71 7625.74
v -203.211 4.32853 -176.73
vt 8000.42 6957.88
v -211.278 4.32853 -180.708
vt 8318.03 7114.48
v -205.59 4.32853 -191.891
vt 8094.1 7554.77
v -207.131 4.32853 -192.652
vt 8154.76 7584.72
v -207.721 4.32853 -192.973
vt 8178.01 7597.35
v -204.794 4.32853 -198.673
vt 8062.76 7821.79
v -204.126 4.32853 -198.134
vt 8036.47 7800.56
f 353/1074/1 354/1075/1 355/1076/1 356/1077/1 357/1078/1 358/1079/1 359/1080/1 360/1081/1 

g Mesh25 G_28_72014228749372 Model

v -194.836 0 -193.694
v -203.211 0 -176.73
v -211.278 0 -180.708
v -205.59 0 -191.891
v -207.131 0 -192.652
v -207.721 0 -192.973
v -204.794 0 -198.673
v -204.126 0 -198.134
f 361/1074/1 362/1075/1 363/1076/1 364/1077/1 365/1078/1 366/1079/1 367/1080/1 368/1081/1 

vt 2697.41 0
vn 0.896682 0 0.442675
vt 3442.23 0
vt 3442.23 170.414
vt 2697.41 170.414
f 362/1082/181 361/1083/181 353/1084/181 354/1085/181 

vt 10209.3 0
vn 0.431228 0 -0.902243
vt 10614.7 0
vt 10614.7 170.414
vt 10209.3 170.414
f 361/1086/182 368/1087/182 360/1088/182 353/1089/182 

vt 11153.3 0
vn 0.628337 0 -0.777941
vt 11187.1 0
vt 11187.1 170.414
vt 11153.3 170.414
f 368/1090/183 367/1091/183 359/1092/183 360/1093/183 

vt -3274.9 0
vn -0.889567 0 -0.456805
vt -3022.6 0
vt -3022.6 170.414
vt -3274.9 170.414
f 367/1094/184 366/1095/184 358/1096/184 359/1097/184 

vt -10813.2 0
vn -0.477513 0 0.878625
vt -10786.8 0
vt -10786.8 170.414
vt -10813.2 170.414
f 366/1098/185 365/1099/185 357/1100/185 358/1101/185 

vt -10670 0
vn -0.442725 0 0.896658
vt -10602.3 0
vt -10602.3 170.414
vt -10670 170.414
f 365/1102/186 364/1103/186 356/1104/186 357/1105/186 

vt -3064.43 0
vn -0.891336 0 -0.453343
vt -2570.47 0
vt -2570.47 170.414
vt -3064.43 170.414
f 364/1106/187 363/1107/187 355/1108/187 356/1109/187 

vt -10606.7 0
vn -0.442238 0 0.896898
vt -10252.6 0
vt -10252.6 170.414
vt -10606.7 170.414
f 363/1110/188 362/1111/188 354/1112/188 355/1113/188 

vt -8000.42 6957.88
vt -7670.71 7625.74
vt -8036.47 7800.56
vt -8062.76 7821.79
vt -8178.01 7597.35
vt -8154.76 7584.72
vt -8094.1 7554.77
vt -8318.03 7114.48
f 354/1114/20 353/1115/20 360/1116/20 359/1117/20 358/1118/20 357/1119/20 356/1120/20 355/1121/20 

g Mesh26 G_36_7853020609425 Model

v -240.343 0 -207.196
vt 9462.33 8157.31
v -245.351 0 -197.361
vt 9659.48 7770.1
v -245.851 0 -197.656
vt 9679.19 7781.73
v -246.898 0 -195.762
vt 9720.39 7707.17
v -250.506 0 -198.24
vt 9862.43 7804.73
v -249.613 0 -199.954
vt 9827.3 7872.21
v -249.986 0 -200.121
vt 9841.96 7878.79
v -248.933 0 -201.944
vt 9800.51 7950.56
f 311/948/1 331/968/1 369/1122/1 370/1123/1 371/1124/1 372/1125/1 373/1126/1 374/1127/1 375/1128/1 376/1129/1 

vt 12551.5 0
vn 0.549244 0 -0.835662
vt 12588.7 0
v -244.83 3.79923 -209.666
vt 12588.7 149.576
v -244.041 3.79923 -209.147
vt 12551.5 149.576
f 331/1130/189 311/1131/189 377/1132/189 378/1133/189 

vt -2422 0
v -248.933 3.79923 -201.944
vt -2422 149.576
vt -2766.25 149.576
f 311/970/160 376/1134/160 379/1135/160 377/1136/160 

vt -1984.07 0
vn -0.865982 0 -0.500074
vt -1901.18 0
v -249.986 3.79923 -200.121
vt -1901.18 149.576
vt -1984.07 149.576
f 376/1137/190 375/1138/190 380/1139/190 379/1140/190 

vt -12203.7 0
vn -0.409056 0 0.912509
vt -12187.7 0
v -249.613 3.79923 -199.954
vt -12187.7 149.576
vt -12203.7 149.576
f 375/1141/191 374/1142/191 381/1143/191 380/1144/191 

vt -2444.68 0
vn -0.886999 0 -0.461771
vt -2368.6 0
v -250.506 3.79923 -198.24
vt -2368.6 149.576
vt -2444.68 149.576
f 374/1145/192 373/1146/192 382/1147/192 381/1148/192 

vt -12548.3 0
vn -0.566155 0 0.824299
vt -12376 0
v -246.898 3.79923 -195.762
vt -12376 149.576
vt -12548.3 149.576
f 373/1149/193 372/1150/193 383/1151/193 382/1152/193 

vt 2044.86 0
vn 0.875275 0 0.483626
vt 2130.04 0
v -245.851 3.79923 -197.656
vt 2130.04 149.576
vt 2044.86 149.576
f 372/1153/194 371/1154/194 384/1155/194 383/1156/194 

vt -12290.3 0
vn -0.507985 0 0.861366
vt -12267.4 0
v -245.351 3.79923 -197.361
vt -12267.4 149.576
vt -12290.3 149.576
f 371/1157/195 370/1158/195 385/1159/195 384/1160/195 

vt 2541.63 0
vn 0.891146 0 0.453717
vt 2976.14 0
v -240.343 3.79923 -207.196
vt 2976.14 149.576
vt 2541.63 149.576
f 370/1161/196 369/1162/196 386/1163/196 385/1164/196 

vt 12175.8 0
vn 0.466759 0 -0.884385
vt 12340.5 0
vt 12340.5 149.576
vt 12175.8 149.576
f 369/1165/197 331/1166/197 378/1167/197 386/1168/197 

vt -9841.96 7878.79
vt -9827.3 7872.21
vt -9862.43 7804.73
vt -9720.39 7707.17
vt -9679.19 7781.73
vt -9659.48 7770.1
vt -9462.33 8157.31
vt -9800.51 7950.56
f 380/1169/20 381/1170/20 382/1171/20 383/1172/20 384/1173/20 385/1174/20 386/1175/20 378/1055/20 377/1054/20 379/1176/20 

g Mesh27 G_11_957510834706348 Model

v -232.014 0 -188.415
vt 9134.4 7417.9
v -226.194 0 -196.517
vt 8905.29 7736.87
v -224.207 0 -195.887
vt 8827.06 7712.1
v -216.504 0 -193.499
vt 8523.77 7618.08
v -222.333 0 -179.684
vt 8753.26 7074.17
v -232.81 0 -187.157
vt 9165.74 7368.37
f 387/1177/1 388/1178/1 389/1179/1 390/1180/1 391/1181/1 392/1182/1 

vt -1088.54 0
vn -0.812191 0 -0.583392
vt -695.817 0
v -232.014 4.75494 -188.415
vt -695.817 187.203
v -226.194 4.75494 -196.517
vt -1088.54 187.203
f 388/1183/198 387/1184/198 393/1185/198 394/1186/198 

vt -1385.08 0
vn -0.845079 0 -0.534642
vt -1326.46 0
v -232.81 4.75494 -187.157
vt -1326.46 187.203
vt -1385.08 187.203
f 387/1187/199 392/1188/199 395/1189/199 393/1190/199 

vt -11740.8 0
vn -0.580672 0 0.814138
vt -11234.1 0
v -222.333 4.75494 -179.684
vt -11234.1 187.203
vt -11740.8 187.203
f 392/1191/200 391/1192/200 396/1193/200 395/1194/200 

vt 3114.96 0
vn 0.921345 0 0.388746
vt 3705.3 0
v -216.504 4.75494 -193.499
vt 3705.3 187.203
vt 3114.96 187.203
f 391/1195/201 390/1196/201 397/1197/201 396/1198/201 

vt 10397.2 0
vn 0.296099 0 -0.955157
vt 10714.8 0
v -224.207 4.75494 -195.887
vt 10714.8 187.203
vt 10397.2 187.203
f 390/1199/202 389/1200/202 398/1201/202 397/1202/202 

vt 10743.4 0
vn 0.301892 0 -0.953342
vt 10825.5 0
vt 10825.5 187.203
vt 10743.4 187.203
f 389/1203/203 388/1204/203 394/1205/203 398/1206/203 

vt -8905.29 7736.87
vt -9134.4 7417.9
vt -9165.74 7368.37
vt -8753.26 7074.17
vt -8523.77 7618.08
vt -8827.06 7712.1
f 394/1207/20 393/1208/20 395/1209/20 396/1210/20 397/1211/20 398/1212/20 

g Mesh28 G_22_047992069597065 Model

v -233.94 0 -190.135
vt 9210.22 7485.64
v -228.83 0 -197.351
vt 9009.04 7769.73
f 388/1178/1 387/1177/1 399/1213/1 400/1214/1 

vt 695.817 0
vn 0.812191 0 0.583392
vt 1088.54 0
v -226.194 4.06139 -196.517
vt 1088.54 159.897
v -232.014 4.06139 -188.415
vt 695.817 159.897
f 387/1215/204 388/1216/204 401/1217/204 402/1218/204 

vt 10934.3 0
v -228.83 4.06139 -197.351
vt 10934.3 159.897
vt 10825.5 159.897
f 388/1204/203 400/1219/203 403/1220/203 401/1221/203 

vt -1134.08 0
vn -0.816082 0 -0.577937
vt -785.967 0
v -233.94 4.06139 -190.135
vt -785.967 159.897
vt -1134.08 159.897
f 400/1222/205 399/1223/205 404/1224/205 403/1225/205 

vt -11855.7 0
vn -0.666213 0 0.745761
vt -11754 0
vt -11754 159.897
vt -11855.7 159.897
f 399/1226/206 387/1227/206 402/1228/206 404/1229/206 

vt -9009.04 7769.73
vt -9210.22 7485.64
f 402/1208/20 401/1207/20 403/1230/20 404/1231/20 

g Mesh29 G_15_208219784099859 Model

v -218.185 0 -225.264
vt 8589.95 8868.65
v -206.208 0 -222.678
vt 8118.41 8766.86
v -207.092 0 -219.294
vt 8153.24 8633.61
v -218.956 0 -222.221
vt 8620.32 8748.86
f 405/1232/1 406/1233/1 407/1234/1 408/1235/1 

vt 9785.54 0
vn 0.211015 0 -0.977483
vt 10267.9 0
v -218.185 3.16338 -225.264
vt 10267.9 124.543
v -206.208 3.16338 -222.678
vt 9785.54 124.543
f 406/1236/207 405/1237/207 409/1238/207 410/1239/207 

vt -6485.74 0
vn -0.969334 0 -0.245747
vt -6362.15 0
v -218.956 3.16338 -222.221
vt -6362.15 124.543
vt -6485.74 124.543
f 405/1240/208 408/1241/208 411/1242/208 409/1243/208 

vt -10465.2 0
vn -0.239568 0 0.97088
vt -9984.15 0
v -207.092 3.16338 -219.294
vt -9984.15 124.543
vt -10465.2 124.543
f 408/1244/209 407/1245/209 412/1246/209 411/1247/209 

vt 6290.61 0
vn 0.967483 0 0.252937
vt 6428.34 0
vt 6428.34 124.543
vt 6290.61 124.543
f 407/1248/210 406/1249/210 410/1250/210 412/1251/210 

vt -8118.41 8766.86
vt -8589.95 8868.65
vt -8620.32 8748.86
vt -8153.24 8633.61
f 410/1252/20 409/1253/20 411/1254/20 412/1255/20 

g Mesh30 Group7 Group6 G_27_312243775914677 Model

v -213.401 4.91816 -234.245
vt 9009.5 -7578.51
vn 0.031212 0.888519 -0.457777
v -212.999 3.66347 -236.653
vt 9000.12 -7686.17
v -215.258 3.66347 -236.807
vt 9089.3 -7686.17
f 413/1256/211 414/1257/211 415/1258/211

vt 10522.3 -5986.87
vn 0.119458 0.888519 -0.443016
vt 10512.9 -5879.22
v -212.056 5.88327 -231.946
vt 10438.2 -5796.41
v -206.463 3.66347 -234.89
vt 10255.8 -5986.87
f 414/1259/212 413/1260/212 416/1261/212 417/1262/212 

v -218.185 3.66347 -225.264
vt -6485.74 -9268.58
vn -0.444769 0.888519 -0.112758
v -211.697 6.40042 -229.285
vt -6701.98 -9033.74
v -212.465 5.85041 -230.593
vt -6744.44 -9080.93
vt -6800.06 -9078.11
vt -6874.75 -9160.92
vt -6954.56 -9268.58
f 418/1263/213 419/1264/213 420/1265/213 416/1266/213 413/1267/213 415/1268/213 

v -206.208 3.66347 -222.678
vt -9785.54 6158.18
vn -0.096822 0.888519 0.448508
v -210.021 6.37891 -228.881
vt -9983.82 6391.17
vt -10051.7 6393.02
vt -10267.9 6158.18
f 421/1269/214 422/1270/214 419/1271/214 418/1272/214 

v -205.038 3.66347 -227.151
vt 6610.37 9015.24
vn 0.443919 0.888519 0.116057
v -207.028 5.11102 -230.623
vt 6722.78 9139.44
vt 6626.63 9248.23
vt 6428.34 9015.24
f 423/1273/215 424/1274/215 422/1275/215 421/1276/215 

v -204.216 3.66347 -226.92
vt -10158.5 5773.49
vn -0.124229 0.888519 0.441702
v -206.178 5.11403 -230.39
vt -10269.9 5897.96
vt -10304.6 5897.7
vt -10192.1 5773.49
f 425/1277/216 426/1278/216 424/1279/216 423/1280/216 

vt 6602 9178.62
vn 0.442517 0.888519 0.121295
vt 6490.67 9054.16
v -202.721 3.66347 -232.374
vt 6713.32 9054.16
f 426/1281/217 425/1282/217 427/1283/217

v -206.951 3.66347 -233.504
vt 10243.5 -5957.95
vn 0.11837 0.888519 -0.443308
vt 10423.7 -5770.3
vt 10381.2 -5723.11
vt 10313.3 -5724.95
vt 10217.1 -5833.74
vt 10182.5 -5833.49
vt 10071.1 -5957.95
f 428/1284/218 420/1285/218 419/1286/218 422/1287/218 424/1288/218 426/1289/218 427/1290/218 

vt 6025.53 9606.25
vn 0.432829 0.888519 0.152292
vt 5843.12 9796.71
vt 5787.5 9793.89
vt 5967.66 9606.25
f 417/1291/219 416/1292/219 420/1293/219 428/1294/219 

g Mesh31 Group6 G_27_312243775914677 Model

vt 8474.73 9323.1
vt 8385.77 9317.03
vt 8128.47 9247.65
vt 8147.68 9193.06
vt 7981.16 9148.59
vt 8040.01 8933.87
vt 8072.36 8942.97
f 421/1233/1 418/1232/1 415/1295/1 414/1296/1 417/1297/1 428/1298/1 427/1299/1 425/1300/1 423/1301/1 

g Mesh32 G_27_312243775914677 Model

v -215.258 0 -236.807
v -212.999 0 -236.653
v -206.463 0 -234.89
v -206.951 0 -233.504
v -202.721 0 -232.374
v -204.216 0 -226.92
v -205.038 0 -227.151
f 406/1233/1 405/1232/1 429/1295/1 430/1296/1 431/1297/1 432/1298/1 433/1299/1 434/1300/1 435/1301/1 

vt -10267.9 0
vn -0.211015 0 0.977483
vt -9785.54 0
vt -9785.54 144.231
vt -10267.9 144.231
f 405/1302/220 406/1303/220 421/1304/220 418/1305/220 

vt 6610.37 0
vt 6610.37 144.231
vt 6428.34 144.231
f 406/1249/210 435/1306/210 423/1307/210 421/1308/210 

vt -10192.1 0
vn -0.270746 0 0.962651
vt -10158.5 0
vt -10158.5 144.231
vt -10192.1 144.231
f 435/1309/221 434/1310/221 425/1311/221 423/1312/221 

vt 6490.67 0
vn 0.964426 0 0.264351
vt 6713.32 0
vt 6713.32 144.231
vt 6490.67 144.231
f 434/1313/222 433/1314/222 427/1315/222 425/1316/222 

vt 10071.1 0
vn 0.257977 0 -0.966151
vt 10243.5 0
vt 10243.5 144.231
vt 10071.1 144.231
f 433/1317/223 432/1318/223 428/1319/223 427/1320/223 

vt 5967.66 0
vn 0.943312 0 0.331906
vt 6025.53 0
vt 6025.53 144.231
vt 5967.66 144.231
f 432/1321/224 431/1322/224 417/1323/224 428/1324/224 

vt 10255.8 0
vn 0.260348 0 -0.965515
vt 10522.3 0
vt 10522.3 144.231
vt 10255.8 144.231
f 431/1325/225 430/1326/225 414/1327/225 417/1328/225 

vt 9000.12 0
vn 0.0680239 0 -0.997684
vt 9089.3 0
vt 9089.3 144.231
vt 9000.12 144.231
f 430/1329/226 429/1330/226 415/1331/226 414/1332/226 

vt -6954.56 0
vt -6485.74 144.231
vt -6954.56 144.231
f 429/1333/208 405/1240/208 418/1334/208 415/1335/208 

vt -8072.36 8942.97
vt -8040.01 8933.87
vt -7981.16 9148.59
vt -8147.68 9193.06
vt -8128.47 9247.65
vt -8385.77 9317.03
vt -8474.73 9323.1
f 418/1253/20 421/1252/20 423/1336/20 425/1337/20 427/1338/20 428/1339/20 417/1340/20 414/1341/20 415/1342/20 

g Mesh33 G_17_85054993147509 Model

v -200.636 0 -241.514
vt 7899.06 9508.44
v -197.824 0 -250.027
vt 7788.35 9843.58
v -192.314 0 -248.388
vt 7571.42 9779.05
v -194.933 0 -239.888
vt 7674.54 9444.41
f 436/1343/1 437/1344/1 438/1345/1 439/1346/1 

vt -6903.54 0
vn -0.949524 0 -0.313695
vt -6550.59 0
v -200.636 3.41053 -241.514
vt -6550.59 134.273
v -197.824 3.41053 -250.027
vt -6903.54 134.273
f 437/1347/227 436/1348/227 440/1349/227 441/1350/227 

vt -10203.9 0
vn -0.274248 0 0.961659
vt -9970.4 0
v -194.933 3.41053 -239.888
vt -9970.4 134.273
vt -10203.9 134.273
f 436/1351/228 439/1352/228 442/1353/228 440/1354/228 

vt 6765.5 0
vn 0.955654 0 0.294492
vt 7115.67 0
v -192.314 3.41053 -248.388
vt 7115.67 134.273
vt 6765.5 134.273
f 439/1355/229 438/1356/229 443/1357/229 442/1358/229 

vt 10045.4 0
vn 0.285121 0 -0.958492
vt 10271.7 0
vt 10271.7 134.273
vt 10045.4 134.273
f 438/1359/230 437/1360/230 441/1361/230 443/1362/230 

vt -7788.35 9843.58
vt -7899.06 9508.44
vt -7674.54 9444.41
vt -7571.42 9779.05
f 441/1363/20 440/1364/20 442/1365/20 443/1366/20 

g Mesh34 Group8 G_35_18413578928996 Model

v -173.735 5.36695 -245.858
vt 6839.98 9679.47
v -187.796 5.36695 -249.726
vt 7393.53 9831.73
v -187.73 5.36695 -249.941
vt 7390.96 9840.21
v -188.552 5.36695 -250.044
vt 7423.32 9844.26
v -185.034 5.36695 -259.828
vt 7284.81 10229.4
v -168.548 5.36695 -255.154
vt 6635.76 10045.4
v -171.63 5.36695 -245.294
vt 6757.08 9657.22
f 444/1367/1 445/1368/1 446/1369/1 447/1370/1 448/1371/1 449/1372/1 450/1373/1 

g Mesh35 G_35_18413578928996 Model

v -173.735 0 -245.858
v -187.796 0 -249.726
v -187.73 0 -249.941
v -188.552 0 -250.044
v -185.034 0 -259.828
v -168.548 0 -255.154
v -171.63 0 -245.294
f 451/1367/1 452/1368/1 453/1369/1 454/1370/1 455/1371/1 456/1372/1 457/1373/1 

vt -9736.31 0
vn -0.265217 0 0.964189
vt -9162.19 0
vt -9162.19 211.297
vt -9736.31 211.297
f 452/1374/231 451/1375/231 444/1376/231 445/1377/231 

vt -9114.57 0
vn -0.259129 0 0.965843
vt -9028.74 0
vt -9028.74 211.297
vt -9114.57 211.297
f 451/1378/232 457/1379/232 450/1380/232 444/1381/232 

vt 7202.16 0
vn 0.95448 0 0.298275
vt 7608.89 0
vt 7608.89 211.297
vt 7202.16 211.297
f 457/1382/233 456/1383/233 449/1384/233 450/1385/233 

vt 9123.99 0
vn 0.272741 0 -0.962087
vt 9798.62 0
vt 9798.62 211.297
vt 9123.99 211.297
f 456/1386/234 455/1387/234 448/1388/234 449/1389/234 

vt -7161.08 0
vn -0.941013 0 -0.33837
vt -6751.75 0
vt -6751.75 211.297
vt -7161.08 211.297
f 455/1390/235 454/1391/235 447/1392/235 448/1393/235 

vt -8587.02 0
vn -0.124035 0 0.992278
vt -8554.42 0
vt -8554.42 211.297
vt -8587.02 211.297
f 454/1394/236 453/1395/236 446/1396/236 447/1397/236 

vt -7277.51 0
vn -0.95713 0 -0.289658
vt -7268.65 0
vt -7268.65 211.297
vt -7277.51 211.297
f 453/1398/237 452/1399/237 445/1400/237 446/1401/237 

vt -7393.53 9831.73
vt -6839.98 9679.47
vt -6757.08 9657.22
vt -6635.76 10045.4
vt -7284.81 10229.4
vt -7423.32 9844.26
vt -7390.96 9840.21
f 445/1402/20 444/1403/20 450/1404/20 449/1405/20 448/1406/20 447/1407/20 446/1408/20 

g Mesh36 G_21_946029671043565 Model

v -281.327 0 -242.677
vt 11075.9 9554.23
v -280.239 0 -244.976
vt 11033 9644.71
v -275.745 0 -243.024
vt 10856.1 9567.88
v -272.253 0 -249.315
vt 10718.6 9815.57
v -283.77 0 -255.491
vt 11172 10058.7
v -287.46 0 -248.778
vt 11317.3 9794.39
v -288.003 0 -249.059
vt 11338.7 9805.46
v -290.225 0 -245.233
vt 11426.2 9654.82
v -292.946 0 -246.491
vt 11533.3 9704.36
v -292.077 0 -248.198
vt 11499.1 9771.59
v -294.722 0 -249.405
vt 11603.2 9819.11
v -293.027 0 -252.949
vt 11536.5 9958.62
v -287.403 0 -250.304
vt 11315.1 9854.49
v -285.734 0 -253.668
vt 11249.4 9986.93
v -296.028 0 -258.607
vt 11654.7 10181.4
v -293.396 0 -263.965
vt 11551 10392.3
v -283.664 0 -258.804
vt 11167.9 10189.1
v -282.868 0 -260.293
vt 11136.5 10247.8
v -276.807 0 -257.366
vt 10897.9 10132.5
v -275.472 0 -259.78
vt 10845.4 10227.5
v -268.667 0 -256.364
vt 10577.4 10093.1
v -269.643 0 -254.438
vt 10615.9 10017.3
v -266.382 0 -252.564
vt 10487.5 9943.46
v -273.212 0 -240.366
vt 10756.4 9463.24
v -276.011 0 -241.856
vt 10866.6 9521.88
v -276.936 0 -240.52
vt 10903 9469.31
f 458/1409/1 459/1410/1 460/1411/1 461/1412/1 462/1413/1 463/1414/1 464/1415/1 465/1416/1 466/1417/1 467/1418/1 468/1419/1 469/1420/1 470/1421/1 471/1422/1 472/1423/1 473/1424/1 474/1425/1 475/1426/1 476/1427/1 477/1428/1 478/1429/1 479/1430/1 480/1431/1 481/1432/1 482/1433/1 483/1434/1 

vt -3995.75 0
vn -0.903815 0 -0.427924
vt -3895.64 0
v -281.327 3.2151 -242.677
vt -3895.64 126.579
v -280.239 3.2151 -244.976
vt -3995.75 126.579
f 459/1435/238 458/1436/238 484/1437/238 485/1438/238 

vt -14153.7 0
vn -0.440904 0 0.897554
vt -13961.1 0
v -276.936 3.2151 -240.52
vt -13961.1 126.579
vt -14153.7 126.579
f 458/1439/239 483/1440/239 486/1441/239 484/1442/239 

vt 1579.51 0
vn 0.822192 0 0.56921
vt 1643.45 0
v -276.011 3.2151 -241.856
vt 1643.45 126.579
vt 1579.51 126.579
f 483/1443/240 482/1444/240 487/1445/240 486/1446/240 

vt -14065.9 0
vn -0.469747 0 0.882801
vt -13941.1 0
v -273.212 3.2151 -240.366
vt -13941.1 126.579
vt -14065.9 126.579
f 482/1447/241 481/1448/241 488/1449/241 487/1450/241 

vt 3001.13 0
vn 0.872506 0 0.488603
vt 3551.51 0
v -266.382 3.2151 -252.564
vt 3551.51 126.579
vt 3001.13 126.579
f 481/1451/242 480/1452/242 489/1453/242 488/1454/242 

vt 14047.7 0
vn 0.498343 0 -0.86698
vt 14195.8 0
v -269.643 3.2151 -254.438
vt 14195.8 126.579
vt 14047.7 126.579
f 480/1455/243 479/1456/243 490/1457/243 489/1458/243 

vt 4137.76 0
vn 0.892036 0 0.451965
vt 4222.76 0
v -268.667 3.2151 -256.364
vt 4222.76 126.579
vt 4137.76 126.579
f 479/1459/244 478/1460/244 491/1461/244 490/1462/244 

vt 13981 0
vn 0.448562 0 -0.893752
vt 14280.7 0
v -275.472 3.2151 -259.78
vt 14280.7 126.579
vt 13981 126.579
f 478/1463/245 477/1464/245 492/1465/245 491/1466/245 

vt -3699.63 0
vn -0.875034 0 -0.484061
vt -3591.03 0
v -276.807 3.2151 -257.366
vt -3591.03 126.579
vt -3699.63 126.579
f 477/1467/246 476/1468/246 493/1469/246 492/1470/246 

vt 14220.3 0
vn 0.434962 0 -0.900449
vt 14485.3 0
v -282.868 3.2151 -260.293
vt 14485.3 126.579
vt 14220.3 126.579
f 476/1471/247 475/1472/247 494/1473/247 493/1474/247 

vt -3788.33 0
vn -0.881932 0 -0.471377
vt -3721.84 0
v -283.664 3.2151 -258.804
vt -3721.84 126.579
vt -3788.33 126.579
f 475/1475/248 474/1476/248 495/1477/248 494/1478/248 

vt 14640.1 0
vn 0.46853 0 -0.883447
vt 15073.8 0
v -293.396 3.2151 -263.965
vt 15073.8 126.579
vt 14640.1 126.579
f 474/1479/249 473/1480/249 496/1481/249 495/1482/249 

vt -4234.56 0
vn -0.897548 0 -0.440918
vt -3999.52 0
v -296.028 3.2151 -258.607
vt -3999.52 126.579
vt -4234.56 126.579
f 473/1483/250 472/1484/250 497/1485/250 496/1486/250 

vt -14911.9 0
vn -0.432557 0 0.901606
vt -14462.4 0
v -285.734 3.2151 -253.668
vt -14462.4 126.579
vt -14911.9 126.579
f 472/1487/251 471/1488/251 498/1489/251 497/1490/251 

vt -3946.12 0
vn -0.895791 0 -0.444476
vt -3798.28 0
v -287.403 3.2151 -250.304
vt -3798.28 126.579
vt -3946.12 126.579
f 471/1491/252 470/1492/252 499/1493/252 498/1494/252 

vt 14433.2 0
vn 0.425598 0 -0.904912
vt 14677.9 0
v -293.027 3.2151 -252.949
vt 14677.9 126.579
vt 14433.2 126.579
f 470/1495/253 469/1496/253 500/1497/253 499/1498/253 

vt -4006.53 0
vn -0.902134 0 -0.431455
vt -3851.88 0
v -294.722 3.2151 -249.405
vt -3851.88 126.579
vt -4006.53 126.579
f 469/1499/254 468/1500/254 501/1501/254 500/1502/254 

vt -14632.4 0
vn -0.415133 0 0.909761
vt -14517.9 0
v -292.077 3.2151 -248.198
vt -14517.9 126.579
vt -14632.4 126.579
f 468/1503/255 467/1504/255 502/1505/255 501/1506/255 

vt -3487.56 0
vn -0.891052 0 -0.453901
vt -3412.11 0
v -292.946 3.2151 -246.491
vt -3412.11 126.579
vt -3487.56 126.579
f 467/1507/256 466/1508/256 503/1509/256 502/1510/256 

vt -14540.9 0
vn -0.419601 0 0.907709
vt -14422.8 0
v -290.225 3.2151 -245.233
vt -14422.8 126.579
vt -14540.9 126.579
f 466/1511/257 465/1512/257 504/1513/257 503/1514/257 

vt 2613.09 0
vn 0.86483 0 0.502066
vt 2787.27 0
v -288.003 3.2151 -249.059
vt 2787.27 126.579
vt 2613.09 126.579
f 465/1515/258 464/1516/258 505/1517/258 504/1518/258 

vt -14577.8 0
vn -0.459854 0 0.887994
vt -14553.7 0
v -287.46 3.2151 -248.778
vt -14553.7 126.579
vt -14577.8 126.579
f 464/1519/259 463/1520/259 506/1521/259 505/1522/259 

vt 3130.73 0
vn 0.876307 0 0.481753
vt 3432.36 0
v -283.77 3.2151 -255.491
vt 3432.36 126.579
vt 3130.73 126.579
f 463/1523/260 462/1524/260 507/1525/260 506/1526/260 

vt -14599.3 0
vn -0.472576 0 0.88129
vt -14084.8 0
v -272.253 3.2151 -249.315
vt -14084.8 126.579
vt -14599.3 126.579
f 462/1527/261 461/1528/261 508/1529/261 507/1530/261 

vt -3379.84 0
vn -0.874326 0 -0.48534
vt -3096.54 0
v -275.745 3.2151 -243.024
vt -3096.54 126.579
vt -3379.84 126.579
f 461/1531/262 460/1532/262 509/1533/262 508/1534/262 

vt 13768.9 0
vn 0.398343 0 -0.917237
vt 13961.8 0
vt 13961.8 126.579
vt 13768.9 126.579
f 460/1535/263 459/1536/263 485/1537/263 509/1538/263 

vt -11033 9644.71
vt -11075.9 9554.23
vt -10903 9469.31
vt -10866.6 9521.88
vt -10756.4 9463.24
vt -10487.5 9943.46
vt -10615.9 10017.3
vt -10577.4 10093.1
vt -10845.4 10227.5
vt -10897.9 10132.5
vt -11136.5 10247.8
vt -11167.9 10189.1
vt -11551 10392.3
vt -11654.7 10181.4
vt -11249.4 9986.93
vt -11315.1 9854.49
vt -11536.5 9958.62
vt -11603.2 9819.11
vt -11499.1 9771.59
vt -11533.3 9704.36
vt -11426.2 9654.82
vt -11338.7 9805.46
vt -11317.3 9794.39
vt -11172 10058.7
vt -10718.6 9815.57
vt -10856.1 9567.88
f 485/1539/20 484/1540/20 486/1541/20 487/1542/20 488/1543/20 489/1544/20 490/1545/20 491/1546/20 492/1547/20 493/1548/20 494/1549/20 495/1550/20 496/1551/20 497/1552/20 498/1553/20 499/1554/20 500/1555/20 501/1556/20 502/1557/20 503/1558/20 504/1559/20 505/1560/20 506/1561/20 507/1562/20 508/1563/20 509/1564/20 

g Mesh37 G_33_78150653038104 Model

v -286.411 0 -233.998
vt 11276 9212.52
v -288.774 0 -235.205
vt 11369 9260.04
v -289.801 0 -233.356
vt 11409.5 9187.25
v -294.282 0 -235.924
vt 11585.9 9288.34
v -287.284 0 -248.686
vt 11310.4 9790.8
v -285.015 0 -249.213
vt 11221.1 9811.53
v -280.958 0 -247.03
vt 11061.3 9725.59
f 459/1410/1 458/1409/1 510/1565/1 511/1566/1 512/1567/1 513/1568/1 514/1569/1 515/1570/1 516/1571/1 

vt 3895.64 0
vn 0.903815 0 0.427924
vt 3995.75 0
v -280.239 4.34872 -244.976
vt 3995.75 171.21
v -281.327 4.34872 -242.677
vt 3895.64 171.21
f 458/1572/264 459/1573/264 517/1574/264 518/1575/264 

vt 12748 0
vn 0.943858 0 -0.33035
vt 12833.7 0
v -280.958 4.34872 -247.03
vt 12833.7 171.21
vt 12748 171.21
f 459/1576/265 516/1577/265 519/1578/265 517/1579/265 

vt 14348.8 0
vn 0.473767 0 -0.88065
vt 14530.2 0
v -285.015 4.34872 -249.213
vt 14530.2 171.21
vt 14348.8 171.21
f 516/1580/266 515/1581/266 520/1582/266 519/1583/266 

vt 8713.75 0
vn -0.225966 0 -0.974135
vt 8805.47 0
v -287.284 4.34872 -248.686
vt 8805.47 171.21
vt 8713.75 171.21
f 515/1584/267 514/1585/267 521/1586/267 520/1587/267 

vt -3147.38 0
vn -0.876848 0 -0.480767
vt -2574.35 0
v -294.282 4.34872 -235.924
vt -2574.35 171.21
vt -3147.38 171.21
f 514/1588/268 513/1589/268 522/1590/268 521/1591/268 

vt -14670.5 0
vn -0.497209 0 0.867631
vt -14467.2 0
v -289.801 4.34872 -233.356
vt -14467.2 171.21
vt -14670.5 171.21
f 513/1592/269 512/1593/269 523/1594/269 522/1595/269 

vt 2490.16 0
vn 0.874157 0 0.485643
vt 2573.43 0
v -288.774 4.34872 -235.205
vt 2573.43 171.21
vt 2490.16 171.21
f 512/1596/270 511/1597/270 524/1598/270 523/1599/270 

vt -14337.1 0
vn -0.454941 0 0.890522
vt -14232.7 0
v -286.411 4.34872 -233.998
vt -14232.7 171.21
vt -14337.1 171.21
f 511/1600/271 510/1601/271 525/1602/271 524/1603/271 

vt 2249.48 0
vn 0.862852 0 0.505457
vt 2645.51 0
vt 2645.51 171.21
vt 2249.48 171.21
f 510/1604/272 458/1605/272 518/1606/272 525/1607/272 

vt -11061.3 9725.59
vt -11221.1 9811.53
vt -11310.4 9790.8
vt -11585.9 9288.34
vt -11409.5 9187.25
vt -11369 9260.04
vt -11276 9212.52
f 518/1540/20 517/1539/20 519/1608/20 520/1609/20 521/1610/20 522/1611/20 523/1612/20 524/1613/20 525/1614/20 

g Mesh38 G_40_86070633802025 Model

v -268.917 0 -227.103
vt 10587.3 8941.07
v -265.555 0 -225.487
vt 10454.9 8877.45
v -266.423 0 -223.592
vt 10489.1 8802.82
v -269.813 0 -225.004
vt 10622.6 8858.42
f 526/1615/1 527/1616/1 528/1617/1 529/1618/1 

vt 13268.4 0
vn 0.433134 0 -0.901329
vt 13415.3 0
v -268.917 3.77872 -227.103
vt 13415.3 148.769
v -265.555 3.77872 -225.487
vt 13268.4 148.769
f 527/1619/273 526/1620/273 530/1621/273 531/1622/273 

vt -4069.62 0
vn -0.919798 0 -0.392391
vt -3979.77 0
v -269.813 3.77872 -225.004
vt -3979.77 148.769
vt -4069.62 148.769
f 526/1623/274 529/1624/274 532/1625/274 530/1626/274 

vt -13212.5 0
vn -0.384615 0 0.923077
vt -13068 0
v -266.423 3.77872 -223.592
vt -13068 148.769
vt -13212.5 148.769
f 529/1627/275 528/1628/275 533/1629/275 532/1630/275 

vt 3631.78 0
vn 0.909058 0 0.41667
vt 3713.87 0
vt 3713.87 148.769
vt 3631.78 148.769
f 528/1631/276 527/1632/276 531/1633/276 533/1634/276 

vt -10454.9 8877.45
vt -10587.3 8941.07
vt -10622.6 8858.42
vt -10489.1 8802.82
f 531/1635/20 530/1636/20 532/1637/20 533/1638/20 

g Mesh39 G_16_88153631516821 Model

v -258.374 0 -222.037
vt 10172.2 8741.6
v -258.945 0 -220.912
vt 10194.7 8697.32
v -262.854 0 -213.213
vt 10348.6 8394.2
v -263.467 0 -213.551
vt 10372.7 8407.53
v -264.687 0 -211.048
vt 10420.7 8308.96
v -265.702 0 -211.554
vt 10460.7 8328.9
v -261.005 0 -220.998
vt 10275.8 8700.71
f 528/1617/1 527/1616/1 534/1639/1 535/1640/1 536/1641/1 537/1642/1 538/1643/1 539/1644/1 540/1645/1 

vt -3713.87 0
vn -0.909058 0 -0.41667
vt -3631.78 0
v -266.423 2.73117 -223.592
vt -3631.78 107.526
v -265.555 2.73117 -225.487
vt -3713.87 107.526
f 527/1646/277 528/1647/277 541/1648/277 542/1649/277 

vt -13261.8 0
vn -0.431758 0 0.901989
vt -13025.3 0
v -261.005 2.73117 -220.998
vt -13025.3 107.526
vt -13261.8 107.526
f 528/1650/278 540/1651/278 543/1652/278 541/1653/278 

vt -3215.04 0
vn -0.895395 0 -0.445273
vt -2799.79 0
v -265.702 2.73117 -211.554
vt -2799.79 107.526
vt -3215.04 107.526
f 540/1654/279 539/1655/279 544/1656/279 543/1657/279 

vt -13079.6 0
vn -0.446733 0 0.894667
vt -13035 0
v -264.687 2.73117 -211.048
vt -13035 107.526
vt -13079.6 107.526
f 539/1658/280 538/1659/280 545/1660/280 544/1661/280 

vt 2905.7 0
vn 0.89899 0 0.437969
vt 3015.35 0
v -263.467 2.73117 -213.551
vt 3015.35 107.526
vt 2905.7 107.526
f 538/1662/281 537/1663/281 546/1664/281 545/1665/281 

vt -13144.3 0
vn -0.483318 0 0.875445
vt -13116.7 0
v -262.854 2.73117 -213.213
vt -13116.7 107.526
vt -13144.3 107.526
f 537/1666/282 536/1667/282 547/1668/282 546/1669/282 

vt 2800.3 0
vn 0.891673 0 0.452679
vt 3140.25 0
v -258.945 2.73117 -220.912
vt 3140.25 107.526
vt 2800.3 107.526
f 536/1670/283 535/1671/283 548/1672/283 547/1673/283 

vt 3189.9 0
v -258.374 2.73117 -222.037
vt 3189.9 107.526
f 535/1671/283 534/1674/283 549/1675/283 548/1672/283 

vt 12954.8 0
vt 13268.4 107.526
vt 12954.8 107.526
f 534/1676/273 527/1619/273 542/1677/273 549/1678/273 

vt -10275.8 8700.71
vt -10460.7 8328.9
vt -10420.7 8308.96
vt -10372.7 8407.53
vt -10348.6 8394.2
vt -10194.7 8697.32
vt -10172.2 8741.6
f 542/1635/20 541/1638/20 543/1679/20 544/1680/20 545/1681/20 546/1682/20 547/1683/20 548/1684/20 549/1685/20 

g Mesh40 G_36_791384258821225 Model

v -272.493 0 -219.875
vt 10728.1 8656.48
v -283.124 0 -224.882
vt 11146.6 8853.62
v -279.298 0 -233.356
vt 10996 9187.25
v -278.695 0 -233.048
vt 10972.2 9175.11
v -268.381 0 -228.237
vt 10566.2 8985.69
f 529/1618/1 550/1686/1 551/1687/1 552/1688/1 553/1689/1 554/1690/1 526/1615/1 

vt 2703.88 0
vn 0.886298 0 0.463116
vt 2931.73 0
v -269.813 4.99198 -225.004
vt 2931.73 196.535
v -272.493 4.99198 -219.875
vt 2703.88 196.535
f 550/1691/284 529/1692/284 555/1693/284 556/1694/284 

vt 3979.77 0
vn 0.919798 0 0.392391
vt 4069.62 0
v -268.917 4.99198 -227.103
vt 4069.62 196.535
vt 3979.77 196.535
f 529/1695/285 526/1696/285 557/1697/285 555/1698/285 

vt 3556.1 0
vn 0.903993 0 0.427547
vt 3605.46 0
v -268.381 4.99198 -228.237
vt 3605.46 196.535
vt 3556.1 196.535
f 526/1699/286 554/1700/286 558/1701/286 557/1702/286 

vt 13374.4 0
vn 0.42278 0 -0.906232
vt 13822.4 0
v -278.695 4.99198 -233.048
vt 13822.4 196.535
vt 13374.4 196.535
f 554/1703/287 553/1704/287 559/1705/287 558/1706/287 

vt 13944.6 0
vn 0.454777 0 -0.890605
vt 13971.2 0
v -279.298 4.99198 -233.356
vt 13971.2 196.535
vt 13944.6 196.535
f 553/1707/288 552/1708/288 560/1709/288 559/1710/288 

vt -3848.3 0
vn -0.911404 0 -0.411513
vt -3482.25 0
v -283.124 4.99198 -224.882
vt -3482.25 196.535
vt -3848.3 196.535
f 552/1711/289 551/1712/289 561/1713/289 560/1714/289 

vt -13856.7 0
vn -0.426113 0 0.90467
vt -13394 0
vt -13394 196.535
vt -13856.7 196.535
f 551/1715/290 550/1716/290 556/1717/290 561/1718/290 

vt -10728.1 8656.48
vt -10566.2 8985.69
vt -10972.2 9175.11
vt -10996 9187.25
vt -11146.6 8853.62
f 556/1719/20 555/1637/20 557/1636/20 558/1720/20 559/1721/20 560/1722/20 561/1723/20 

g Mesh41 G_31_230211630505796 Model

v -268.58 0 -220.651
vt 10574 8687.06
v -269.749 0 -218.289
vt 10620 8594.05
f 529/1618/1 562/1724/1 563/1725/1

f 562/1724/1 529/1618/1 528/1617/1

vt 13068 0
vn 0.384615 0 -0.923077
vt 13212.5 0
v -269.813 3.72525 -225.004
vt 13212.5 146.663
v -266.423 3.72525 -223.592
vt 13068 146.663
f 528/1726/291 529/1727/291 564/1728/291 565/1729/291 

vt -2931.73 0
vn -0.886298 0 -0.463116
vt -2703.88 0
v -272.493 3.72525 -219.875
vt -2703.88 146.663
vt -2931.73 146.663
f 529/1730/292 550/1731/292 566/1732/292 564/1733/292 

f 563/1725/1 550/1686/1 529/1618/1

f 539/1644/1 550/1686/1 563/1725/1

v -274.252 0 -215.824
vt 10797.3 8497
f 550/1686/1 539/1644/1 567/1734/1

vt -13455.9 0
v -265.702 3.72525 -211.554
vt -13079.6 146.663
v -274.252 3.72525 -215.824
vt -13455.9 146.663
f 567/1735/280 539/1658/280 568/1736/280 569/1737/280 

vt 2799.79 0
vn 0.895395 0 0.445273
vt 3215.04 0
v -261.005 3.72525 -220.998
vt 3215.04 146.663
vt 2799.79 146.663
f 539/1738/293 540/1739/293 570/1740/293 568/1741/293 

v -266.269 0 -219.457
vt 10483 8640.05
f 571/1742/1 540/1645/1 539/1644/1

f 571/1742/1 528/1617/1 540/1645/1

f 562/1724/1 528/1617/1 571/1742/1

vt -13381.8 0
vn -0.45902 0 0.888426
vt -13279.4 0
v -266.269 3.72525 -219.457
vt -13279.4 146.663
v -268.58 3.72525 -220.651
vt -13381.8 146.663
f 562/1743/294 571/1744/294 572/1745/294 573/1746/294 

vt -2833.89 0
vn -0.887379 0 -0.461041
v -267.463 0 -217.159
vt -2731.93 0
v -267.463 3.72525 -217.159
vt -2731.93 146.663
vt -2833.89 146.663
f 571/1747/295 574/1748/295 575/1749/295 572/1750/295 

vt 10530.1 8549.57
f 539/1644/1 574/1751/1 571/1742/1

f 539/1644/1 563/1725/1 574/1751/1

vt 13228.5 0
vn 0.44318 0 -0.896433
vt 13328.9 0
v -269.749 3.72525 -218.289
vt 13328.9 146.663
vt 13228.5 146.663
f 574/1752/296 563/1753/296 576/1754/296 575/1755/296 

vt 2995.44 0
vn 0.896367 0 0.443312
vt 3099.2 0
vt 3099.2 146.663
vt 2995.44 146.663
f 563/1756/297 562/1757/297 573/1758/297 576/1759/297 

vt -10574 8687.06
vt -10620 8594.05
f 573/1760/20 564/1637/20 576/1761/20

f 564/1637/20 573/1760/20 565/1638/20

vt -10483 8640.05
f 565/1638/20 573/1760/20 572/1762/20

f 565/1638/20 572/1762/20 570/1679/20

f 570/1679/20 572/1762/20 568/1680/20

vt -10530.1 8549.57
f 575/1763/20 568/1680/20 572/1762/20

f 576/1761/20 568/1680/20 575/1763/20

f 566/1719/20 568/1680/20 576/1761/20

vt -10797.3 8497
f 568/1680/20 566/1719/20 569/1764/20

vt -3667.2 0
vn -0.917255 0 -0.398301
vt -3493.33 0
vt -3493.33 146.663
vt -3667.2 146.663
f 550/1765/298 567/1766/298 569/1767/298 566/1768/298 

f 566/1719/20 576/1761/20 564/1637/20

vt 13025.3 0
vn 0.431758 0 -0.901989
vt 13261.8 0
vt 13261.8 146.663
vt 13025.3 146.663
f 540/1769/299 528/1770/299 565/1771/299 570/1772/299 

g Mesh42 G_28_719588817231514 Model

v -277.565 0 -235.731
vt 10927.7 9280.76
v -269.052 0 -231.828
vt 10592.6 9127.09
v -267.845 0 -234.653
vt 10545.1 9238.3
v -268.102 0 -234.768
vt 10555.2 9242.85
v -267.114 0 -236.9
vt 10516.3 9326.76
v -264.764 0 -235.885
vt 10423.8 9286.83
f 554/1690/1 553/1689/1 577/1773/1 578/1774/1 579/1775/1 580/1776/1 581/1777/1 582/1778/1 

vt -13822.4 0
vn -0.42278 0 0.906232
vt -13374.4 0
v -268.381 3.13282 -228.237
vt -13374.4 123.34
v -278.695 3.13282 -233.048
vt -13822.4 123.34
f 553/1779/300 554/1780/300 583/1781/300 584/1782/300 

vt 3938.58 0
v -264.764 3.13282 -235.885
vt 3938.58 123.34
vt 3605.46 123.34
f 554/1700/286 582/1783/286 585/1784/286 583/1785/286 

vt 13250.8 0
vn 0.39634 0 -0.918104
vt 13351.6 0
v -267.114 3.13282 -236.9
vt 13351.6 123.34
vt 13250.8 123.34
f 582/1786/301 581/1787/301 586/1788/301 585/1789/301 

vt -4035.7 0
vn -0.907158 0 -0.42079
vt -3943.2 0
v -268.102 3.13282 -234.768
vt -3943.2 123.34
vt -4035.7 123.34
f 581/1790/302 580/1791/302 587/1792/302 586/1793/302 

vt -13418.5 0
vn -0.410365 0 0.911922
vt -13407.4 0
v -267.845 3.13282 -234.653
vt -13407.4 123.34
vt -13418.5 123.34
f 580/1794/303 579/1795/303 588/1796/303 587/1797/303 

vt -4352.05 0
vn -0.919577 0 -0.39291
vt -4231.12 0
v -269.052 3.13282 -231.828
vt -4231.12 123.34
vt -4352.05 123.34
f 579/1798/304 578/1799/304 589/1800/304 588/1801/304 

vt 13432.8 0
vn 0.416796 0 -0.909
vt 13801.5 0
v -277.565 3.13282 -235.731
vt 13801.5 123.34
vt 13432.8 123.34
f 578/1802/305 577/1803/305 590/1804/305 589/1805/305 

vt -4312.89 0
vn -0.921635 0 -0.388057
vt -4198.26 0
vt -4198.26 123.34
vt -4312.89 123.34
f 577/1806/306 553/1807/306 584/1808/306 590/1809/306 

vt -10423.8 9286.83
vt -10516.3 9326.76
vt -10555.2 9242.85
vt -10545.1 9238.3
vt -10592.6 9127.09
vt -10927.7 9280.76
f 584/1721/20 583/1720/20 585/1810/20 586/1811/20 587/1812/20 588/1813/20 589/1814/20 590/1815/20 

g Mesh43 Group10 Group9 G_38_67814583886896 Model

v -246.51 7.91085 -215.144
vt 12583.1 -1957.58
vn 0.300641 0.780669 -0.547879
v -241.053 4.66535 -216.774
vt 12425.6 -2162.04
v -248.166 4.66535 -220.677
vt 12745 -2162.04
f 591/1816/307 592/1817/307 593/1818/307

vt 3083.15 9783.59
vn 0.551868 0.780669 0.293254
vt 2925.67 9988.05
v -248.281 7.90922 -211.806
vt 2776.91 9987.95
v -247.724 6.71748 -209.682
vt 2713.35 9912.87
v -249.779 6.66698 -205.68
vt 2536.25 9909.69
v -248.835 4.83475 -202.58
vt 2445.94 9794.27
v -249.038 4.84939 -202.237
vt 2430.23 9795.19
v -248.933 4.66535 -201.944
vt 2422 9783.59
f 592/1819/308 591/1820/308 594/1821/308 595/1822/308 596/1823/308 597/1824/308 598/1825/308 599/1826/308 

v -253.61 4.66535 -210.406
vt -2643.5 -9800.76
vn -0.552184 0.780669 -0.292658
vt -2790.46 -9596.4
vt -2939.23 -9596.3
vt -3101.18 -9800.76
f 600/1827/309 594/1828/309 591/1829/309 593/1830/309 

v -251.042 4.66535 -208.762
vt -12755.1 1359.84
vn -0.336879 0.780669 0.526373
vt -12664.6 1489.12
vt -12728.2 1564.2
vt -12875.1 1359.84
f 601/1831/310 595/1832/310 594/1833/310 600/1834/310 

v -250.303 6.35103 -205.512
vt -2870.17 -9542.18
vn -0.559873 0.780669 -0.277667
vt -2885.25 -9522.28
vt -3062.36 -9519.1
vt -2971.87 -9648.38
v -252.22 4.66535 -206.387
vt -2867.49 -9648.38
f 602/1835/311 596/1836/311 595/1837/311 601/1838/311 603/1839/311 

v -249.138 4.66535 -202.503
vt -12408.1 1996.35
vn -0.294474 0.780669 0.551218
vt -12399 2007.03
vt -12489.3 2122.45
vt -12504.4 2102.55
v -252.984 4.66535 -204.557
vt -12579.7 1996.35
f 604/1840/312 597/1841/312 596/1842/312 602/1843/312 605/1844/312 

v -249.382 4.66535 -202.131
vt -1275.84 -9701.09
vn -0.522742 0.780669 -0.342486
vt -1286.76 -9689.5
vt -1302.47 -9690.42
vt -1293.36 -9701.09
f 606/1845/313 598/1846/313 597/1847/313 604/1848/313 

vt -12105.5 2932.2
vn -0.239192 0.780669 0.577359
vt -12116.4 2920.61
vt -12097.3 2920.61
f 598/1849/314 606/1850/314 599/1851/314

vt -3669.36 -9376.56
vn -0.576692 0.780669 -0.240794
vt -3672.05 -9482.76
vt -3593.99 -9482.76
f 602/1852/315 603/1853/315 605/1854/315

g Mesh44 Group9 G_38_67814583886896 Model

vt 9818.2 7957.89
vt 9808.6 7972.55
vt 9959.99 8053.43
vt 9929.91 8125.46
vt 9883.53 8218.98
vt 9984.63 8283.68
f 593/950/1 592/949/1 599/1129/1 606/1855/1 604/1856/1 605/1857/1 603/1858/1 601/1859/1 600/1860/1 

g Mesh45 G_38_67814583886896 Model

v -249.382 0 -202.131
v -249.138 0 -202.503
v -252.984 0 -204.557
v -252.22 0 -206.387
v -251.042 0 -208.762
v -253.61 0 -210.406
f 313/950/1 312/949/1 376/1129/1 607/1855/1 608/1856/1 609/1857/1 610/1858/1 611/1859/1 612/1860/1 

vt 12425.6 0
vn 0.481068 0 -0.876683
vt 12745 0
vt 12745 183.675
vt 12425.6 183.675
f 312/1861/316 313/1862/316 593/1863/316 592/1864/316 

vt -3101.18 0
vn -0.883573 0 -0.468294
vt -2643.5 0
vt -2643.5 183.675
vt -3101.18 183.675
f 313/1865/317 612/1866/317 600/1867/317 593/1868/317 

vt -12875.1 0
vn -0.539054 0 0.842271
vt -12755.1 0
vt -12755.1 183.675
vt -12875.1 183.675
f 612/1869/318 611/1870/318 601/1871/318 600/1872/318 

vt -2971.87 0
vn -0.895875 0 -0.444306
vt -2867.49 0
vt -2867.49 183.675
vt -2971.87 183.675
f 611/1873/319 610/1874/319 603/1875/319 601/1876/319 

vt -3672.05 0
vn -0.922789 0 -0.385305
vt -3593.99 0
vt -3593.99 183.675
vt -3672.05 183.675
f 610/1877/320 609/1878/320 605/1879/320 603/1880/320 

vt -12579.7 0
vn -0.4712 0 0.882027
vt -12408.1 0
vt -12408.1 183.675
vt -12579.7 183.675
f 609/1881/321 608/1882/321 604/1883/321 605/1884/321 

vt -1293.36 0
vn -0.836461 0 -0.548026
vt -1275.84 0
vt -1275.84 183.675
vt -1293.36 183.675
f 608/1885/322 607/1886/322 606/1887/322 604/1888/322 

vt -12116.4 0
vn -0.38274 0 0.923856
vt -12097.3 0
vt -12097.3 183.675
vt -12116.4 183.675
f 607/1889/323 376/1890/323 599/1891/323 606/1892/323 

vt 2422 0
vn 0.883066 0 0.469248
vt 3083.15 0
vt 3083.15 183.675
vt 2422 183.675
f 376/1893/324 312/1894/324 592/1895/324 599/1896/324 

vt -9984.63 8283.68
vt -9883.53 8218.98
vt -9929.91 8125.46
vt -9959.99 8053.43
vt -9808.6 7972.55
vt -9818.2 7957.89
f 592/1053/20 593/1073/20 600/1897/20 601/1898/20 603/1899/20 605/1900/20 604/1901/20 606/1902/20 599/1176/20 

g Mesh46 Group11 G_37_72386766205798 Model

v -215.659 4.75358 -175.208
vt 8490.49 6897.95
v -212.618 4.75358 -181.428
vt 8370.77 7142.85
v -211.278 4.75358 -180.708
v -203.211 4.75358 -176.73
v -206.249 4.75358 -170.576
vt 8120.04 6715.58
f 613/1903/1 614/1904/1 615/1076/1 616/1075/1 617/1905/1 

g Mesh47 G_37_72386766205798 Model

v -215.659 0 -175.208
v -212.618 0 -181.428
v -206.249 0 -170.576
f 618/1903/1 619/1904/1 363/1076/1 362/1075/1 620/1905/1 

vt -2740.68 0
vn -0.898392 0 -0.439194
vt -2468.09 0
vt -2468.09 187.149
vt -2740.68 187.149
f 619/1906/325 618/1907/325 613/1908/325 614/1909/325 

vt -10664.1 0
vn -0.441671 0 0.897177
vt -10251.2 0
vt -10251.2 187.149
vt -10664.1 187.149
f 618/1910/326 620/1911/326 617/1912/326 613/1913/326 

vt 2427.2 0
vt 2697.42 0
vt 2697.42 187.149
vt 2427.2 187.149
f 620/1914/181 362/1915/181 616/1916/181 617/1917/181 

vt 10252.6 0
vn 0.442238 0 -0.896898
vt 10606.7 0
vt 10606.7 187.149
vt 10252.6 187.149
f 362/1918/327 363/1919/327 615/1920/327 616/1921/327 

vt 10695.6 0
vn 0.473658 0 -0.880709
vt 10755.5 0
vt 10755.5 187.149
vt 10695.6 187.149
f 363/1922/328 619/1923/328 614/1924/328 615/1925/328 

vt -8370.77 7142.85
vt -8490.49 6897.95
vt -8120.04 6715.58
f 614/1926/20 613/1927/20 617/1928/20 616/1114/20 615/1121/20 

g Mesh48 G_32_30376697664263 Model

v -207.876 0 -167.281
vt 8184.08 6585.87
v -209.525 0 -168.119
vt 8249.03 6618.85
v -209.371 0 -168.443
vt 8242.97 6631.62
v -210.437 0 -168.982
vt 8284.92 6652.85
v -210.244 0 -169.547
vt 8277.34 6675.09
v -216.857 0 -172.757
vt 8537.67 6801.46
f 618/1903/1 620/1905/1 621/1929/1 622/1930/1 623/1931/1 624/1932/1 625/1933/1 626/1934/1 

vt 10251.2 0
vn 0.441671 0 -0.897177
vt 10664.1 0
v -215.659 3.23868 -175.208
vt 10664.1 127.507
v -206.249 3.23868 -170.576
vt 10251.2 127.507
f 620/1935/329 618/1936/329 627/1937/329 628/1938/329 

vt -2360.68 0
v -216.857 3.23868 -172.757
vt -2360.68 127.507
vt -2468.09 127.507
f 618/1907/325 626/1939/325 629/1940/325 627/1941/325 

vt -10650.8 0
vn -0.436702 0 0.899606
vt -10361.4 0
v -210.244 3.23868 -169.547
vt -10361.4 127.507
vt -10650.8 127.507
f 626/1942/330 625/1943/330 630/1944/330 629/1945/330 

vt -3647.16 0
vn -0.94651 0 -0.322674
vt -3623.66 0
v -210.437 3.23868 -168.982
vt -3623.66 127.507
vt -3647.16 127.507
f 625/1946/331 624/1947/331 631/1948/331 630/1949/331 

vt -10396.2 0
vn -0.451509 0 0.892267
vt -10349.2 0
v -209.371 3.23868 -168.443
vt -10349.2 127.507
vt -10396.2 127.507
f 624/1950/332 623/1951/332 632/1952/332 631/1953/332 

vt -2451.41 0
vn -0.903191 0 -0.429239
vt -2437.28 0
v -209.525 3.23868 -168.119
vt -2437.28 127.507
vt -2451.41 127.507
f 623/1954/333 622/1955/333 633/1956/333 632/1957/333 

vt -10351.8 0
vn -0.452756 0 0.891634
vt -10279 0
v -207.876 3.23868 -167.281
vt -10279 127.507
vt -10351.8 127.507
f 622/1958/334 621/1959/334 634/1960/334 633/1961/334 

vt 2282.54 0
vt 2427.2 127.507
vt 2282.54 127.507
f 621/1962/181 620/1914/181 628/1963/181 634/1964/181 

vt -8537.67 6801.46
vt -8277.34 6675.09
vt -8284.92 6652.85
vt -8242.97 6631.62
vt -8249.03 6618.85
vt -8184.08 6585.87
f 628/1928/20 627/1927/20 629/1965/20 630/1966/20 631/1967/20 632/1968/20 633/1969/20 634/1970/20 

g Mesh49 Group12 G_32_50038921408181 Model

v -192.42 4.24073 -178.541
vt 7575.59 7029.18
v -191.778 4.24073 -179.636
vt 7550.31 7072.3
v -179.585 4.24073 -173.372
vt 7070.28 6825.68
v -181.266 4.24073 -170.212
vt 7136.45 6701.25
v -181.77 4.24073 -170.462
vt 7156.29 6711.1
v -184.28 4.24073 -165.796
vt 7255.14 6527.39
v -189.323 4.24073 -168.498
vt 7453.64 6633.76
v -190.314 4.24073 -166.729
vt 7492.69 6564.13
v -192.292 4.24073 -163.442
vt 7570.54 6434.73
v -198.506 4.24073 -166.421
vt 7815.2 6552
f 635/1971/1 636/1972/1 637/1973/1 638/1974/1 639/1975/1 640/1976/1 641/1977/1 642/1978/1 643/1979/1 644/1980/1 

g Mesh50 Group14 Group13 G_32_50038921408181 Model

v -193.678 6.51769 -168.07
vt -9736.16 2390.5
vn -0.232248 0.843388 0.484518
vt -9879.48 2223.66
vt -9608.16 2223.66
f 645/1981/335 644/1982/335 643/1983/335

vt -2348.42 -8280.29
vn -0.480173 0.843388 -0.241104
vt -2491.74 -8113.45
v -193.423 6.53057 -168.535
vt -2512.61 -8112.51
v -190.198 6.63076 -174.607
vt -2783.22 -8105.17
v -191.279 5.06758 -177.921
vt -2880.72 -8219.71
vt -2882.38 -8280.29
f 644/1984/336 645/1985/336 646/1986/336 647/1987/336 648/1988/336 635/1989/336 

vt 1762.48 8358.43
vn 0.460418 0.843388 0.27697
vt 1760.33 8526.22
vt 1739.46 8525.27
vt 1611.47 8358.43
f 642/1990/337 646/1991/337 645/1992/337 643/1993/337 

vt 2333.14 8484.43
vn 0.468643 0.843388 0.262814
vt 2062.52 8477.09
vt 2060.37 8309.31
v -185.022 4.24073 -176.166
vt 2486.33 8309.31
f 647/1994/338 646/1995/338 642/1996/338 649/1997/338 

vt 9947.72 -2305.78
vn 0.245538 0.843388 -0.477921
vt 9899.4 -2245.19
vt 9801.9 -2130.65
vt 9648.71 -2305.78
f 636/1998/339 648/1999/339 647/2000/339 649/2001/339 

vt -2232.26 -8360.13
vn -0.463469 0.843388 -0.271833
vt -2280.58 -8420.72
vt -2230.59 -8420.72
f 648/2002/340 636/2003/340 635/2004/340

g Mesh51 Group13 G_32_50038921408181 Model

vt 7284.34 6935.66
f 641/1977/1 642/1978/1 643/1979/1 644/1980/1 635/1971/1 636/1972/1 649/2005/1 

g Mesh52 Group16 Group15 G_32_50038921408181 Model

v -182.034 5.38848 -172.605
vt 2634.97 8141.54
vn 0.474399 0.843388 0.252276
vt 2565.97 8057.44
vt 2706.91 8057.44
f 650/2006/341 638/2007/341 637/2008/341

vt -9372.74 2473.27
vn -0.239064 0.843388 0.481192
vt -9441.74 2557.37
v -182.532 5.39088 -172.856
vt -9463.7 2557.55
vt -9394.9 2473.27
f 638/2009/342 650/2010/342 651/2011/342 639/2012/342 

v -183.898 6.02917 -172.432
vt 9542.15 -2174.73
vt 9501.95 -2221.5
vt 9479.99 -2221.68
vt 9408.05 -2305.78
f 649/2001/339 652/2013/339 651/2014/339 650/2015/339 637/2016/339 

vt -2140.2 -8129.89
vn -0.468643 0.843388 -0.262814
v -185.436 6.04696 -169.632
vt -2253.98 -7997.54
vt -2379.77 -7998.85
vt -2486.33 -8129.89
f 641/2017/343 653/2018/343 652/2019/343 649/2020/343 

vt -9589.37 2184.17
vn -0.25379 0.843388 0.47359
vt -9703.15 2051.82
vt -9477.94 2051.82
f 653/2021/344 641/2022/344 640/2023/344

vt 2519.23 8086.56
vn 0.473165 0.843388 0.254582
vt 2588.03 8170.83
vt 2547.83 8217.6
vt 2422.04 8218.91
vt 2310.61 8086.56
f 639/2024/345 651/2025/345 652/2026/345 653/2027/345 640/2028/345 

g Mesh53 Group15 G_32_50038921408181 Model

f 649/2005/1 637/1973/1 638/1974/1 639/1975/1 640/1976/1 641/1977/1 

g Mesh54 G_32_50038921408181 Model

v -192.42 0 -178.541
v -191.778 0 -179.636
v -179.585 0 -173.372
v -181.266 0 -170.212
v -181.77 0 -170.462
v -184.28 0 -165.796
v -189.323 0 -168.498
v -190.314 0 -166.729
v -192.292 0 -163.442
v -198.506 0 -166.421
f 654/1971/1 655/1972/1 656/1973/1 657/1974/1 658/1975/1 659/1976/1 660/1977/1 661/1978/1 662/1979/1 663/1980/1 

vt -2280.58 0
vn -0.862581 0 -0.50592
vt -2230.59 0
vt -2230.59 166.958
vt -2280.58 166.958
f 655/2029/346 654/2030/346 635/2031/346 636/2032/346 

vt -2882.38 0
vn -0.893669 0 -0.448728
vt -2348.42 0
vt -2348.42 166.958
vt -2882.38 166.958
f 654/2033/347 663/2034/347 644/2035/347 635/2036/347 

vt -9879.48 0
vn -0.432246 0 0.901756
vt -9608.16 0
vt -9608.16 166.958
vt -9879.48 166.958
f 663/2037/348 662/2038/348 643/2039/348 644/2040/348 

vt 1611.47 0
vn 0.856902 0 0.51548
vt 1762.48 0
vt 1762.48 166.958
vt 1611.47 166.958
f 662/2041/349 661/2042/349 642/2043/349 643/2044/349 

vt 2060.37 0
vn 0.872209 0 0.489134
vt 2140.2 0
vt 2140.2 166.958
vt 2060.37 166.958
f 661/2045/350 660/2046/350 641/2047/350 642/2048/350 

vt -9703.15 0
vn -0.472338 0 0.881417
vt -9477.94 0
vt -9477.94 166.958
vt -9703.15 166.958
f 660/2049/351 659/2050/351 640/2051/351 641/2052/351 

vt 2310.61 0
vn 0.880626 0 0.473813
vt 2519.23 0
vt 2519.23 166.958
vt 2310.61 166.958
f 659/2053/352 658/2054/352 639/2055/352 640/2056/352 

vt -9394.9 0
vn -0.44493 0 0.895565
vt -9372.74 0
vt -9372.74 166.958
vt -9394.9 166.958
f 658/2057/353 657/2058/353 638/2059/353 639/2060/353 

vt 2565.97 0
vn 0.882922 0 0.46952
vt 2706.91 0
vt 2706.91 166.958
vt 2565.97 166.958
f 657/2061/354 656/2062/354 637/2063/354 638/2064/354 

vt 9408.05 0
vn 0.45698 0 -0.889477
vt 9947.72 0
vt 9947.72 166.958
vt 9648.71 166.958
vt 9408.05 166.958
f 656/2065/355 655/2066/355 636/2067/355 649/2068/355 637/2069/355 

vt -7492.69 6564.13
vt -7453.64 6633.76
vt -7284.34 6935.66
vt -7550.31 7072.3
vt -7575.59 7029.18
vt -7815.2 6552
vt -7570.54 6434.73
f 642/2070/20 641/2071/20 649/2072/20 636/2073/20 635/2074/20 644/2075/20 643/2076/20 

vt -7070.28 6825.68
vt -7255.14 6527.39
vt -7156.29 6711.1
vt -7136.45 6701.25
f 637/2077/20 649/2072/20 641/2071/20 640/2078/20 639/2079/20 638/2080/20 

g Mesh55 G_16_924445454686115 Model

v -199.78 0 -182.268
vt 7865.37 7175.9
v -195.235 0 -190.78
vt 7686.42 7511.04
v -187.634 0 -186.723
vt 7387.17 7351.31
v -187.84 0 -186.351
vt 7395.26 7336.65
f 655/1972/1 654/1971/1 664/2081/1 665/2082/1 666/2083/1 667/2084/1 

vt 2230.59 0
vn 0.862581 0 0.50592
vt 2280.58 0
v -191.778 2.31162 -179.636
vt 2280.58 91.0088
v -192.42 2.31162 -178.541
vt 2230.59 91.0088
f 654/2085/356 655/2086/356 668/2087/356 669/2088/356 

vt 2587.04 0
v -187.84 2.31162 -186.351
vt 2587.04 91.0088
f 655/2086/356 667/2089/356 670/2090/356 668/2087/356 

vt 2851.32 0
vn 0.875578 0 0.483077
vt 2868.06 0
v -187.634 2.31162 -186.723
vt 2868.06 91.0088
vt 2851.32 91.0088
f 667/2091/357 666/2092/357 671/2093/357 670/2094/357 

vt 9978.59 0
vn 0.470898 0 -0.882188
vt 10317.8 0
v -195.235 2.31162 -190.78
vt 10317.8 91.0088
vt 9978.59 91.0088
f 666/2095/358 665/2096/358 672/2097/358 671/2098/358 

vt -3005.4 0
vn -0.882132 0 -0.471003
vt -2625.48 0
v -199.78 2.31162 -182.268
vt -2625.48 91.0088
vt -3005.4 91.0088
f 665/2099/359 664/2100/359 673/2101/359 672/2102/359 

vt -10258.7 0
vn -0.451721 0 0.892159
vt -9933.87 0
vt -9933.87 91.0088
vt -10258.7 91.0088
f 664/2103/360 654/2104/360 669/2105/360 673/2106/360 

vt -7395.26 7336.65
vt -7387.17 7351.31
vt -7686.42 7511.04
vt -7865.37 7175.9
f 669/2074/20 668/2073/20 670/2107/20 671/2108/20 672/2109/20 673/2110/20 

g Mesh56 G_32_635883464674755 Model

v -178.368 0 -175.661
vt 7022.36 6915.79
v -181.484 0 -183.051
vt 7145.04 7206.74
v -184.052 0 -178.48
vt 7246.14 7026.78
v -182.46 0 -177.71
vt 7183.46 6996.45
f 674/2111/1 656/1973/1 655/1972/1 667/2084/1 675/2112/1 676/2113/1 677/2114/1 

vt 2706.9 0
vt 2808.96 0
v -178.368 2.86639 -175.661
vt 2808.96 112.85
v -179.585 2.86639 -173.372
vt 2706.9 112.85
f 656/2115/354 674/2116/354 678/2117/354 679/2118/354 

vt 9375.61 0
vn 0.447739 0 -0.894164
vt 9555.78 0
v -182.46 2.86639 -177.71
vt 9555.78 112.85
vt 9375.61 112.85
f 674/2119/361 677/2120/361 680/2121/361 678/2122/361 

vt 9513.64 0
vn 0.435561 0 -0.900159
vt 9583.27 0
v -184.052 2.86639 -178.48
vt 9583.27 112.85
vt 9513.64 112.85
f 677/2123/362 676/2124/362 681/2125/362 680/2126/362 

vt 2577.08 0
vn 0.871837 0 0.489796
vt 2783.49 0
v -181.484 2.86639 -183.051
vt 2783.49 112.85
vt 2577.08 112.85
f 676/2127/363 675/2128/363 682/2129/363 681/2130/363 

vt 9662.08 0
vn 0.460788 0 -0.88751
vt 9944.01 0
v -187.84 2.86639 -186.351
vt 9944.01 112.85
vt 9662.08 112.85
f 675/2131/364 667/2132/364 683/2133/364 682/2134/364 

vt -2587.04 0
v -191.778 2.86639 -179.636
vt -2280.58 112.85
vt -2587.04 112.85
f 667/2135/346 655/2029/346 684/2136/346 683/2137/346 

vt -9947.72 0
vn -0.45698 0 0.889477
vt -9408.05 0
vt -9408.05 112.85
vt -9947.72 112.85
f 655/2138/365 656/2139/365 679/2140/365 684/2141/365 

vt -7022.36 6915.79
vt -7183.46 6996.45
vt -7246.14 7026.78
vt -7145.04 7206.74
f 679/2077/20 678/2142/20 680/2143/20 681/2144/20 682/2145/20 683/2107/20 684/2073/20 

g Mesh57 G_23_646902518704277 Model

v -181.856 0 -178.75
vt 7159.7 7037.4
v -182.46 0 -179.109
vt 7183.46 7051.55
v -177.209 0 -190.498
vt 6976.72 7499.92
v -173.023 0 -188.495
vt 6811.93 7421.06
v -175.539 0 -182.923
vt 6911 7201.68
v -174.82 0 -182.332
vt 6882.69 7178.43
f 674/2111/1 677/2114/1 685/2146/1 686/2147/1 687/2148/1 688/2149/1 689/2150/1 690/2151/1 

vt -9555.78 0
vn -0.447739 0 0.894164
vt -9375.61 0
v -178.368 2.50816 -175.661
vt -9375.61 98.7466
v -182.46 2.50816 -177.71
vt -9555.78 98.7466
f 677/2152/366 674/2153/366 691/2154/366 692/2155/366 

vt 3106.43 0
v -174.82 2.50816 -182.332
vt 3106.43 98.7466
vt 2808.96 98.7466
f 674/2116/354 690/2156/354 693/2157/354 691/2158/354 

vt 9874.87 0
vn 0.634739 0 -0.772726
vt 9911.5 0
v -175.539 2.50816 -182.923
vt 9911.5 98.7466
vt 9874.87 98.7466
f 690/2159/367 689/2160/367 694/2161/367 693/2162/367 

vt 3718.92 0
vn 0.911371 0 0.411587
vt 3959.64 0
v -173.023 2.50816 -188.495
vt 3959.64 98.7466
vt 3718.92 98.7466
f 689/2163/368 688/2164/368 695/2165/368 694/2166/368 

vt 9347.95 0
vn 0.431651 0 -0.902041
vt 9530.63 0
v -177.209 2.50816 -190.498
vt 9530.63 98.7466
vt 9347.95 98.7466
f 688/2167/369 687/2168/369 696/2169/369 695/2170/369 

vt -3889.36 0
vn -0.908109 0 -0.418734
vt -3395.62 0
v -182.46 2.50816 -179.109
vt -3395.62 98.7466
vt -3889.36 98.7466
f 687/2171/370 686/2172/370 697/2173/370 696/2174/370 

vt -9780.34 0
vn -0.511805 0 0.859102
vt -9752.69 0
v -181.856 2.50816 -178.75
vt -9752.69 98.7466
vt -9780.34 98.7466
f 686/2175/371 685/2176/371 698/2177/371 697/2178/371 

vt -2493.62 0
vn -0.864938 0 -0.501878
vt -2446.28 0
vt -2446.28 98.7466
vt -2493.62 98.7466
f 685/2179/372 677/2180/372 692/2181/372 698/2182/372 

vt -6882.69 7178.43
vt -6911 7201.68
vt -6811.93 7421.06
vt -6976.72 7499.92
vt -7183.46 7051.55
vt -7159.7 7037.4
f 692/2143/20 691/2142/20 693/2183/20 694/2184/20 695/2185/20 696/2186/20 697/2187/20 698/2188/20 

g Mesh58 G_24_858009716855577 Model

v -173.886 0 -171.223
vt 6845.92 6741.05
v -178.397 0 -173.708
vt 7023.5 6838.89
v -172.988 0 -183.42
vt 6810.54 7221.27
v -168.776 0 -180.929
vt 6644.73 7123.2
v -166.748 0 -184.319
vt 6564.87 7256.65
v -163.486 0 -182.444
vt 6436.47 7182.85
v -170.574 0 -169.477
vt 6715.5 6672.31
f 699/2189/1 700/2190/1 701/2191/1 702/2192/1 703/2193/1 704/2194/1 705/2195/1 

vt -9451.8 0
vn -0.48256 0 0.875863
vt -9249.05 0
v -173.886 4.62745 -171.223
vt -9249.05 182.183
v -178.397 4.62745 -173.708
vt -9451.8 182.183
f 700/2196/373 699/2197/373 706/2198/373 707/2199/373 

vt -9199.47 0
vn -0.466312 0 0.884621
vt -9052.05 0
v -170.574 4.62745 -169.477
vt -9052.05 182.183
vt -9199.47 182.183
f 699/2200/374 705/2201/374 708/2202/374 706/2203/374 

vt 2634.29 0
vn 0.877497 0 0.479582
vt 3216.11 0
v -163.486 4.62745 -182.444
vt 3216.11 182.183
vt 2634.29 182.183
f 705/2204/375 704/2205/375 709/2206/375 708/2207/375 

vt 9159.82 0
vt 9307.91 0
v -166.748 4.62745 -184.319
vt 9307.91 182.183
vt 9159.82 182.183
f 704/2208/243 703/2209/243 710/2210/243 709/2211/243 

vt -2855.37 0
vn -0.858066 0 -0.513539
vt -2699.85 0
v -168.776 4.62745 -180.929
vt -2699.85 182.183
vt -2855.37 182.183
f 703/2212/376 702/2213/376 711/2214/376 710/2215/376 

vt 9345.54 0
vn 0.509083 0 -0.860717
vt 9538.17 0
v -172.988 4.62745 -183.42
vt 9538.17 182.183
vt 9345.54 182.183
f 702/2216/377 701/2217/377 712/2218/377 711/2219/377 

vt -2995 0
vn -0.873642 0 -0.48657
vt -2557.32 0
vt -2557.32 182.183
vt -2995 182.183
f 701/2220/378 700/2221/378 707/2222/378 712/2223/378 

vt -7023.5 6838.89
vt -6845.92 6741.05
vt -6715.5 6672.31
vt -6436.47 7182.85
vt -6564.87 7256.65
vt -6644.73 7123.2
vt -6810.54 7221.27
f 707/2224/20 706/2225/20 708/2226/20 709/2227/20 710/2228/20 711/2229/20 712/2230/20 

g Mesh59 G_15_913304222913508 Model

v -180.922 0 -158.255
vt 7122.93 6230.51
v -185.577 0 -160.816
vt 7306.17 6331.35
f 700/2190/1 699/2189/1 713/2231/1 714/2232/1 

vt 9249.05 0
vn 0.48256 0 -0.875863
vt 9451.8 0
v -178.397 3.13906 -173.708
vt 9451.8 123.585
v -173.886 3.13906 -171.223
vt 9249.05 123.585
f 699/2233/379 700/2234/379 715/2235/379 716/2236/379 

vt -1976.38 0
v -185.577 3.13906 -160.816
vt -1976.38 123.585
vt -2557.32 123.585
f 700/2221/378 714/2237/378 717/2238/378 715/2239/378 

vt -9453.52 0
vn -0.482151 0 0.876088
vt -9244.36 0
v -180.922 3.13906 -158.255
vt -9244.36 123.585
vt -9453.52 123.585
f 714/2240/380 713/2241/380 718/2242/380 717/2243/380 

vt 2079.43 0
vn 0.878958 0 0.4769
vt 2660.28 0
vt 2660.28 123.585
vt 2079.43 123.585
f 713/2244/381 699/2245/381 716/2246/381 718/2247/381 

vt -7306.17 6331.35
vt -7122.93 6230.51
f 716/2225/20 715/2224/20 717/2248/20 718/2249/20 

g Mesh60 G_26_358348470561843 Model

v -174.686 0 -241.724
vt 6877.39 9516.7
v -181.67 0 -243.984
vt 7152.37 9605.66
v -181.234 0 -245.576
vt 7135.19 9668.35
v -188.321 0 -247.99
vt 7414.22 9763.38
f 452/1368/1 451/1367/1 719/2250/1 720/2251/1 721/2252/1 722/2253/1 

vt 9162.19 0
vn 0.265217 0 -0.964189
vt 9736.31 0
v -187.796 3.75036 -249.726
vt 9736.31 147.652
v -173.735 3.75036 -245.858
vt 9162.19 147.652
f 451/2254/382 452/2255/382 723/2256/382 724/2257/382 

vt -7197.24 0
v -188.321 3.75036 -247.99
vt -7197.24 147.652
vt -7268.65 147.652
f 452/1399/237 722/2258/237 725/2259/237 723/2260/237 

vt -10166 0
vn -0.322395 0 0.946605
vt -9871.23 0
v -181.234 3.75036 -245.576
vt -9871.23 147.652
vt -10166 147.652
f 722/2261/383 721/2262/383 726/2263/383 725/2264/383 

vt -7437.41 0
vn -0.964404 0 -0.264433
vt -7372.42 0
v -181.67 3.75036 -243.984
vt -7372.42 147.652
vt -7437.41 147.652
f 721/2265/384 720/2266/384 727/2267/384 726/2268/384 

vt -9761.9 0
vn -0.30782 0 0.951445
vt -9472.88 0
v -174.686 3.75036 -241.724
vt -9472.88 147.652
vt -9761.9 147.652
f 720/2269/385 719/2270/385 728/2271/385 727/2272/385 

vt 7734.56 0
vn 0.974595 0 0.223975
vt 7901.57 0
vt 7901.57 147.652
vt 7734.56 147.652
f 719/2273/386 451/2274/386 724/2275/386 728/2276/386 

vt -7414.22 9763.38
vt -7135.19 9668.35
vt -7152.37 9605.66
vt -6877.39 9516.7
f 724/1403/20 723/1402/20 725/2277/20 726/2278/20 727/2279/20 728/2280/20 

g Mesh61 G_20_9924521158081 Model

v -171.46 0 -223.903
vt 6750.38 8815.08
v -149.61 0 -213.628
vt 5890.16 8410.56
v -152.384 0 -208.236
vt 5999.35 8198.25
v -149.833 0 -206.957
vt 5898.95 8147.93
v -150.3 0 -206.313
vt 5917.34 8122.56
v -152.149 0 -207.314
vt 5990.13 8161.99
v -152.984 0 -205.722
vt 6022.98 8099.3
v -160.251 0 -209.228
vt 6309.09 8237.3
v -159.147 0 -211.282
vt 6265.62 8318.18
v -174.092 0 -218.395
vt 6854.01 8598.22
f 729/2281/1 730/2282/1 731/2283/1 732/2284/1 733/2285/1 734/2286/1 735/2287/1 736/2288/1 737/2289/1 738/2290/1 

vt 8909.31 0
vn 0.425547 0 -0.904936
vt 9859.9 0
v -171.46 3.47792 -223.903
vt 9859.9 136.926
v -149.61 3.47792 -213.628
vt 8909.31 136.926
f 730/2291/387 729/2292/387 739/2293/387 740/2294/387 

vt -5043.16 0
vn -0.902277 0 -0.431158
vt -4802.82 0
v -174.092 3.47792 -218.395
vt -4802.82 136.926
vt -5043.16 136.926
f 729/2295/388 738/2296/388 741/2297/388 739/2298/388 

vt -9883.91 0
vn -0.429753 0 0.902947
vt -9232.28 0
v -159.147 3.47792 -211.282
vt -9232.28 136.926
vt -9883.91 136.926
f 738/2299/389 737/2300/389 742/2301/389 741/2302/389 

vt -4360.44 0
vn -0.880824 0 -0.473443
vt -4268.62 0
v -160.251 3.47792 -209.228
vt -4268.62 136.926
vt -4360.44 136.926
f 737/2303/390 736/2304/390 743/2305/390 742/2306/390 

vt -9261.2 0
vn -0.434438 0 0.900702
vt -8943.55 0
v -152.984 3.47792 -205.722
vt -8943.55 136.926
vt -9261.2 136.926
f 736/2307/391 735/2308/391 744/2309/391 743/2310/391 

vt 4377.17 0
vn 0.885692 0 0.464274
vt 4447.94 0
v -152.149 3.47792 -207.314
vt 4447.94 136.926
vt 4377.17 136.926
f 735/2311/392 734/2312/392 745/2313/392 744/2314/392 

vt -9154.49 0
vn -0.476283 0 0.879292
vt -9071.7 0
v -150.3 3.47792 -206.313
vt -9071.7 136.926
vt -9154.49 136.926
f 734/2315/393 733/2316/393 746/2317/393 745/2318/393 

vt 3105.09 0
vn 0.80975 0 0.586775
vt 3136.43 0
v -149.833 3.47792 -206.957
vt 3136.43 136.926
vt 3105.09 136.926
f 733/2319/394 732/2320/394 747/2321/394 746/2322/394 

vt 8924.56 0
vn 0.448084 0 -0.893992
vt 9036.87 0
v -152.384 3.47792 -208.236
vt 9036.87 136.926
vt 8924.56 136.926
f 732/2323/395 731/2324/395 748/2325/395 747/2326/395 

vt 4546.82 0
vn 0.889288 0 0.457348
vt 4785.55 0
vt 4785.55 136.926
vt 4546.82 136.926
f 731/2327/396 730/2328/396 740/2329/396 748/2330/396 

vt -5890.16 8410.56
vt -6750.38 8815.08
vt -6854.01 8598.22
vt -6265.62 8318.18
vt -6309.09 8237.3
vt -6022.98 8099.3
vt -5990.13 8161.99
vt -5917.34 8122.56
vt -5898.95 8147.93
vt -5999.35 8198.25
f 740/2331/20 739/2332/20 741/2333/20 742/2334/20 743/2335/20 744/2336/20 745/2337/20 746/2338/20 747/2339/20 748/2340/20 

g Mesh62 G_14_26847001303335 Model

v -170.257 0 -226.419
vt 6703.04 8914.14
v -148.352 0 -216.402
vt 5840.63 8519.75
f 730/2282/1 729/2281/1 749/2341/1 750/2342/1 

vt -9859.9 0
vn -0.425547 0 0.904936
vt -8909.31 0
v -149.61 4.30344 -213.628
vt -8909.31 169.427
v -171.46 4.30344 -223.903
vt -9859.9 169.427
f 729/2343/397 730/2344/397 751/2345/397 752/2346/397 

vt 5225.49 0
vn 0.910655 0 0.413168
vt 5345.39 0
v -148.352 4.30344 -216.402
vt 5345.39 169.427
vt 5225.49 169.427
f 730/2347/398 750/2348/398 753/2349/398 751/2350/398 

vt 8854.83 0
vn 0.415889 0 -0.909415
vt 9803.15 0
v -170.257 4.30344 -226.419
vt 9803.15 169.427
vt 8854.83 169.427
f 750/2351/399 749/2352/399 754/2353/399 753/2354/399 

vt -5152.95 0
vt -5043.16 169.427
vt -5152.95 169.427
f 749/2355/388 729/2295/388 752/2356/388 754/2357/388 

vt -5840.63 8519.75
vt -6703.04 8914.14
f 752/2332/20 751/2331/20 753/2358/20 754/2359/20 

g Mesh63 G_13_808304280676412 Model

v -146.272 0 -220.972
vt 5758.74 8699.7
v -143.468 0 -219.515
vt 5648.36 8642.32
v -144.041 0 -218.324
vt 5670.91 8595.44
v -142.911 0 -217.734
vt 5626.43 8572.19
v -145.646 0 -212.296
vt 5734.09 8358.12
v -146.824 0 -212.891
vt 5780.46 8381.55
v -149.658 0 -207.199
vt 5892.06 8157.44
f 730/2282/1 750/2342/1 755/2360/1 756/2361/1 757/2362/1 758/2363/1 759/2364/1 760/2365/1 761/2366/1 732/2284/1 731/2283/1 

vt -5345.39 0
vn -0.910655 0 -0.413168
vt -5225.49 0
v -149.61 3.14581 -213.628
vt -5225.49 123.851
v -148.352 3.14581 -216.402
vt -5345.39 123.851
f 750/2367/400 730/2368/400 762/2369/400 763/2370/400 

vt -4785.55 0
vn -0.889288 0 -0.457348
vt -4546.82 0
v -152.384 3.14581 -208.236
vt -4546.82 123.851
vt -4785.55 123.851
f 730/2371/401 731/2372/401 764/2373/401 762/2374/401 

vt -9036.87 0
vn -0.448084 0 0.893992
vt -8924.56 0
v -149.833 3.14581 -206.957
vt -8924.56 123.851
vt -9036.87 123.851
f 731/2375/402 732/2376/402 765/2377/402 764/2378/402 

vt 3148.17 0
v -149.658 3.14581 -207.199
vt 3148.17 123.851
vt 3136.43 123.851
f 732/2320/394 761/2379/394 766/2380/394 765/2381/394 

vt 4675.84 0
vn 0.895159 0 0.445747
vt 4926.2 0
v -146.824 3.14581 -212.891
vt 4926.2 123.851
vt 4675.84 123.851
f 761/2382/403 760/2383/403 767/2384/403 766/2385/403 

vt -8940.12 0
vn -0.451153 0 0.892446
vt -8888.16 0
v -145.646 3.14581 -212.296
vt -8888.16 123.851
vt -8940.12 123.851
f 760/2386/404 759/2387/404 768/2388/404 767/2389/404 

vt 4890.44 0
vn 0.89337 0 0.449322
vt 5130.06 0
v -142.911 3.14581 -217.734
vt 5130.06 123.851
vt 4890.44 123.851
f 759/2390/405 758/2391/405 769/2392/405 768/2393/405 

vt 8957.38 0
vn 0.463254 0 -0.886225
vt 9007.58 0
v -144.041 3.14581 -218.324
vt 9007.58 123.851
vt 8957.38 123.851
f 758/2394/406 757/2395/406 770/2396/406 769/2397/406 

vt 5288.13 0
vn 0.901186 0 0.433433
vt 5340.15 0
v -143.468 3.14581 -219.515
vt 5340.15 123.851
vt 5288.13 123.851
f 757/2398/407 756/2399/407 771/2400/407 770/2401/407 

vt 8997.91 0
vn 0.461253 0 -0.887268
vt 9122.31 0
v -146.272 3.14581 -220.972
vt 9122.31 123.851
vt 8997.91 123.851
f 756/2402/408 755/2403/408 772/2404/408 771/2405/408 

vt -5533.19 0
vn -0.910191 0 -0.414188
vt -5335.48 0
vt -5335.48 123.851
vt -5533.19 123.851
f 755/2406/409 750/2407/409 763/2408/409 772/2409/409 

vt -5892.06 8157.44
vt -5780.46 8381.55
vt -5734.09 8358.12
vt -5626.43 8572.19
vt -5670.91 8595.44
vt -5648.36 8642.32
vt -5758.74 8699.7
f 763/2358/20 762/2331/20 764/2340/20 765/2339/20 766/2410/20 767/2411/20 768/2412/20 769/2413/20 770/2414/20 771/2415/20 772/2416/20 

g Mesh64 G_21_168905097766707 Model

v -168.828 0 -229.411
vt 6646.76 9031.93
v -160.841 0 -225.713
vt 6332.34 8886.35
v -158.274 0 -230.926
vt 6231.24 9091.58
v -149.183 0 -226.612
vt 5873.36 8921.74
v -150.852 0 -222.927
vt 5939.07 8776.66
v -149.235 0 -222.093
vt 5875.38 8743.8
v -148.374 0 -223.71
vt 5841.51 8807.5
v -147.193 0 -223.094
vt 5795.01 8783.23
v -146.115 0 -225.136
vt 5752.55 8863.61
v -141.903 0 -223.145
vt 5586.74 8785.25
v -141.852 0 -222.876
vt 5584.72 8774.64
f 750/2342/1 749/2341/1 773/2417/1 774/2418/1 775/2419/1 776/2420/1 777/2421/1 778/2422/1 779/2423/1 780/2424/1 781/2425/1 782/2426/1 783/2427/1 756/2361/1 755/2360/1 

vt -9803.15 0
vn -0.415889 0 0.909415
vt -8854.83 0
v -148.352 3.44472 -216.402
vt -8854.83 135.619
v -170.257 3.44472 -226.419
vt -9803.15 135.619
f 749/2428/410 750/2429/410 784/2430/410 785/2431/410 

vt 5335.48 0
vn 0.910191 0 0.414188
vt 5533.19 0
v -146.272 3.44472 -220.972
vt 5533.19 135.619
vt 5335.48 135.619
f 750/2432/411 755/2433/411 786/2434/411 784/2435/411 

vt -9122.31 0
vn -0.461253 0 0.887268
vt -8997.91 0
v -143.468 3.44472 -219.515
vt -8997.91 135.619
vt -9122.31 135.619
f 755/2436/412 756/2437/412 787/2438/412 786/2439/412 

vt 5486.97 0
v -141.852 3.44472 -222.876
vt 5486.97 135.619
vt 5340.15 135.619
f 756/2399/407 783/2440/407 788/2441/407 787/2442/407 

vt 9664.64 0
vn 0.982339 0 -0.187112
vt 9675.44 0
v -141.903 3.44472 -223.145
vt 9675.44 135.619
vt 9664.64 135.619
f 783/2443/413 782/2444/413 789/2445/413 788/2446/413 

vt 8804.7 0
vn 0.427257 0 -0.90413
vt 8988.09 0
v -146.115 3.44472 -225.136
vt 8988.09 135.619
vt 8804.7 135.619
f 782/2447/414 781/2448/414 790/2449/414 789/2450/414 

vt -5150.01 0
vn -0.884193 0 -0.467121
vt -5059.11 0
v -147.193 3.44472 -223.094
vt -5059.11 135.619
vt -5150.01 135.619
f 781/2451/415 780/2452/415 791/2453/415 790/2454/415 

vt 9200.59 0
vn 0.462566 0 -0.886585
vt 9253.04 0
v -148.374 3.44472 -223.71
vt 9253.04 135.619
vt 9200.59 135.619
f 780/2455/416 779/2456/416 792/2457/416 791/2458/416 

vt -5033.87 0
vn -0.882934 0 -0.469497
vt -4961.73 0
v -149.235 3.44472 -222.093
vt -4961.73 135.619
vt -5033.87 135.619
f 779/2459/417 778/2460/417 793/2461/417 792/2462/417 

vt 9230.24 0
vn 0.458463 0 -0.888713
vt 9301.91 0
v -150.852 3.44472 -222.927
vt 9301.91 135.619
vt 9230.24 135.619
f 778/2463/418 777/2464/418 794/2465/418 793/2466/418 

vt 5544.24 0
vn 0.910909 0 0.412607
vt 5703.5 0
v -149.183 3.44472 -226.612
vt 5703.5 135.619
vt 5544.24 135.619
f 777/2467/419 776/2468/419 795/2469/419 794/2470/419 

vt 9131.29 0
vn 0.428744 0 -0.903426
vt 9527.43 0
v -158.274 3.44472 -230.926
vt 9527.43 135.619
vt 9131.29 135.619
f 776/2471/420 775/2472/420 796/2473/420 795/2474/420 

vt -5402.12 0
vn -0.897063 0 -0.441903
vt -5173.34 0
v -160.841 3.44472 -225.713
vt -5173.34 135.619
vt -5402.12 135.619
f 775/2475/421 774/2476/421 797/2477/421 796/2478/421 

vt 9480.02 0
vn 0.420168 0 -0.907446
vt 9826.5 0
v -168.828 3.44472 -229.411
vt 9826.5 135.619
vt 9480.02 135.619
f 774/2479/422 773/2480/422 798/2481/422 797/2482/422 

vt -5283.5 0
vt -5152.95 135.619
vt -5283.5 135.619
f 773/2483/388 749/2355/388 785/2484/388 798/2485/388 

vt -5584.72 8774.64
vt -5586.74 8785.25
vt -5752.55 8863.61
vt -5795.01 8783.23
vt -5841.51 8807.5
vt -5875.38 8743.8
vt -5939.07 8776.66
vt -5873.36 8921.74
vt -6231.24 9091.58
vt -6332.34 8886.35
vt -6646.76 9031.93
f 785/2359/20 784/2358/20 786/2416/20 787/2415/20 788/2486/20 789/2487/20 790/2488/20 791/2489/20 792/2490/20 793/2491/20 794/2492/20 795/2493/20 796/2494/20 797/2495/20 798/2496/20 

g Mesh65 G_34_3671949472555 Model

v -203.151 0 -200.343
vt 7998.06 7887.5
v -197.142 0 -197.261
vt 7761.49 7766.19
v -193.872 0 -195.647
vt 7632.74 7702.65
f 361/1074/1 368/1081/1 799/2497/1 800/2498/1 801/2499/1 

vt -10614.7 0
vn -0.431228 0 0.902243
vt -10209.3 0
v -194.836 2.6258 -193.694
vt -10209.3 103.378
v -204.126 2.6258 -198.134
vt -10614.7 103.378
f 368/2500/423 361/2501/423 802/2502/423 803/2503/423 

vn 0.896682 0 0.442676
vt 3528 0
v -193.872 2.6258 -195.647
vt 3528 103.378
vt 3442.23 103.378
f 361/1083/424 801/2504/424 804/2505/424 802/2506/424 

vt 10253.5 0
vn 0.442558 0 -0.89674
vt 10397 0
v -197.142 2.6258 -197.261
vt 10397 103.378
vt 10253.5 103.378
f 801/2507/425 800/2508/425 805/2509/425 804/2510/425 

vt 10450.1 0
vn 0.456317 0 -0.889817
vt 10716 0
v -203.151 2.6258 -200.343
vt 10716 103.378
vt 10450.1 103.378
f 800/2511/426 799/2512/426 806/2513/426 805/2514/426 

vt -3982.07 0
vn -0.914687 0 -0.404164
vt -3887.02 0
vt -3887.02 103.378
vt -3982.07 103.378
f 799/2515/427 368/2516/427 803/2517/427 806/2518/427 

vt -7632.74 7702.65
vt -7761.49 7766.19
vt -7998.06 7887.5
f 803/1116/20 802/1115/20 804/2519/20 805/2520/20 806/2521/20 

g Mesh66 G_18_91583523562593 Model

v -196.089 0 -199.457
vt 7720.04 7852.63
v -192.828 0 -197.762
vt 7591.64 7785.9
f 801/2499/1 800/2498/1 807/2522/1 808/2523/1 

vt -10397 0
vn -0.442558 0 0.89674
vt -10253.5 0
v -193.872 2.38168 -195.647
vt -10253.5 93.7668
v -197.142 2.38168 -197.261
vt -10397 93.7668
f 800/2524/428 801/2525/428 809/2526/428 810/2527/428 

vt 3620.84 0
v -192.828 2.38168 -197.762
vt 3620.84 93.7668
vt 3528 93.7668
f 801/2504/424 808/2528/424 811/2529/424 809/2530/424 

vt 10326.6 0
vn 0.461133 0 -0.887331
vt 10471.3 0
v -196.089 2.38168 -199.457
vt 10471.3 93.7668
vt 10326.6 93.7668
f 808/2531/429 807/2532/429 812/2533/429 811/2534/429 

vt -3742.56 0
vn -0.901688 0 -0.432388
vt -3646.7 0
vt -3646.7 93.7668
vt -3742.56 93.7668
f 807/2535/430 800/2536/430 810/2537/430 812/2538/430 

vt -7591.64 7785.9
vt -7720.04 7852.63
f 810/2520/20 809/2519/20 811/2539/20 812/2540/20 

g Mesh67 G_18_803090066732942 Model

f 619/1904/1 365/1078/1 364/1077/1 363/1076/1 

vt -3232.52 0
vn -0.898392 0 -0.439195
v -212.618 3.248 -181.428
vt -2740.68 127.874
v -207.131 3.248 -192.652
vt -3232.52 127.874
f 365/2541/431 619/1906/431 813/2542/431 814/2543/431 

vt -10755.5 0
vn -0.473658 0 0.880709
vt -10695.6 0
v -211.278 3.248 -180.708
vt -10695.6 127.874
vt -10755.5 127.874
f 619/2544/432 363/2545/432 815/2546/432 813/2547/432 

vt 2570.47 0
vn 0.891336 0 0.453343
vt 3064.43 0
v -205.59 3.248 -191.891
vt 3064.43 127.874
vt 2570.47 127.874
f 363/2548/433 364/2549/433 816/2550/433 815/2551/433 

vt 10602.3 0
vn 0.442725 0 -0.896658
vt 10670 0
vt 10670 127.874
vt 10602.3 127.874
f 364/2552/434 365/2553/434 814/2554/434 816/2555/434 

f 814/1119/20 813/1926/20 815/1121/20 816/1120/20 

g Mesh68 Group18 Group17 G_34_18721206604742 Model

v -88.6646 3.64796 -144.337
vt -3180.85 -4768.09
vn -0.486857 0.827206 -0.280536
v -84.9319 5.45235 -145.494
vt -3293.7 -4641.66
v -82.8595 5.38821 -149.28
vt -3463.57 -4646.15
v -83.8113 3.64796 -152.76
vt -3563.56 -4768.09
f 817/2556/435 818/2557/435 819/2558/435 820/2559/435 

vt -5490.38 3198.89
vn -0.242763 0.827206 0.506751
vt -5603.22 3072.46
v -83.7599 3.64796 -141.987
vt -5389.11 3072.46
f 818/2560/436 817/2561/436 821/2562/436

v -79.4459 3.64796 -150.294
vt 3809.69 4632.7
vn 0.498665 0.827206 0.258967
vt 3712.3 4754.63
vt 3542.43 4759.13
vt 3441.16 4632.7
f 822/2563/437 819/2564/437 818/2565/437 821/2566/437 

vt 5730.48 -2787.18
vn 0.276297 0.827206 -0.489275
vt 5633.09 -2909.11
vt 5830.47 -2909.11
f 819/2567/438 822/2568/438 820/2569/438

g Mesh69 Group17 G_34_18721206604742 Model

vt 3490.73 5682.56
vt 3299.66 6014.16
vt 3127.79 5917.11
vt 3297.63 5590.05
f 817/2570/1 820/2571/1 822/2572/1 821/2573/1 

g Mesh70 G_34_18721206604742 Model

v -88.6646 0 -144.337
v -83.8113 0 -152.76
v -79.4459 0 -150.294
v -83.7599 0 -141.987
f 823/2570/1 824/2571/1 825/2572/1 826/2573/1 

vt -3563.56 0
vn -0.866449 0 -0.499265
vt -3180.85 0
vt -3180.85 143.62
vt -3563.56 143.62
f 824/2574/439 823/2575/439 817/2576/439 820/2577/439 

vt -5603.22 0
vn -0.43204 0 0.901854
vt -5389.11 0
vt -5389.11 143.62
vt -5603.22 143.62
f 823/2578/440 826/2579/440 821/2580/440 817/2581/440 

vt 3441.16 0
vn 0.887464 0 0.460878
vt 3809.69 0
vt 3809.69 143.62
vt 3441.16 143.62
f 826/2582/441 825/2583/441 822/2584/441 821/2585/441 

vt 5633.09 0
vn 0.49172 0 -0.870754
vt 5830.47 0
vt 5830.47 143.62
vt 5633.09 143.62
f 825/2586/442 824/2587/442 820/2588/442 822/2589/442 

vt -3299.66 6014.16
vt -3490.73 5682.56
vt -3297.63 5590.05
vt -3127.79 5917.11
f 820/2590/20 817/2591/20 821/2592/20 822/2593/20 

g Mesh71 G_13_136019943331585 Model

v -93.5179 0 -138.277
vt 3681.81 5443.97
v -98.4996 0 -141.076
vt 3877.94 5554.16
v -96.3426 0 -146.006
vt 3793.01 5748.27
v -90.8473 0 -143.336
vt 3576.66 5643.13
f 827/2594/1 828/2595/1 829/2596/1 830/2597/1 

vt -6101.47 0
vn -0.489834 0 0.871815
vt -5876.5 0
v -93.5179 2.35339 -138.277
vt -5876.5 92.653
v -98.4996 2.35339 -141.076
vt -6101.47 92.653
f 828/2598/443 827/2599/443 831/2600/443 832/2601/443 

vt 3095.41 0
vn 0.884333 0 0.466856
vt 3320.62 0
v -90.8473 2.35339 -143.336
vt 3320.62 92.653
vt 3095.41 92.653
f 827/2602/444 830/2603/444 833/2604/444 831/2605/444 

vt 5683.5 0
vn 0.437098 0 -0.899414
vt 5924.05 0
v -96.3426 2.35339 -146.006
vt 5924.05 92.653
vt 5683.5 92.653
f 830/2606/445 829/2607/445 834/2608/445 833/2609/445 

vt -3746.01 0
vn -0.916157 0 -0.400819
vt -3534.14 0
vt -3534.14 92.653
vt -3746.01 92.653
f 829/2610/446 828/2611/446 832/2612/446 834/2613/446 

vt -3877.94 5554.16
vt -3681.81 5443.97
vt -3576.66 5643.13
vt -3793.01 5748.27
f 832/2614/20 831/2615/20 833/2616/20 834/2617/20 

g Mesh72 Group20 Group19 G_28_105471295874395 Model

v -73.193 3.86611 -135.722
vt -3481.89 -4314.98
vn -0.420993 0.882082 -0.211416
v -63.2444 7.8439 -138.936
vt -3770.76 -3982.56
v -62.5909 7.84128 -140.248
vt -3828.47 -3982.78
v -63.0821 7.23303 -141.808
vt -3874.67 -4033.61
v -71.7165 3.86611 -138.662
vt -3611.42 -4314.98
f 835/2618/447 836/2619/447 837/2620/447 838/2621/447 839/2622/447 

v -53.4075 3.86611 -125.412
vt -4146.35 3076.94
vn -0.2177 0.882082 0.417778
v -55.009 5.81775 -130.367
vt -4292.42 3240.04
v -59.1054 5.81181 -132.489
vt -4474.05 3239.55
v -60.7294 7.57857 -137.065
vt -4614.01 3387.2
v -63.02 7.57408 -138.25
vt -4715.53 3386.82
vt -4735.85 3409.37
vt -5024.72 3076.94
f 840/2623/448 841/2624/448 842/2625/448 843/2626/448 844/2627/448 836/2628/448 835/2629/448 

vt 3615.52 3846.24
vn 0.42103 0.882082 0.211341
vt 3469.45 3683.14
v -50.1206 3.86611 -131.96
vt 3757.91 3683.14
f 841/2630/449 840/2631/449 845/2632/449

v -54.4089 3.86611 -134.168
vt 4322.75 -3205.57
vn 0.215682 0.882082 -0.418823
vt 4456.86 -3042.97
vt 4275.23 -3042.47
vt 4132.84 -3205.57
f 846/2633/450 842/2634/450 841/2635/450 845/2636/450 

v -51.764 3.86611 -140.28
vt 4259.11 3656.35
vn 0.432345 0.882082 0.187107
vt 4002.78 3966.6
vt 3862.82 3818.95
vt 3996.93 3656.35
f 847/2637/451 843/2638/451 842/2639/451 846/2640/451 

v -53.767 3.86611 -141.307
vt 4422.18 -3442.82
vn 0.214969 0.882082 -0.41919
vt 4691.41 -3132.94
vt 4589.89 -3132.57
vt 4333.56 -3442.82
f 848/2641/452 844/2642/452 843/2643/452 847/2644/452 

v -52.7398 3.86611 -143.387
vt 4142.24 3918.73
vn 0.422399 0.882082 0.208592
vt 3859.72 4250.94
vt 3802.01 4251.16
vt 3781.68 4228.61
vt 4050.91 3918.73
f 849/2645/453 837/2646/453 836/2647/453 844/2648/453 848/2649/453 

v -66.8118 3.86611 -150.988
vt 5139.42 -3439.07
vn 0.223888 0.882082 -0.414495
v -63.9443 7.25571 -142.226
vt 4876.14 -3155.8
vt 4838.46 -3157.7
vt 4792.26 -3106.86
vt 4509.75 -3439.07
f 850/2650/454 851/2651/454 838/2652/454 837/2653/454 849/2654/454 

v -68.481 3.86611 -147.47
vt -4089.76 -4272.16
vn -0.425621 0.882082 -0.201937
v -66.3586 6.29921 -141.315
vt -3906.65 -4068.82
vt -3979.78 -3988.89
vt -4243.06 -4272.16
f 852/2655/455 853/2656/455 851/2657/455 850/2658/455 

v -69.4568 3.86611 -147.958
vt 5050.89 -3445.35
vn 0.210681 0.882082 -0.421361
v -67.3331 6.31559 -141.768
vt 4867.13 -3240.64
vt 4824.84 -3242.01
vt 5007.94 -3445.35
f 854/2659/456 855/2660/456 853/2661/456 852/2662/456 

v -70.0217 3.86611 -146.776
vt -4023.65 -4321.22
vn -0.424992 0.882082 -0.203257
v -68.2803 5.94114 -141.413
vt -3862.72 -4147.81
vt -3891.44 -4116.51
vt -4075.2 -4321.22
f 856/2663/457 857/2664/457 855/2665/457 854/2666/457 

v -75.7995 3.86611 -149.909
vt 5436.62 -3250.09
vn 0.224553 0.882082 -0.414135
v -74.2196 5.79346 -144.948
vt 5288.83 -3089.02
v -68.5641 5.7164 -142.045
vt 5038.63 -3095.46
v -68.3674 5.94347 -141.455
vt 5020.74 -3076.48
vt 5016.94 -3076.68
vt 5177.87 -3250.09
f 858/2667/458 859/2668/458 860/2669/458 861/2670/458 857/2671/458 856/2672/458 

vt -3829.42 -4428.12
vn -0.422664 0.882082 -0.208055
vt -3977.21 -4589.19
v -79.0607 3.86611 -143.284
vt -3686.49 -4589.19
f 859/2673/459 858/2674/459 862/2675/459

v -73.1289 3.86611 -140.408
vt -5002.31 3351.28
vn -0.205527 0.882082 0.423899
vt -4868.72 3505.91
vt -5118.92 3512.35
vt -5261.85 3351.28
f 863/2676/460 860/2677/460 859/2678/460 862/2679/460 

v -73.5654 3.86611 -139.458
vt -3779.87 -4271.71
vn -0.428074 0.882082 -0.196683
vt -3936.75 -4098.1
vt -3954.63 -4117.08
vt -3821.04 -4271.71
f 864/2680/461 861/2681/461 860/2682/461 863/2683/461 

vt -4752.18 3509.67
vn -0.186299 0.882082 0.432694
vt -4488.94 3791.04
vt -4526.62 3792.94
vt -4599.75 3713
vt -4642.04 3714.37
vt -4670.75 3683.08
vt -4674.56 3683.27
vt -4831.44 3509.67
f 839/2684/462 838/2685/462 851/2686/462 853/2687/462 855/2688/462 857/2689/462 861/2690/462 864/2691/462 

g Mesh73 Group19 G_28_105471295874395 Model

vt 2881.62 5343.37
vt 2823.48 5459.13
vt 2896.28 5490.47
vt 2879.09 5527.88
vt 3112.62 5641.11
vt 2984.23 5901.94
vt 2756.76 5778.6
vt 2734.52 5825.11
vt 2696.1 5805.9
vt 2630.39 5944.4
vt 2076.37 5645.15
vt 2116.81 5563.26
vt 2037.95 5522.82
vt 2142.08 5282.21
vt 1973.25 5195.27
vt 2102.66 4937.47
f 835/2692/1 839/2693/1 864/2694/1 863/2695/1 862/2696/1 858/2697/1 856/2698/1 854/2699/1 852/2700/1 850/2701/1 849/2702/1 848/2703/1 847/2704/1 846/2705/1 845/2706/1 840/2707/1 

g Mesh74 G_28_105471295874395 Model

v -73.193 0 -135.722
v -71.7165 0 -138.662
v -73.5654 0 -139.458
v -73.1289 0 -140.408
v -79.0607 0 -143.284
v -75.7995 0 -149.909
v -70.0217 0 -146.776
v -69.4568 0 -147.958
v -68.481 0 -147.47
v -66.8118 0 -150.988
v -52.7398 0 -143.387
v -53.767 0 -141.307
v -51.764 0 -140.28
v -54.4089 0 -134.168
v -50.1206 0 -131.96
v -53.4075 0 -125.412
f 865/2692/1 866/2693/1 867/2694/1 868/2695/1 869/2696/1 870/2697/1 871/2698/1 872/2699/1 873/2700/1 874/2701/1 875/2702/1 876/2703/1 877/2704/1 878/2705/1 879/2706/1 880/2707/1 

vt -3611.42 0
vn -0.893645 0 -0.448774
vt -3481.89 0
vt -3481.89 152.209
vt -3611.42 152.209
f 866/2708/463 865/2709/463 835/2710/463 839/2711/463 

vt -5024.72 0
vn -0.462114 0 0.886821
vt -4146.35 0
vt -4146.35 152.209
vt -5024.72 152.209
f 865/2712/464 880/2713/464 840/2714/464 835/2715/464 

vt 3469.45 0
vn 0.893725 0 0.448615
vt 3757.91 0
vt 3757.91 152.209
vt 3469.45 152.209
f 880/2716/465 879/2717/465 845/2718/465 840/2719/465 

vt 4132.84 0
vn 0.457829 0 -0.88904
vt 4322.75 0
vt 4322.75 152.209
vt 4132.84 152.209
f 879/2720/466 878/2721/466 846/2722/466 845/2723/466 

vt 3996.93 0
vn 0.917743 0 0.397175
vt 4259.11 0
vt 4259.11 152.209
vt 3996.93 152.209
f 878/2724/467 877/2725/467 847/2726/467 846/2727/467 

vt 4333.56 0
vt 4422.18 0
vt 4422.18 152.209
vt 4333.56 152.209
f 877/2728/426 876/2729/426 848/2730/426 847/2731/426 

vt 4050.91 0
vn 0.89663 0 0.44278
vt 4142.24 0
vt 4142.24 152.209
vt 4050.91 152.209
f 876/2732/468 875/2733/468 849/2734/468 848/2735/468 

vt 4509.75 0
vn 0.475248 0 -0.879852
vt 5139.42 0
vt 5139.42 152.209
vt 4509.75 152.209
f 875/2736/469 874/2737/469 850/2738/469 849/2739/469 

vt -4243.06 0
vn -0.903469 0 -0.428653
vt -4089.76 0
vt -4089.76 152.209
vt -4243.06 152.209
f 874/2740/470 873/2741/470 852/2742/470 850/2743/470 

vt 5007.94 0
vn 0.447214 0 -0.894427
vt 5050.89 0
vt 5050.89 152.209
vt 5007.94 152.209
f 873/2744/471 872/2745/471 854/2746/471 852/2747/471 

vt -4075.2 0
vt -4023.65 0
vt -4023.65 152.209
vt -4075.2 152.209
f 872/2748/254 871/2749/254 856/2750/254 854/2751/254 

vt 5177.87 0
vn 0.476661 0 -0.879087
vt 5436.62 0
vt 5436.62 152.209
vt 5177.87 152.209
f 871/2752/472 870/2753/472 858/2754/472 856/2755/472 

vt -3977.21 0
vn -0.897192 0 -0.441641
vt -3686.49 0
vt -3686.49 152.209
vt -3977.21 152.209
f 870/2756/473 869/2757/473 862/2758/473 858/2759/473 

vt -5261.85 0
vn -0.436274 0 0.899814
vt -5002.31 0
vt -5002.31 152.209
vt -5261.85 152.209
f 869/2760/474 868/2761/474 863/2762/474 862/2763/474 

vt -3821.04 0
vn -0.908677 0 -0.4175
vt -3779.87 0
vt -3779.87 152.209
vt -3821.04 152.209
f 868/2764/475 867/2765/475 864/2766/475 863/2767/475 

vt -4831.44 0
vn -0.395458 0 0.918484
vt -4752.18 0
vt -4752.18 152.209
vt -4831.44 152.209
f 867/2768/476 866/2769/476 839/2770/476 864/2771/476 

vt -2823.48 5459.13
vt -2881.62 5343.37
vt -2102.66 4937.47
vt -1973.25 5195.27
vt -2142.08 5282.21
vt -2037.95 5522.82
vt -2116.81 5563.26
vt -2076.37 5645.15
vt -2630.39 5944.4
vt -2696.1 5805.9
vt -2734.52 5825.11
vt -2756.76 5778.6
vt -2984.23 5901.94
vt -3112.62 5641.11
vt -2879.09 5527.88
vt -2896.28 5490.47
f 839/2772/20 835/2773/20 840/2774/20 845/2775/20 846/2776/20 847/2777/20 848/2778/20 849/2779/20 850/2780/20 852/2781/20 854/2782/20 856/2783/20 858/2784/20 862/2785/20 863/2786/20 864/2787/20 

g Mesh75 G_35_00784677002705 Model

v -85.7757 0 -31.581
vt 3377 1243.35
v -92.8502 0 -32.1588
vt 3655.52 1266.09
v -92.5164 0 -37.3331
vt 3642.38 1469.81
v -85.275 0 -36.7168
vt 3357.28 1445.54
f 881/2788/1 882/2789/1 883/2790/1 884/2791/1 

vt -3746.45 0
vn -0.0813987 0 0.996682
vt -3467 0
v -85.7757 3.86585 -31.581
vt -3467 152.199
v -92.8502 3.86585 -32.1588
vt -3746.45 152.199
f 882/2792/477 881/2793/477 885/2794/477 886/2795/477 

vt 909.776 0
vn 0.99528 0 0.0970398
vt 1112.93 0
v -85.275 3.86585 -36.7168
vt 1112.93 152.199
vt 909.776 152.199
f 881/2796/478 884/2797/478 887/2798/478 885/2799/478 

vt 3467.77 0
vn 0.0847998 0 -0.996398
vt 3753.9 0
v -92.5164 3.86585 -37.3331
vt 3753.9 152.199
vt 3467.77 152.199
f 884/2800/479 883/2801/479 888/2802/479 887/2803/479 

vt -1232.25 0
vn -0.997925 0 -0.0643823
vt -1028.12 0
vt -1028.12 152.199
vt -1232.25 152.199
f 883/2804/480 882/2805/480 886/2806/480 888/2807/480 

vt -3655.52 1266.09
vt -3377 1243.35
vt -3357.28 1445.54
vt -3642.38 1469.81
f 886/2808/20 885/2809/20 887/2810/20 888/2811/20 

g Mesh76 G_36_32678786045493 Model

v -114.435 0 10.3883
vt 4505.33 -408.988
v -101.799 0 12.0731
vt 4007.85 -475.318
v -103.019 0 21.1634
vt 4055.87 -833.205
v -105.638 0 20.8167
vt 4158.99 -819.557
v -115.544 0 19.1717
vt 4548.97 -754.791
f 889/2812/1 890/2813/1 891/2814/1 892/2815/1 893/2816/1 

vt 3909.87 0
vn 0.132164 0 -0.991228
vt 4411.75 0
v -114.435 3.96934 10.3883
vt 4411.75 156.273
v -101.799 3.96934 12.0731
vt 3909.87 156.273
f 890/2817/481 889/2818/481 894/2819/481 895/2820/481 

vt 969.926 0
vn -0.992129 0 -0.12522
vt 1318.47 0
v -115.544 3.96934 19.1717
vt 1318.47 156.273
vt 969.926 156.273
f 889/2821/482 893/2822/482 896/2823/482 894/2824/482 

vt -4363.86 0
vn -0.163829 0 0.986489
vt -3968.53 0
v -105.638 3.96934 20.8167
vt -3968.53 156.273
vt -4363.86 156.273
f 893/2825/483 892/2826/483 897/2827/483 896/2828/483 

vt -4015.5 0
vn -0.131209 0 0.991355
vt -3911.48 0
v -103.019 3.96934 21.1634
vt -3911.48 156.273
vt -4015.5 156.273
f 892/2829/484 891/2830/484 898/2831/484 897/2832/484 

vt -1365.19 0
vn 0.991118 0 0.132989
vt -1004.1 0
vt -1004.1 156.273
vt -1365.19 156.273
f 891/2833/485 890/2834/485 895/2835/485 898/2836/485 

vt -4007.85 -475.318
vt -4505.33 -408.988
vt -4548.97 -754.791
vt -4158.99 -819.557
vt -4055.87 -833.205
f 895/2837/20 894/2838/20 896/2839/20 897/2840/20 898/2841/20 

g Mesh77 G_32_146284760432906 Model

v -93.03 0 28.3535
vt 3662.6 -1116.28
v -97.4211 0 27.4291
vt 3835.48 -1079.88
v -96.5993 0 20.2133
vt 3803.12 -795.799
v -91.592 0 21.0093
vt 3605.98 -827.139
f 899/2842/1 900/2843/1 901/2844/1 902/2845/1 

vt -3530.74 0
vn -0.20601 0 0.97855
vt -3354.07 0
v -93.03 2.47569 28.3535
vt -3354.07 97.468
v -97.4211 2.47569 27.4291
vt -3530.74 97.468
f 900/2846/486 899/2847/486 903/2848/486 904/2849/486 

vt -1799.26 0
vn 0.981365 0 0.192155
vt -1504.63 0
v -91.592 2.47569 21.0093
vt -1504.63 97.468
vt -1799.26 97.468
f 899/2850/487 902/2851/487 905/2852/487 903/2853/487 

vt 3431.4 0
vn 0.157003 0 -0.987598
vt 3631.02 0
v -96.5993 2.47569 20.2133
vt 3631.02 97.468
vt 3431.4 97.468
f 902/2854/488 901/2855/488 906/2856/488 905/2857/488 

vt 1221 0
vn -0.993578 0 -0.113148
vt 1506.92 0
vt 1506.92 97.468
vt 1221 97.468
f 901/2858/489 900/2859/489 904/2860/489 906/2861/489 

vt -3835.48 -1079.88
vt -3662.6 -1116.28
vt -3605.98 -827.139
vt -3803.12 -795.799
f 904/2862/20 903/2863/20 905/2864/20 906/2865/20 

g Mesh78 G_33_663861026645236 Model

v -297.748 0 -236.784
vt 11722.4 9322.21
v -304.926 0 -240.495
vt 12004.9 9468.3
f 472/1423/1 471/1422/1 470/1421/1 469/1420/1 468/1419/1 467/1418/1 466/1417/1 907/2866/1 908/2867/1 

vt 14462.4 0
vn 0.432557 0 -0.901606
vt 14911.9 0
v -296.028 4.07019 -258.607
vt 14911.9 160.244
v -285.734 4.07019 -253.668
vt 14462.4 160.244
f 471/2868/490 472/2869/490 909/2870/490 910/2871/490 

vt -3205.05 0
v -304.926 4.07019 -240.495
vt -3205.05 160.244
vt -3999.52 160.244
f 472/1484/250 908/2872/250 911/2873/250 909/2874/250 

vt -15012.4 0
vn -0.45925 0 0.888307
vt -14694.3 0
v -297.748 4.07019 -236.784
vt -14694.3 160.244
vt -15012.4 160.244
f 908/2875/491 907/2876/491 912/2877/491 911/2878/491 

vt 3157.76 0
vn 0.896316 0 0.443416
vt 3584.12 0
v -292.946 4.07019 -246.491
vt 3584.12 160.244
vt 3157.76 160.244
f 907/2879/492 466/2880/492 913/2881/492 912/2882/492 

vt 3412.11 0
vn 0.891052 0 0.453901
vt 3487.56 0
v -292.077 4.07019 -248.198
vt 3487.56 160.244
vt 3412.11 160.244
f 466/2883/493 467/2884/493 914/2885/493 913/2886/493 

vt 14517.9 0
vn 0.415133 0 -0.909761
vt 14632.4 0
v -294.722 4.07019 -249.405
vt 14632.4 160.244
vt 14517.9 160.244
f 467/2887/494 468/2888/494 915/2889/494 914/2890/494 

vt 3851.88 0
vn 0.902134 0 0.431455
vt 4006.53 0
v -293.027 4.07019 -252.949
vt 4006.53 160.244
vt 3851.88 160.244
f 468/2891/495 469/2892/495 916/2893/495 915/2894/495 

vt -14677.9 0
vn -0.425598 0 0.904912
vt -14433.2 0
v -287.403 4.07019 -250.304
vt -14433.2 160.244
vt -14677.9 160.244
f 469/2895/496 470/2896/496 917/2897/496 916/2898/496 

vt 3798.28 0
vn 0.895791 0 0.444476
vt 3946.12 0
vt 3946.12 160.244
vt 3798.28 160.244
f 470/2899/497 471/2900/497 910/2901/497 917/2902/497 

vt -12004.9 9468.3
vt -11722.4 9322.21
f 910/1553/20 909/1552/20 911/2903/20 912/2904/20 913/1558/20 914/1557/20 915/1556/20 916/1555/20 917/1554/20 

g Mesh79 G_53_37350460596009 Model

f 563/1725/1 562/1724/1 571/1742/1 574/1751/1 

vt -3099.2 0
vn -0.896367 0 -0.443312
vt -2995.44 0
v -269.749 5.64157 -218.289
vt -2995.44 222.109
v -268.58 5.64157 -220.651
vt -3099.2 222.109
f 562/2905/498 563/2906/498 918/2907/498 919/2908/498 

vt -13328.9 0
vn -0.44318 0 0.896433
vt -13228.5 0
v -267.463 5.64157 -217.159
vt -13228.5 222.109
vt -13328.9 222.109
f 563/2909/499 574/2910/499 920/2911/499 918/2912/499 

vt 2731.93 0
vn 0.887379 0 0.461041
vt 2833.89 0
v -266.269 5.64157 -219.457
vt 2833.89 222.109
vt 2731.93 222.109
f 574/2913/500 571/2914/500 921/2915/500 920/2916/500 

vt 13279.4 0
vn 0.45902 0 -0.888426
vt 13381.8 0
vt 13381.8 222.109
vt 13279.4 222.109
f 571/2917/501 562/2918/501 919/2919/501 921/2920/501 

f 919/1760/20 918/1761/20 920/1763/20 921/1762/20 

g Mesh80 G_13_431036524145918 Model

v -226.236 0 -55.7946
vt 8906.93 2196.64
v -226.518 0 -54.2539
vt 8918.05 2135.98
v -229.6 0 -54.8188
vt 9039.37 2158.22
v -229.33 0 -56.321
vt 9028.75 2217.36
f 922/2921/1 923/2922/1 924/2923/1 925/2924/1 

vt 492.79 0
vn 0.983607 0 0.180328
vt 554.46 0
v -226.236 1.20706 -55.7946
vt 554.46 47.522
v -226.518 1.20706 -54.2539
vt 492.79 47.522
f 923/2925/502 922/2926/502 926/2927/502 927/2928/502 

vt 9149.17 0
vn 0.167715 0 -0.985836
vt 9272.75 0
v -229.33 1.20706 -56.321
vt 9272.75 47.522
vt 9149.17 47.522
f 922/2929/503 925/2930/503 928/2931/503 926/2932/503 

vt -587.43 0
vn -0.984271 0 -0.176664
vt -527.343 0
v -229.6 1.20706 -54.8188
vt -527.343 47.522
vt -587.43 47.522
f 925/2933/504 924/2934/504 929/2935/504 928/2936/504 

vt -9280.37 0
vn -0.180328 0 0.983607
vt -9157.03 0
vt -9157.03 47.522
vt -9280.37 47.522
f 924/2937/505 923/2938/505 927/2939/505 929/2940/505 

vt -8918.05 2135.98
vt -8906.93 2196.64
vt -9028.75 2217.36
vt -9039.37 2158.22
f 927/2941/20 926/2942/20 928/2943/20 929/2944/20 

g Mesh81 G_25_000796890562103 Model

v -231.911 0 19.2872
vt 9130.35 -759.34
v -241.951 0 17.1559
vt 9525.65 -675.429
v -241.027 0 13.5352
vt 9489.25 -532.881
v -230.91 0 15.872
vt 9090.93 -624.88
f 930/2945/1 931/2946/1 932/2947/1 933/2948/1 

vt -9177.77 0
vn -0.207649 0 0.978203
vt -8773.67 0
v -231.911 3.07005 19.2872
vt -8773.67 120.868
v -241.951 3.07005 17.1559
vt -9177.77 120.868
f 931/2949/506 930/2950/506 934/2951/506 935/2952/506 

vt -3297.8 0
vn 0.959595 0 0.281385
vt -3157.68 0
v -230.91 3.07005 15.872
vt -3157.68 120.868
vt -3297.8 120.868
f 930/2953/507 933/2954/507 936/2955/507 934/2956/507 

vt 8717.12 0
vn 0.22504 0 -0.974349
vt 9125.93 0
v -241.027 3.07005 13.5352
vt 9125.93 120.868
vt 8717.12 120.868
f 933/2957/508 932/2958/508 937/2959/508 936/2960/508 

vt 2863.8 0
vn -0.968918 0 -0.247383
vt 3010.92 0
vt 3010.92 120.868
vt 2863.8 120.868
f 932/2961/509 931/2962/509 935/2963/509 937/2964/509 

vt -9525.65 -675.429
vt -9130.35 -759.34
vt -9090.93 -624.88
vt -9489.25 -532.881
f 935/2965/20 934/2966/20 936/2967/20 937/2968/20 

g Mesh82 Group22 Group21 G_33_067479550382885 Model

v -263.249 4.45479 -238.28
vt 13814.4 -1698.39
vn 0.299885 0.838029 -0.455826
v -261.781 6.76442 -233.068
vt 13653.3 -1531.73
v -261.087 6.72442 -232.685
vt 13622.2 -1534.62
v -262.761 4.45479 -237.959
vt 13791.4 -1698.39
f 938/2969/510 939/2970/510 940/2971/510 941/2972/510 

v -266.638 4.45479 -231.077
vt -3761.77 -11110.5
vn -0.493693 0.838029 -0.232326
v -263.995 5.73219 -232.087
vt -3842.05 -11018.3
v -263.897 5.73364 -232.291
vt -3850.96 -11018.2
vt -3914.12 -10943.9
vt -4075.18 -11110.5
f 942/2973/511 943/2974/511 944/2975/511 939/2976/511 938/2977/511 

v -266.215 4.45479 -230.897
vt -13198.8 3678.42
vn -0.213094 0.838029 0.502294
v -263.89 5.58955 -231.804
vt -13128.5 3760.3
vt -13136.6 3770.59
vt -13216.9 3678.42
f 945/2978/512 946/2979/512 943/2980/512 942/2981/512 

v -267.332 4.45479 -228.432
vt -3847.72 -11048.8
vn -0.496986 0.838029 -0.225197
v -265.059 5.55922 -229.339
vt -3917.18 -10969.1
vt -4024.58 -10966.9
vt -3954.28 -11048.8
f 947/2982/513 948/2983/513 946/2984/513 945/2985/513 

vt -13067.9 3834.53
vn -0.20553 0.838029 0.505436
vt -13137.3 3754.84
v -264.238 4.45479 -227.174
vt -13005.8 3754.84
f 948/2986/514 947/2987/514 949/2988/514

v -262.979 4.45479 -229.716
vt 3512.75 11233.9
vn 0.489007 0.838029 0.242034
vt 3587.57 11326.1
vt 3578.66 11326
vt 3570.53 11315.7
vt 3463.13 11313.6
vt 3401.08 11233.9
f 950/2989/515 944/2990/515 943/2991/515 946/2992/515 948/2993/515 949/2994/515 

v -258.177 4.45479 -227.533
vt -12960.2 3405.06
vn -0.225782 0.838029 0.49672
v -260.123 7.21587 -233.076
vt -13120.3 3604.28
vt -13148.5 3568.82
vt -13179.6 3571.71
vt -13242.7 3497.33
vt -13167.9 3405.06
f 951/2995/516 952/2996/516 940/2997/516 939/2998/516 944/2999/516 950/3000/516 

v -253.298 4.45479 -237.163
vt 3821.89 11087.1
vn 0.486718 0.838029 0.246604
v -255.653 5.57902 -236.335
vt 3750.92 11168.2
v -256.173 5.60114 -235.385
vt 3708.29 11169.8
v -259.608 7.25464 -234.225
vt 3606.43 11289.1
vt 3556.92 11286.3
vt 3396.88 11087.1
f 953/3001/517 954/3002/517 955/3003/517 956/3004/517 952/3005/517 951/3006/517 

vt 13010.4 -3495.26
vn 0.225467 0.838029 -0.496863
vt 12939.5 -3576.38
v -256.354 4.45479 -238.55
vt 13071.6 -3576.38
f 954/3007/518 953/3008/518 957/3009/518

v -256.868 4.45479 -237.677
vt -2937.97 -11185
vn -0.470294 0.838029 -0.276644
vt -2874.08 -11102.3
vt -2916.7 -11103.9
vt -2977.85 -11185
f 958/3010/519 955/3011/519 954/3012/519 957/3013/519 

v -261.914 4.45479 -240.116
vt 13398.2 -3275.44
vn 0.23749 0.838029 -0.49123
vt 13215.5 -3073.42
vt 13113.7 -3192.72
vt 13177.6 -3275.44
f 959/3014/520 956/3015/520 955/3016/520 958/3017/520 

vt -4937.07 -10844.1
vn -0.507843 0.838029 -0.19951
vt -4767.91 -10680.3
vt -4796.11 -10644.8
vt -4845.62 -10642
vt -5028.31 -10844.1
f 941/3018/521 940/3019/521 952/3020/521 956/3021/521 959/3022/521 

g Mesh83 Group21 G_33_067479550382885 Model

vt 10497.6 9097.52
vt 10364.1 9381.1
vt 10344.9 9368.46
vt 10311.6 9453.39
vt 10112.9 9357.34
vt 10092.7 9391.72
vt 9972.37 9337.12
vt 10164.5 8958.01
vt 10353.5 9043.94
vt 10403.1 8943.85
vt 10524.9 8993.39
vt 10480.9 9090.44
f 942/3023/1 938/3024/1 941/3025/1 959/3026/1 958/3027/1 957/3028/1 953/3029/1 951/3030/1 950/3031/1 949/3032/1 947/3033/1 945/3034/1 

g Mesh84 G_33_067479550382885 Model

v -266.638 0 -231.077
v -263.249 0 -238.28
v -262.761 0 -237.959
v -261.914 0 -240.116
v -256.868 0 -237.677
v -256.354 0 -238.55
v -253.298 0 -237.163
v -258.177 0 -227.533
v -262.979 0 -229.716
v -264.238 0 -227.174
v -267.332 0 -228.432
v -266.215 0 -230.897
f 960/3023/1 961/3024/1 962/3025/1 963/3026/1 964/3027/1 965/3028/1 966/3029/1 967/3030/1 968/3031/1 969/3032/1 970/3033/1 971/3034/1 

vt -4075.18 0
vn -0.904819 0 -0.425797
vt -3761.77 0
vt -3761.77 175.385
vt -4075.18 175.385
f 961/3035/522 960/3036/522 942/3037/522 938/3038/522 

vt -13216.9 0
vn -0.39055 0 0.920582
vt -13198.8 0
vt -13198.8 175.385
vt -13216.9 175.385
f 960/3039/523 971/3040/523 945/3041/523 942/3042/523 

vt -3954.28 0
vn -0.910853 0 -0.41273
vt -3847.72 0
vt -3847.72 175.385
vt -3954.28 175.385
f 971/3043/524 970/3044/524 947/3045/524 945/3046/524 

vt -13137.3 0
vn -0.376686 0 0.926341
vt -13005.8 0
vt -13005.8 175.385
vt -13137.3 175.385
f 970/3047/525 969/3048/525 949/3049/525 947/3050/525 

vt 3401.08 0
vn 0.89623 0 0.443589
vt 3512.75 0
vt 3512.75 175.385
vt 3401.08 175.385
f 969/3051/526 968/3052/526 950/3053/526 949/3054/526 

vt -13167.9 0
vn -0.413803 0 0.910366
vt -12960.2 0
vt -12960.2 175.385
vt -13167.9 175.385
f 968/3055/527 967/3056/527 951/3057/527 950/3058/527 

vt 3396.88 0
vt 3821.89 0
vt 3821.89 175.385
vt 3396.88 175.385
f 967/3059/244 966/3060/244 953/3061/244 951/3062/244 

vt 12939.5 0
vn 0.413226 0 -0.910628
vt 13071.6 0
vt 13071.6 175.385
vt 12939.5 175.385
f 966/3063/528 965/3064/528 957/3065/528 953/3066/528 

vt -2977.85 0
vn -0.861934 0 -0.50702
vt -2937.97 0
vt -2937.97 175.385
vt -2977.85 175.385
f 965/3067/529 964/3068/529 958/3069/529 957/3070/529 

vt 13177.6 0
vn 0.435262 0 -0.900304
vt 13398.2 0
vt 13398.2 175.385
vt 13177.6 175.385
f 964/3071/530 963/3072/530 959/3073/530 958/3074/530 

vt -5028.31 0
vn -0.930751 0 -0.365652
vt -4937.07 0
vt -4937.07 175.385
vt -5028.31 175.385
f 963/3075/531 962/3076/531 941/3077/531 959/3078/531 

vt 13791.4 0
vn 0.549617 0 -0.835417
vt 13814.4 0
vt 13814.4 175.385
vt 13791.4 175.385
f 962/3079/532 961/3080/532 938/3081/532 941/3082/532 

vt -10364.1 9381.1
vt -10497.6 9097.52
vt -10480.9 9090.44
vt -10524.9 8993.39
vt -10403.1 8943.85
vt -10353.5 9043.94
vt -10164.5 8958.01
vt -9972.37 9337.12
vt -10092.7 9391.72
vt -10112.9 9357.34
vt -10311.6 9453.39
vt -10344.9 9368.46
f 938/3083/20 942/3084/20 945/3085/20 947/3086/20 949/3087/20 950/3088/20 951/3089/20 953/3090/20 957/3091/20 958/3092/20 959/3093/20 941/3094/20 

g Mesh85 Group24 Group23 G_26_74242049894899 Model

v -234.729 3.4015 -225.565
vt 11179.8 -5536.59
vn 0.113314 0.893038 -0.435479
v -233.031 2.75845 -226.442
vt 11123.8 -5592.85
v -235.548 2.75845 -227.097
vt 11226.2 -5592.85
f 972/3095/533 973/3096/533 974/3097/533

vt 5080.62 10533.5
vn 0.420715 0.893038 0.159629
vt 5024.63 10589.7
v -234.988 3.39611 -224.853
vt 4994.8 10589.2
v -233.378 2.75845 -225.529
vt 5042.17 10533.5
f 973/3098/534 972/3099/534 975/3100/534 976/3101/534 

v -236.074 2.75845 -225.582
vt -5338.73 -10394.6
vn -0.425054 0.893038 -0.147688
v -235.048 3.55179 -223.737
vt -5283.4 -10325.2
v -234.817 3.5421 -224.462
vt -5313.32 -10326
vt -5325.66 -10338.8
vt -5355.49 -10338.3
vt -5401.87 -10394.6
f 977/3102/535 978/3103/535 979/3104/535 975/3105/535 972/3106/535 974/3107/535 

v -236.36 2.75845 -225.646
vt 11026.9 -5869.57
vn 0.0986588 0.893038 -0.439032
v -235.307 3.6553 -223.585
vt 10968.6 -5791.1
vt 10960 -5800.15
vt 11015.3 -5869.57
f 980/3108/536 981/3109/536 978/3110/536 977/3111/536 

v -236.581 2.75845 -225.129
vt -4477.65 -10714.5
vn -0.413597 0.893038 -0.177256
v -235.801 3.53295 -223.047
vt -4414.42 -10646.8
v -235.456 3.66876 -223.169
vt -4424.2 -10634.9
vt -4441.54 -10636.1
vt -4499.79 -10714.5
f 982/3112/537 983/3113/537 984/3114/537 981/3115/537 980/3116/537 

v -237.714 2.75845 -225.675
vt 12287 -3473.45
vn 0.195243 0.893038 -0.405416
v -239.877 3.61437 -224.831
vt 12349.3 -3398.56
v -238.51 3.6301 -224.138
vt 12289 -3397.19
v -238.158 3.50761 -224.238
vt 12278.2 -3407.91
vt 12174.3 -3405.69
vt 12237.5 -3473.45
f 985/3117/538 986/3118/538 987/3119/538 988/3120/538 983/3121/538 982/3122/538 

v -237.368 2.75845 -226.548
vt 4840.98 10744.8
vn 0.418219 0.893038 0.166058
v -240.135 3.86562 -225.533
vt 4763.65 10841.7
vt 4741.69 10819.7
vt 4803.99 10744.8
f 989/3123/539 990/3124/539 986/3125/539 985/3126/539 

v -245.043 2.75845 -230.64
vt 12785.2 -3052.62
vn 0.21173 0.893038 -0.397055
v -243.92 4.07567 -227.079
vt 12680.3 -2937.38
v -240.977 4.07136 -225.519
vt 12549.1 -2937.75
v -240.434 3.86565 -225.692
vt 12533.5 -2955.75
vt 12520.1 -2955.75
vt 12442.8 -3052.62
f 991/3127/540 992/3128/540 993/3129/540 994/3130/540 990/3131/540 989/3132/540 

vt -3618.84 -11190.4
vn -0.401143 0.893038 -0.203878
vt -3723.8 -11305.6
v -247.418 2.75845 -225.967
vt -3517.4 -11305.6
f 992/3133/541 991/3134/541 995/3135/541

v -239.836 2.75845 -221.974
vt -12426.9 3024.65
vn -0.209688 0.893038 0.398137
vt -12531.6 3139.52
vt -12662.8 3139.89
vt -12764.2 3024.65
f 996/3136/542 993/3137/542 992/3138/542 995/3139/542 

v -239.477 2.75845 -222.693
vt 3625.41 11081.3
vn 0.402475 0.893038 0.201237
vt 3714.19 11178.1
vt 3698.53 11196.1
vt 3593.76 11081.3
f 997/3140/543 994/3141/543 993/3142/543 996/3143/543 

v -237.91 2.75845 -221.858
vt -12373.6 2999.88
vn -0.211586 0.893038 0.397132
vt -12436.6 3076.14
vt -12497 3074.77
vt -12518.9 3096.75
vt -12532.2 3096.75
vt -12443.5 2999.88
f 998/3144/544 987/3145/544 986/3146/544 990/3147/544 994/3148/544 997/3149/544 

v -237.641 2.75845 -222.282
vt 2360.13 11293.6
vn 0.379631 0.893038 0.241583
vt 2414.17 11359.2
vt 2403.4 11369.9
vt 2340.36 11293.6
f 999/3150/545 988/3151/545 987/3152/545 998/3153/545 

v -236.986 2.75845 -221.935
vt -12334.1 3046.56
vn -0.21054 0.893038 0.397687
v -235.189 3.45115 -222.54
vt -12282.7 3107.17
vt -12303.6 3126.21
vt -12313.4 3114.32
vt -12417.3 3112.11
vt -12363.3 3046.56
f 1000/3154/546 1001/3155/546 984/3156/546 983/3157/546 988/3158/546 999/3159/546 

v -237.153 2.75845 -221.576
vt -3980.46 -10794.4
vn -0.408136 0.893038 -0.189492
v -235.227 3.45516 -222.441
vt -4043.28 -10733.5
vt -4047.43 -10733.8
vt -3996.06 -10794.4
f 1002/3160/547 1003/3161/547 1001/3162/547 1000/3163/547 

vt -11389.1 5171.53
vn -0.129478 0.893038 0.43095
vt -11452 5110.57
v -234.29 2.75845 -220.716
vt -11334.3 5110.57
f 1003/3164/548 1002/3165/548 1004/3166/548

vt 5856.52 10208.1
vn 0.431981 0.893038 0.125994
vt 5839.18 10209.2
vt 5818.32 10190.2
vt 5814.17 10190.6
vt 5759.29 10129.6
v -232.941 2.75845 -225.338
vt 5948.85 10129.6
vt 5895.06 10198.2
vt 5865.14 10199
f 981/3167/549 984/3168/549 1001/3169/549 1003/3170/549 1004/3171/549 1005/3172/549 979/3173/549 978/3174/549 

vt 11979.2 -3920.59
vn 0.180601 0.893038 -0.412147
vt 12026.6 -3864.8
vt 12014.3 -3852.02
vt 11960.5 -3920.59
f 976/3175/550 975/3176/550 979/3177/550 1005/3178/550 

g Mesh86 Group23 G_26_74242049894899 Model

vt 9345.19 8919.21
vt 9358.84 8884.84
vt 9314.23 8863.35
vt 9305.51 8883.7
vt 9294.26 8881.17
vt 9273.53 8940.82
vt 9174.46 8915.04
vt 9188.1 8879.09
vt 9170.92 8871.57
vt 9224 8689.59
vt 9336.72 8723.46
vt 9330.15 8737.61
vt 9355.93 8751.26
vt 9366.54 8734.58
vt 9428.21 8767.44
vt 9442.37 8739.13
vt 9740.86 8896.34
vt 9647.34 9080.33
f 989/3179/1 985/3180/1 982/3181/1 980/3182/1 977/3183/1 974/3184/1 973/3185/1 976/3186/1 1005/3187/1 1004/3188/1 1002/3189/1 1000/3190/1 999/3191/1 998/3192/1 997/3193/1 996/3194/1 995/3195/1 991/3196/1 

g Mesh87 G_26_74242049894899 Model

v -237.368 0 -226.548
v -237.714 0 -225.675
v -236.581 0 -225.129
v -236.36 0 -225.646
v -236.074 0 -225.582
v -235.548 0 -227.097
v -233.031 0 -226.442
v -233.378 0 -225.529
v -232.941 0 -225.338
v -234.29 0 -220.716
v -237.153 0 -221.576
v -236.986 0 -221.935
v -237.641 0 -222.282
v -237.91 0 -221.858
v -239.477 0 -222.693
v -239.836 0 -221.974
v -247.418 0 -225.967
v -245.043 0 -230.64
f 1006/3179/1 1007/3180/1 1008/3181/1 1009/3182/1 1010/3183/1 1011/3184/1 1012/3185/1 1013/3186/1 1014/3187/1 1015/3188/1 1016/3189/1 1017/3190/1 1018/3191/1 1019/3192/1 1020/3193/1 1021/3194/1 1022/3195/1 1023/3196/1 

vt 4803.99 0
vn 0.929416 0 0.369033
vt 4840.98 0
vt 4840.98 108.601
vt 4803.99 108.601
f 1007/3197/551 1006/3198/551 989/3199/551 985/3200/551 

vt 12442.8 0
vn 0.470531 0 -0.882384
vt 12785.2 0
vt 12785.2 108.601
vt 12442.8 108.601
f 1006/3201/552 1023/3202/552 991/3203/552 989/3204/552 

vt -3723.8 0
vn -0.891469 0 -0.453082
vt -3517.4 0
vt -3517.4 108.601
vt -3723.8 108.601
f 1023/3205/553 1022/3206/553 995/3207/553 991/3208/553 

vt -12764.2 0
vn -0.465993 0 0.884788
vt -12426.9 0
vt -12426.9 108.601
vt -12764.2 108.601
f 1022/3209/554 1021/3210/554 996/3211/554 995/3212/554 

vt 3593.76 0
vn 0.894427 0 0.447214
vt 3625.41 0
vt 3625.41 108.601
vt 3593.76 108.601
f 1021/3213/555 1020/3214/555 997/3215/555 996/3216/555 

vt -12443.5 0
vn -0.470213 0 0.882553
vt -12373.6 0
vt -12373.6 108.601
vt -12443.5 108.601
f 1020/3217/556 1019/3218/556 998/3219/556 997/3220/556 

vt 2340.36 0
vn 0.843661 0 0.536875
vt 2360.13 0
vt 2360.13 108.601
vt 2340.36 108.601
f 1019/3221/557 1018/3222/557 999/3223/557 998/3224/557 

vt -12363.3 0
vn -0.467888 0 0.883788
vt -12334.1 0
vt -12334.1 108.601
vt -12363.3 108.601
f 1018/3225/558 1017/3226/558 1000/3227/558 999/3228/558 

vt -3996.06 0
vn -0.907009 0 -0.421111
vt -3980.46 0
vt -3980.46 108.601
vt -3996.06 108.601
f 1017/3229/559 1016/3230/559 1002/3231/559 1000/3232/559 

vt -11452 0
vn -0.287742 0 0.957708
vt -11334.3 0
vt -11334.3 108.601
vt -11452 108.601
f 1016/3233/560 1015/3234/560 1004/3235/560 1002/3236/560 

vt 5759.29 0
vn 0.96 0 0.28
vt 5948.85 0
vt 5948.85 108.601
vt 5759.29 108.601
f 1015/3237/561 1014/3238/561 1005/3239/561 1004/3240/561 

vt 11960.5 0
vn 0.401354 0 -0.915923
vt 11979.2 0
vt 11979.2 108.601
vt 11960.5 108.601
f 1014/3241/562 1013/3242/562 976/3243/562 1005/3244/562 

vt 5042.17 0
vn 0.934962 0 0.354747
vt 5080.62 0
vt 5080.62 108.601
vt 5042.17 108.601
f 1013/3245/563 1012/3246/563 973/3247/563 976/3248/563 

vt 11123.8 0
vn 0.251819 0 -0.967774
vt 11226.2 0
vt 11226.2 108.601
vt 11123.8 108.601
f 1012/3249/564 1011/3250/564 974/3251/564 973/3252/564 

vt -5401.87 0
vn -0.944605 0 -0.32821
vt -5338.73 0
vt -5338.73 108.601
vt -5401.87 108.601
f 1011/3253/565 1010/3254/565 977/3255/565 974/3256/565 

vt 11015.3 0
vn 0.219251 0 -0.975668
vt 11026.9 0
vt 11026.9 108.601
vt 11015.3 108.601
f 1010/3257/566 1009/3258/566 980/3259/566 977/3260/566 

vt -4499.79 0
vn -0.919145 0 -0.393919
vt -4477.65 0
vt -4477.65 108.601
vt -4499.79 108.601
f 1009/3261/567 1008/3262/567 982/3263/567 980/3264/567 

vt 12237.5 0
vn 0.433892 0 -0.900965
vt 12287 0
vt 12287 108.601
vt 12237.5 108.601
f 1008/3265/568 1007/3266/568 985/3267/568 982/3268/568 

vt -9358.84 8884.84
vt -9345.19 8919.21
vt -9647.34 9080.33
vt -9740.86 8896.34
vt -9442.37 8739.13
vt -9428.21 8767.44
vt -9366.54 8734.58
vt -9355.93 8751.26
vt -9330.15 8737.61
vt -9336.72 8723.46
vt -9224 8689.59
vt -9170.92 8871.57
vt -9188.1 8879.09
vt -9174.46 8915.04
vt -9273.53 8940.82
vt -9294.26 8881.17
vt -9305.51 8883.7
vt -9314.23 8863.35
f 985/3269/20 989/3270/20 991/3271/20 995/3272/20 996/3273/20 997/3274/20 998/3275/20 999/3276/20 1000/3277/20 1002/3278/20 1004/3279/20 1005/3280/20 976/3281/20 973/3282/20 974/3283/20 977/3284/20 980/3285/20 982/3286/20 

g Mesh88 Group26 Group25 G_23_402969057676895 Model

v -250.757 5.20726 -271.455
vt -6162.08 -12014.1
vn -0.367721 0.917734 -0.150153
v -252.583 3.72922 -276.018
vt -6301.24 -12160.7
v -255.099 3.72922 -269.855
vt -6039.15 -12160.7
f 1024/3287/569 1025/3288/569 1026/3289/569

vt 13523.2 -5300.7
vn 0.162716 0.917734 -0.362337
vt 13384 -5154.19
v -250.37 5.21238 -271.268
vt 13367.1 -5153.69
v -251.889 3.72922 -275.707
vt 13493.3 -5300.7
f 1025/3290/570 1024/3291/570 1027/3292/570 1028/3293/570 

v -240.026 3.72922 -262.062
vt -13132.8 4486.16
vn -0.182423 0.917734 0.352826
v -242.033 5.77273 -268.415
vt -13317.8 4688.71
v -247.032 5.73576 -270.903
vt -13537.7 4685.05
v -247.934 5.44553 -270.615
vt -13564 4656.28
v -249.143 5.43444 -271.211
vt -13617 4655.18
v -249.61 5.28493 -271.064
vt -13630.7 4640.36
v -250.149 5.28284 -271.337
vt -13654.5 4640.15
vt -13661 4633.17
vt -13677.9 4632.66
vt -13800.8 4486.16
f 1029/3294/571 1030/3295/571 1031/3296/571 1032/3297/571 1033/3298/571 1034/3299/571 1035/3300/571 1027/3301/571 1024/3302/571 1026/3303/571 

vt 4951.64 12332.7
vn 0.352015 0.917734 0.183983
vt 4766.58 12130.2
v -235.583 3.72922 -270.562
vt 5144.16 12130.2
f 1030/3304/572 1029/3305/572 1036/3306/572

v -249.097 3.72922 -277.033
vt 13555.7 -5082.39
vn 0.171547 0.917734 -0.35824
vt 13378.2 -4883.5
vt 13158.4 -4879.84
vt 12965.8 -5082.39
f 1037/3307/573 1031/3308/573 1030/3309/573 1036/3310/573 

v -249.713 3.72922 -275.832
vt -5170.9 -12519.8
vn -0.353353 0.917734 -0.1814
vt -5020.16 -12349.7
vt -5046.49 -12320.9
vt -5224.03 -12519.8
f 1038/3311/574 1032/3312/574 1031/3313/574 1037/3314/574 

v -250.881 3.72922 -276.381
vt 13566.5 -5125.73
vn 0.168887 0.917734 -0.359502
vt 13418 -4956.71
vt 13365 -4955.61
vt 13515.7 -5125.73
f 1039/3315/575 1033/3316/575 1032/3317/575 1038/3318/575 

v -251.161 3.72922 -275.848
vt -5028.97 -12606.1
vn -0.351807 0.917734 -0.184381
vt -4890.48 -12451.9
vt -4904.15 -12437
vt -5052.66 -12606.1
f 1040/3319/576 1034/3320/576 1033/3321/576 1039/3322/576 

v -251.677 3.72922 -276.105
vt 13710.6 -4829.12
vn 0.176747 0.917734 -0.355703
vt 13573.2 -4675.13
vt 13549.4 -4674.92
vt 13687.9 -4829.12
f 1041/3323/577 1035/3324/577 1034/3325/577 1040/3326/577 

vt -4922.42 -12656.1
vn -0.350623 0.917734 -0.186622
vt -4796.26 -12509.1
vt -4802.74 -12502.1
vt -4940.17 -12656.1
f 1028/3327/578 1027/3328/578 1035/3329/578 1041/3330/578 

g Mesh89 Group25 G_23_402969057676895 Model

vt 9449.82 10317.4
vt 10043.3 10624.2
vt 9944.19 10866.9
vt 9916.9 10854.6
vt 9908.56 10870.3
vt 9888.21 10860.2
vt 9877.22 10881.1
vt 9831.22 10859.5
vt 9806.95 10906.8
vt 9274.92 10652
f 1029/3331/1 1026/3332/1 1025/3333/1 1028/3334/1 1041/3335/1 1040/3336/1 1039/3337/1 1038/3338/1 1037/3339/1 1036/3340/1 

g Mesh90 G_23_402969057676895 Model

v -240.026 0 -262.062
v -255.099 0 -269.855
v -252.583 0 -276.018
v -251.889 0 -275.707
v -251.677 0 -276.105
v -251.161 0 -275.848
v -250.881 0 -276.381
v -249.713 0 -275.832
v -249.097 0 -277.033
v -235.583 0 -270.562
f 1042/3331/1 1043/3332/1 1044/3333/1 1045/3334/1 1046/3335/1 1047/3336/1 1048/3337/1 1049/3338/1 1050/3339/1 1051/3340/1 

vt -13800.8 0
vn -0.459279 0 0.888292
vt -13132.8 0
vt -13132.8 146.82
vt -13800.8 146.82
f 1043/3341/579 1042/3342/579 1029/3343/579 1026/3344/579 

vt 4766.58 0
vn 0.88625 0 0.463206
vt 5144.16 0
vt 5144.16 146.82
vt 4766.58 146.82
f 1042/3345/580 1051/3346/580 1036/3347/580 1029/3348/580 

vt 12965.8 0
vn 0.431895 0 -0.901924
vt 13555.7 0
vt 13555.7 146.82
vt 12965.8 146.82
f 1051/3349/581 1050/3350/581 1037/3351/581 1036/3352/581 

vt -5224.03 0
vn -0.889619 0 -0.456703
vt -5170.9 0
vt -5170.9 146.82
vt -5224.03 146.82
f 1050/3353/582 1049/3354/582 1038/3355/582 1037/3356/582 

vt 13515.7 0
vn 0.425198 0 -0.9051
vt 13566.5 0
vt 13566.5 146.82
vt 13515.7 146.82
f 1049/3357/583 1048/3358/583 1039/3359/583 1038/3360/583 

vt -5052.66 0
vn -0.885727 0 -0.464206
vt -5028.97 0
vt -5028.97 146.82
vt -5052.66 146.82
f 1048/3361/584 1047/3362/584 1040/3363/584 1039/3364/584 

vt 13687.9 0
vn 0.444987 0 -0.895537
vt 13710.6 0
vt 13710.6 146.82
vt 13687.9 146.82
f 1047/3365/585 1046/3366/585 1041/3367/585 1040/3368/585 

vt -4940.17 0
vn -0.882747 0 -0.469849
vt -4922.42 0
vt -4922.42 146.82
vt -4940.17 146.82
f 1046/3369/586 1045/3370/586 1028/3371/586 1041/3372/586 

vt 13493.3 0
vn 0.409662 0 -0.912237
vt 13523.2 0
vt 13523.2 146.82
vt 13493.3 146.82
f 1045/3373/587 1044/3374/587 1025/3375/587 1028/3376/587 

vt -6301.24 0
vn -0.925793 0 -0.378032
vt -6039.15 0
vt -6039.15 146.82
vt -6301.24 146.82
f 1044/3377/588 1043/3378/588 1026/3379/588 1025/3380/588 

vt -10043.3 10624.2
vt -9449.82 10317.4
vt -9274.92 10652
vt -9806.95 10906.8
vt -9831.22 10859.5
vt -9877.22 10881.1
vt -9888.21 10860.2
vt -9908.56 10870.3
vt -9916.9 10854.6
vt -9944.19 10866.9
f 1026/3381/20 1029/3382/20 1036/3383/20 1037/3384/20 1038/3385/20 1039/3386/20 1040/3387/20 1041/3388/20 1028/3389/20 1025/3390/20 

g Mesh91 G_29_016184187683464 Model

v -183.493 0 -246
vt 7224.15 9685.03
v -186.421 0 -238.964
vt 7339.4 9408.02
v -187.127 0 -239.182
vt 7367.21 9416.61
v -189.284 0 -231.94
vt 7452.13 9131.52
v -194.266 0 -232.916
vt 7648.26 9169.93
v -188.848 0 -247.9
vt 7434.94 9759.84
f 1052/3391/1 1053/3392/1 1054/3393/1 1055/3394/1 1056/3395/1 1057/3396/1 

vt 5866.86 0
vn 0.923276 0 0.384137
vt 6166.89 0
v -183.493 3.27164 -246
vt 6166.89 128.805
v -186.421 3.27164 -238.964
vt 5866.86 128.805
f 1053/3397/589 1052/3398/589 1058/3399/589 1059/3400/589 

vt 10047.5 0
vn 0.334475 0 -0.942405
vt 10271.1 0
v -188.848 3.27164 -247.9
vt 10271.1 128.805
vt 10047.5 128.805
f 1052/3401/590 1057/3402/590 1060/3403/590 1058/3404/590 

vt -6649.86 0
vn -0.940404 0 -0.34006
vt -6022.57 0
v -194.266 3.27164 -232.916
vt -6022.57 128.805
vt -6649.86 128.805
f 1057/3405/591 1056/3406/591 1061/3407/591 1060/3408/591 

vt -9268.3 0
vn -0.192223 0 0.981351
vt -9068.45 0
v -189.284 3.27164 -231.94
vt -9068.45 128.805
vt -9268.3 128.805
f 1056/3409/592 1055/3410/592 1062/3411/592 1061/3412/592 

vt 6624.11 0
vn 0.958386 0 0.285477
vt 6921.58 0
v -187.127 3.27164 -239.182
vt 6921.58 128.805
vt 6624.11 128.805
f 1055/3413/593 1054/3414/593 1063/3415/593 1062/3416/593 

vt -9819.43 0
vn -0.295306 0 0.955403
vt -9790.33 0
vt -9790.33 128.805
vt -9819.43 128.805
f 1054/3417/594 1053/3418/594 1059/3419/594 1063/3420/594 

vt -7339.4 9408.02
vt -7224.15 9685.03
vt -7434.94 9759.84
vt -7648.26 9169.93
vt -7452.13 9131.52
vt -7367.21 9416.61
f 1059/3421/20 1058/3422/20 1060/3423/20 1061/3424/20 1062/3425/20 1063/3426/20 

g Mesh92 G_11_992360788613956 Model

v -104.297 0 -101.832
vt 4106.17 4009.13
v -110.318 0 -105.042
vt 4343.24 4135.51
v -104.207 0 -116.315
vt 4102.63 4579.33
v -97.9539 0 -113.131
vt 3856.45 4453.97
f 1064/3427/1 1065/3428/1 1066/3429/1 1067/3430/1 

vt -5778.04 0
vn -0.470393 0 0.882457
vt -5509.38 0
v -104.297 3.88828 -101.832
vt -5509.38 153.082
v -110.318 3.88828 -105.042
vt -5778.04 153.082
f 1065/3431/595 1064/3432/595 1068/3433/595 1069/3434/595 

vt 1485.96 0
vn 0.871999 0 0.489508
vt 1996.09 0
v -97.9539 3.88828 -113.131
vt 1996.09 153.082
vt 1485.96 153.082
f 1064/3435/596 1067/3436/596 1070/3437/596 1068/3438/596 

vt 5457.68 0
vn 0.453789 0 -0.891109
vt 5733.94 0
v -104.207 3.88828 -116.315
vt 5733.94 153.082
vt 5457.68 153.082
f 1067/3439/597 1066/3440/597 1071/3441/597 1070/3442/597 

vt -2070.43 0
vn -0.879117 0 -0.476606
vt -1565.58 0
vt -1565.58 153.082
vt -2070.43 153.082
f 1066/3443/598 1065/3444/598 1069/3445/598 1071/3446/598 

vt -4343.24 4135.51
vt -4106.17 4009.13
vt -3856.45 4453.97
vt -4102.63 4579.33
f 1069/3447/20 1068/3448/20 1070/3449/20 1071/3450/20 

g Mesh93 G_25_38443658555567 Model

v -97.6522 0 -107.809
vt 3844.57 4244.44
v -99.668 0 -108.759
vt 3923.94 4281.85
v -94.0571 0 -119.326
vt 3703.04 4697.86
v -89.3579 0 -117.451
vt 3518.03 4624.06
v -86.3535 0 -124.128
vt 3399.74 4886.92
v -81.834 0 -122.022
vt 3221.81 4804.02
v -82.7841 0 -119.891
vt 3259.22 4720.11
v -79.2918 0 -118.222
vt 3121.72 4654.39
v -88.6389 0 -98.8212
vt 3489.72 3890.6
v -99.2443 0 -103.546
vt 3907.25 4076.62
f 1072/3451/1 1073/3452/1 1074/3453/1 1075/3454/1 1076/3455/1 1077/3456/1 1078/3457/1 1079/3458/1 1080/3459/1 1081/3460/1 

vt -5375 0
vn -0.426352 0 0.904557
vt -5287.26 0
v -97.6522 3.35725 -107.809
vt -5287.26 132.175
v -99.668 3.35725 -108.759
vt -5375 132.175
f 1073/3461/599 1072/3462/599 1082/3463/599 1083/3464/599 

vt -2630.99 0
vn -0.936792 0 -0.349886
vt -2451.85 0
v -99.2443 3.35725 -103.546
vt -2451.85 132.175
vt -2630.99 132.175
f 1072/3465/600 1081/3466/600 1084/3467/600 1082/3468/600 

vt -5228.08 0
vn -0.406959 0 0.913446
vt -4770.99 0
v -88.6389 3.35725 -98.8212
vt -4770.99 132.175
vt -5228.08 132.175
f 1081/3469/601 1080/3470/601 1085/3471/601 1084/3472/601 

vt 1990.29 0
vn 0.900889 0 0.434049
vt 2838.11 0
v -79.2918 3.35725 -118.222
vt 2838.11 132.175
vt 1990.29 132.175
f 1080/3473/602 1079/3474/602 1086/3475/602 1085/3476/602 

vt 4823.63 0
vn 0.431221 0 -0.902246
vt 4976.02 0
v -82.7841 3.35725 -119.891
vt 4976.02 132.175
vt 4823.63 132.175
f 1079/3477/603 1078/3478/603 1087/3479/603 1086/3480/603 

vt 2984.12 0
vn 0.913357 0 0.407159
vt 3075.99 0
v -81.834 3.35725 -122.022
vt 3075.99 132.175
vt 2984.12 132.175
f 1078/3481/604 1077/3482/604 1088/3483/604 1087/3484/604 

vt 4949.24 0
vn 0.422321 0 -0.906446
vt 5145.53 0
v -86.3535 3.35725 -124.128
vt 5145.53 132.175
vt 4949.24 132.175
f 1077/3485/605 1076/3486/605 1089/3487/605 1088/3488/605 

vt -3061.35 0
vn -0.911922 0 -0.410365
vt -2773.11 0
v -89.3579 3.35725 -117.451
vt -2773.11 132.175
vt -3061.35 132.175
f 1076/3489/606 1075/3490/606 1090/3491/606 1089/3492/606 

vt 4980.92 0
vn 0.370515 0 -0.928826
vt 5180.11 0
v -94.0571 3.35725 -119.326
vt 5180.11 132.175
vt 4980.92 132.175
f 1075/3493/607 1074/3494/607 1091/3495/607 1090/3496/607 

vt -2412.59 0
vn -0.883213 0 -0.468972
vt -1941.57 0
vt -1941.57 132.175
vt -2412.59 132.175
f 1074/3497/608 1073/3498/608 1083/3499/608 1091/3500/608 

vt -3923.94 4281.85
vt -3844.57 4244.44
vt -3907.25 4076.62
vt -3489.72 3890.6
vt -3121.72 4654.39
vt -3259.22 4720.11
vt -3221.81 4804.02
vt -3399.74 4886.92
vt -3518.03 4624.06
vt -3703.04 4697.86
f 1083/3501/20 1082/3502/20 1084/3503/20 1085/3504/20 1086/3505/20 1087/3506/20 1088/3507/20 1089/3508/20 1090/3509/20 1091/3510/20 

g Mesh94 G_30_38466625563498 Model

v -105.895 0 23.2562
vt 4169.1 -915.6
v -118.208 0 21.6256
vt 4653.86 -851.403
v -116.821 0 10.0701
vt 4599.27 -396.462
f 889/2812/1 893/2816/1 892/2815/1 1092/3511/1 1093/3512/1 1094/3513/1 

vt -1318.47 0
vn 0.992129 0 0.12522
vt -969.926 0
v -114.435 2.63928 10.3883
vt -969.926 103.909
v -115.544 2.63928 19.1717
vt -1318.47 103.909
f 893/3514/609 889/3515/609 1095/3516/609 1096/3517/609 

vt 4506.53 0
v -116.821 2.63928 10.0701
vt 4506.53 103.909
vt 4411.75 103.909
f 889/2818/481 1094/3518/481 1097/3519/481 1095/3520/481 

vt 941.619 0
vn -0.992877 0 -0.119145
vt 1399.82 0
v -118.208 2.63928 21.6256
vt 1399.82 103.909
vt 941.619 103.909
f 1094/3521/610 1093/3522/610 1098/3523/610 1097/3524/610 

vt -4501.81 0
vn -0.131283 0 0.991345
vt -4012.81 0
v -105.895 2.63928 23.2562
vt -4012.81 103.909
vt -4501.81 103.909
f 1093/3525/611 1092/3526/611 1099/3527/611 1098/3528/611 

vt -1347.01 0
vn 0.994505 0 0.104685
vt -1250.44 0
v -105.638 2.63928 20.8167
vt -1250.44 103.909
vt -1347.01 103.909
f 1092/3529/612 892/3530/612 1100/3531/612 1099/3532/612 

vt 3968.53 0
vn 0.163829 0 -0.986489
vt 4363.86 0
vt 4363.86 103.909
vt 3968.53 103.909
f 892/3533/613 893/3534/613 1096/3535/613 1100/3536/613 

vt -4599.27 -396.462
vt -4653.86 -851.403
vt -4169.1 -915.6
f 1096/2839/20 1095/2838/20 1097/3537/20 1098/3538/20 1099/3539/20 1100/2840/20 

g Mesh95 G_33_46934913576681 Model

v -97.7292 0 36.2112
vt 3847.61 -1425.64
v -101.472 0 35.9143
vt 3994.96 -1413.95
v -100.836 0 30.0997
vt 3969.94 -1185.03
v -97.0872 0 30.6389
vt 3822.33 -1206.26
f 1101/3540/1 1102/3541/1 1103/3542/1 1104/3543/1 

vt -3870.63 0
vn -0.0790826 0 0.996868
vt -3722.81 0
v -97.7292 2.68656 36.2112
vt -3722.81 105.77
v -101.472 2.68656 35.9143
vt -3870.63 105.77
f 1102/3544/614 1101/3545/614 1105/3546/614 1106/3547/614 

vt -1856.63 0
vn 0.993429 0 0.11445
vt -1635.8 0
v -97.0872 2.68656 30.6389
vt -1635.8 105.77
vt -1856.63 105.77
f 1101/3548/615 1104/3549/615 1107/3550/615 1105/3551/615 

vt 3611.66 0
vn 0.14237 0 -0.989813
vt 3760.78 0
v -100.836 2.68656 30.0997
vt 3760.78 105.77
vt 3611.66 105.77
f 1104/3552/616 1103/3553/616 1108/3554/616 1107/3555/616 

vt 1609.36 0
vn -0.99408 0 -0.108655
vt 1839.65 0
vt 1839.65 105.77
vt 1609.36 105.77
f 1103/3556/617 1102/3557/617 1106/3558/617 1108/3559/617 

vt -3994.96 -1413.95
vt -3847.61 -1425.64
vt -3822.33 -1206.26
vt -3969.94 -1185.03
f 1106/3560/20 1105/3561/20 1107/3562/20 1108/3563/20 

g Mesh96 G_23_765966148914032 Model

v -151.43 0 24.4022
vt 5961.82 -960.715
v -149.658 0 24.4664
vt 5892.06 -963.242
v -149.684 0 24.691
vt 5893.07 -972.089
v -148.15 0 24.8259
vt 5832.67 -977.396
v -148.349 0 26.6683
vt 5840.5 -1049.93
v -146.93 0 26.816
vt 5784.64 -1055.75
v -146.789 0 25.532
vt 5779.08 -1005.2
v -139.188 0 26.6362
vt 5479.83 -1048.67
v -139.445 0 29.1656
vt 5489.94 -1148.25
v -137.634 0 29.3325
vt 5418.67 -1154.82
v -138.25 0 37.1132
vt 5442.93 -1461.15
v -141.231 0 36.8226
vt 5560.28 -1449.71
v -140.6 0 29.2057
vt 5535.44 -1149.83
v -151.796 0 27.9475
vt 5976.22 -1100.29
f 1109/3564/1 1110/3565/1 1111/3566/1 1112/3567/1 1113/3568/1 1114/3569/1 1115/3570/1 1116/3571/1 1117/3572/1 1118/3573/1 1119/3574/1 1120/3575/1 1121/3576/1 1122/3577/1 

vt 5853.32 0
vn 0.0362081 0 -0.999344
vt 5923.12 0
v -151.43 2.91927 24.4022
vt 5923.12 114.932
v -149.658 2.91927 24.4664
vt 5853.32 114.932
f 1110/3578/618 1109/3579/618 1123/3580/618 1124/3581/618 

vt 1567.73 0
vn -0.994716 0 -0.102669
vt 1708.05 0
v -151.796 2.91927 27.9475
vt 1708.05 114.932
vt 1567.73 114.932
f 1109/3582/619 1122/3583/619 1125/3584/619 1123/3585/619 

vt -5815.95 0
vn -0.111682 0 0.993744
vt -5372.39 0
v -140.6 2.91927 29.2057
vt -5372.39 114.932
vt -5815.95 114.932
f 1122/3586/620 1121/3587/620 1126/3588/620 1125/3589/620 

vt 1602.9 0
vn -0.996586 0 -0.0825574
vt 1903.8 0
v -141.231 2.91927 36.8226
vt 1903.8 114.932
vt 1602.9 114.932
f 1121/3590/621 1120/3591/621 1127/3592/621 1126/3593/621 

vt -5393.36 0
vn -0.09704 0 0.99528
vt -5275.45 0
v -138.25 2.91927 37.1132
vt -5275.45 114.932
vt -5393.36 114.932
f 1120/3594/622 1119/3595/622 1128/3596/622 1127/3597/622 

vt -1886.37 0
vn 0.996878 0 0.0789606
vt -1579.08 0
v -137.634 2.91927 29.3325
vt -1579.08 114.932
vt -1886.37 114.932
f 1119/3598/623 1118/3599/623 1129/3600/623 1128/3601/623 

vt 5289.76 0
vn 0.0918092 0 -0.995777
vt 5361.34 0
v -139.445 2.91927 29.1656
vt 5361.34 114.932
vt 5289.76 114.932
f 1118/3602/624 1117/3603/624 1130/3604/624 1129/3605/624 

vt -1696.88 0
vn 0.994886 0 0.101004
vt -1596.79 0
v -139.188 2.91927 26.6362
vt -1596.79 114.932
vt -1696.88 114.932
f 1117/3606/625 1116/3607/625 1131/3608/625 1130/3609/625 

vt 5272.15 0
vn 0.143761 0 -0.989612
vt 5574.54 0
v -146.789 2.91927 25.532
vt 5574.54 114.932
vt 5272.15 114.932
f 1116/3610/626 1115/3611/626 1132/3612/626 1131/3613/626 

vt 1631.06 0
vn -0.994004 0 -0.10934
vt 1681.91 0
v -146.93 2.91927 26.816
vt 1681.91 114.932
vt 1631.06 114.932
f 1115/3614/627 1114/3615/627 1133/3616/627 1132/3617/627 

vt 5644.29 0
vn 0.103513 0 -0.994628
vt 5700.44 0
v -148.349 2.91927 26.6683
vt 5700.44 114.932
vt 5644.29 114.932
f 1114/3618/628 1113/3619/628 1134/3620/628 1133/3621/628 

vt -1671.07 0
vn 0.994217 0 0.107389
vt -1598.11 0
v -148.15 2.91927 24.8259
vt -1598.11 114.932
vt -1671.07 114.932
f 1113/3622/629 1112/3623/629 1135/3624/629 1134/3625/629 

vt 5724.73 0
vn 0.0875289 0 -0.996162
vt 5785.37 0
v -149.684 2.91927 24.691
vt 5785.37 114.932
vt 5724.73 114.932
f 1112/3626/630 1111/3627/630 1136/3628/630 1135/3629/630 

vt -1634.94 0
vn 0.993533 0 0.113547
vt -1626.04 0
vt -1626.04 114.932
vt -1634.94 114.932
f 1111/3630/631 1110/3631/631 1124/3632/631 1136/3633/631 

vt -5892.06 -963.242
vt -5961.82 -960.715
vt -5976.22 -1100.29
vt -5535.44 -1149.83
vt -5560.28 -1449.71
vt -5442.93 -1461.15
vt -5418.67 -1154.82
vt -5489.94 -1148.25
vt -5479.83 -1048.67
vt -5779.08 -1005.2
vt -5784.64 -1055.75
vt -5840.5 -1049.93
vt -5832.67 -977.396
vt -5893.07 -972.089
f 1124/3634/20 1123/3635/20 1125/3636/20 1126/3637/20 1127/3638/20 1128/3639/20 1129/3640/20 1130/3641/20 1131/3642/20 1132/3643/20 1133/3644/20 1134/3645/20 1135/3646/20 1136/3647/20 

g Mesh97 G_34_86150189146593 Model

v -154.107 0 1.19006
vt 6067.21 -46.8526
v -153.799 0 0.0601859
vt 6055.08 -2.36952
v -149.357 0 0.573764
vt 5880.18 -22.5891
v -149.28 0 0.034507
vt 5877.15 -1.35854
v -148.612 0 0.0970993
vt 5850.86 -3.82281
v -137.75 0 1.20129
vt 5423.22 -47.2949
v -138.469 0 7.10743
vt 5451.53 -279.82
v -141.191 0 6.81373
vt 5558.69 -268.257
v -141.525 0 8.38014
vt 5571.83 -329.927
v -141.858 0 9.94656
vt 5584.98 -391.597
v -154.047 0 8.56045
vt 6064.82 -337.026
v -154.955 0 8.45718
vt 6100.58 -332.96
f 1137/3648/1 1138/3649/1 1139/3650/1 1140/3651/1 1141/3652/1 1142/3653/1 1143/3654/1 1144/3655/1 1145/3656/1 1146/3657/1 1147/3658/1 1148/3659/1 

vt 1595.48 0
vn -0.964764 0 -0.263117
vt 1641.59 0
v -154.107 5.51573 1.19006
vt 1641.59 217.155
v -153.799 5.51573 0.0601859
vt 1595.48 217.155
f 1138/3660/632 1137/3661/632 1149/3662/632 1150/3663/632 

vt 749.26 0
vn -0.99327 0 -0.115823
vt 1037.31 0
v -154.955 5.51573 8.45718
vt 1037.31 217.155
vt 749.26 217.155
f 1137/3664/633 1148/3665/633 1151/3666/633 1149/3667/633 

vt -6023.88 0
vn -0.112997 0 0.993595
vt -5987.9 0
v -154.047 5.51573 8.56045
vt -5987.9 217.155
vt -6023.88 217.155
f 1148/3668/634 1147/3669/634 1152/3670/634 1151/3671/634 

vt -5504.96 0
v -141.858 5.51573 9.94656
vt -5504.96 217.155
f 1147/3669/634 1146/3672/634 1153/3673/634 1152/3670/634 

vt -1547.09 0
vn 0.978036 0 0.208434
vt -1484.04 0
v -141.525 5.51573 8.38014
vt -1484.04 217.155
vt -1547.09 217.155
f 1146/3674/635 1145/3675/635 1154/3676/635 1153/3677/635 

vt -1420.99 0
v -141.191 5.51573 6.81373
vt -1420.99 217.155
f 1145/3675/635 1144/3678/635 1155/3679/635 1154/3676/635 

vt -5497.83 0
vn -0.107278 0 0.994229
vt -5390.05 0
v -138.469 5.51573 7.10743
vt -5390.05 217.155
vt -5497.83 217.155
f 1144/3680/636 1143/3681/636 1156/3682/636 1155/3683/636 

vt -936.57 0
vn 0.992671 0 0.120847
vt -702.328 0
v -137.75 5.51573 1.20129
vt -702.328 217.155
vt -936.57 217.155
f 1143/3684/637 1142/3685/637 1157/3686/637 1156/3687/637 

vt 5390.63 0
vn 0.101134 0 -0.994873
vt 5820.48 0
v -148.612 5.51573 0.0970993
vt 5820.48 217.155
vt 5390.63 217.155
f 1142/3688/638 1141/3689/638 1158/3690/638 1157/3691/638 

vt 5824.96 0
vn 0.0933407 0 -0.995634
vt 5851.36 0
v -149.28 5.51573 0.034507
vt 5851.36 217.155
vt 5824.96 217.155
f 1141/3692/639 1140/3693/639 1159/3694/639 1158/3695/639 

vt 832.499 0
vn -0.989949 0 -0.141421
vt 853.945 0
v -149.357 5.51573 0.573764
vt 853.945 217.155
vt 832.499 217.155
f 1140/3696/640 1139/3697/640 1160/3698/640 1159/3699/640 

vt 5838.68 0
vn 0.114842 0 -0.993384
vt 6014.75 0
vt 6014.75 217.155
vt 5838.68 217.155
f 1139/3700/641 1138/3701/641 1150/3702/641 1160/3703/641 

vt -6055.08 -2.36952
vt -6067.21 -46.8526
vt -6100.58 -332.96
vt -6064.82 -337.026
vt -5584.98 -391.597
vt -5571.83 -329.927
vt -5558.69 -268.257
vt -5451.53 -279.82
vt -5423.22 -47.2949
vt -5850.86 -3.82281
vt -5877.15 -1.35854
vt -5880.18 -22.5891
f 1150/3704/20 1149/3705/20 1151/3706/20 1152/3707/20 1153/3708/20 1154/3709/20 1155/3710/20 1156/3711/20 1157/3712/20 1158/3713/20 1159/3714/20 1160/3715/20 

g Mesh98 G_32_20006635476664 Model

v -134.649 0 -72.9449
vt 5301.14 2871.85
v -136.524 0 -67.5266
vt 5374.94 2658.53
v -135.747 0 -67.3565
vt 5344.36 2651.83
v -136.928 0 -63.1709
vt 5390.87 2487.04
v -144.169 0 -65.0197
vt 5675.96 2559.83
v -143.528 0 -67.074
vt 5650.69 2640.71
f 14/14/1 13/13/1 12/12/1 11/11/1 10/10/1 1161/3716/1 1162/3717/1 1163/3718/1 1164/3719/1 1165/3720/1 1166/3721/1 

vt -584.781 0
vn -0.934615 0 -0.355662
vt -457.586 0
v -143.784 2.45098 -67.1521
vt -457.586 96.4952
v -142.635 2.45098 -70.1716
vt -584.781 96.4952
f 13/3722/642 14/3723/642 1167/3724/642 1168/3725/642 

vt -6174.4 0
v -143.528 2.45098 -67.074
vt -6174.4 96.4952
vt -6184.96 96.4952
f 14/40/7 1166/3726/7 1169/3727/7 1167/3728/7 

vt -835.046 0
vn -0.95448 0 -0.298275
vt -750.31 0
v -144.169 2.45098 -65.0197
vt -750.31 96.4952
vt -835.046 96.4952
f 1166/3729/643 1165/3730/643 1170/3731/643 1169/3732/643 

vt -6132.8 0
vn -0.247383 0 0.968918
vt -5838.56 0
v -136.928 2.45098 -63.1709
vt -5838.56 96.4952
vt -6132.8 96.4952
f 1165/3733/644 1164/3734/644 1171/3735/644 1170/3736/644 

vt 929.392 0
vn 0.96241 0 0.2716
vt 1100.62 0
v -135.747 2.45098 -67.3565
vt 1100.62 96.4952
vt 929.392 96.4952
f 1164/3737/645 1163/3738/645 1172/3739/645 1171/3740/645 

vt 5787.95 0
vn 0.213938 0 -0.976847
vt 5819.26 0
v -136.524 2.45098 -67.5266
vt 5819.26 96.4952
vt 5787.95 96.4952
f 1163/3741/646 1162/3742/646 1173/3743/646 1172/3744/646 

vt 755.04 0
vn 0.945039 0 0.326957
vt 980.762 0
v -134.649 2.45098 -72.9449
vt 980.762 96.4952
vt 755.04 96.4952
f 1162/3745/647 1161/3746/647 1174/3747/647 1173/3748/647 

vt 6020.15 0
vn 0.427827 0 -0.90386
vt 6187.92 0
v -138.501 2.45098 -74.7681
vt 6187.92 96.4952
vt 6020.15 96.4952
f 1161/3749/648 10/3750/648 1175/3751/648 1174/3752/648 

vt 6084.5 0
vn 0.299827 0 -0.953994
vt 6121.6 0
v -139.4 2.45098 -75.0505
vt 6121.6 96.4952
vt 6084.5 96.4952
f 10/3753/649 11/3754/649 1176/3755/649 1175/3756/649 

vt -1058.79 0
vn -0.948229 0 -0.317589
vt -835.962 0
v -141.197 2.45098 -69.6837
vt -835.962 96.4952
vt -1058.79 96.4952
f 11/3757/650 12/3758/650 1177/3759/650 1176/3760/650 

vt 6145.66 0
vn 0.321296 0 -0.946979
vt 6205.45 0
vt 6205.45 96.4952
vt 6145.66 96.4952
f 12/3761/651 13/3762/651 1168/3763/651 1177/3764/651 

vt -5650.69 2640.71
vt -5675.96 2559.83
vt -5390.87 2487.04
vt -5344.36 2651.83
vt -5374.94 2658.53
vt -5301.14 2871.85
f 1168/98/20 1167/97/20 1169/3765/20 1170/3766/20 1171/3767/20 1172/3768/20 1173/3769/20 1174/3770/20 1175/101/20 1176/100/20 1177/99/20 

g Mesh99 G_32_14583259501261 Model

v -149.048 0 -66.4064
vt 5868.05 2614.42
v -156.084 0 -68.5506
vt 6145.06 2698.84
v -155.918 0 -68.9871
vt 6138.49 2716.03
v -157.458 0 -69.475
vt 6199.15 2735.24
v -156.219 0 -73.3718
vt 6150.37 2888.65
v -154.627 0 -72.9096
vt 6087.69 2870.46
v -154.38 0 -73.7441
vt 6077.95 2903.31
f 1/1/1 18/18/1 17/17/1 1178/3771/1 1179/3772/1 1180/3773/1 1181/3774/1 1182/3775/1 1183/3776/1 1184/3777/1 

vt 6328.89 0
vn 0.251938 0 -0.967743
vt 6445.76 0
v -150.336 3.01599 -72.3831
vt 6445.76 118.74
v -147.463 3.01599 -71.6353
vt 6328.89 118.74
f 18/3778/652 1/3779/652 1185/3780/652 1186/3781/652 

vt 6518.51 0
vn 0.318934 0 -0.947777
vt 6686.51 0
v -154.38 3.01599 -73.7441
vt 6686.51 118.74
vt 6518.51 118.74
f 1/3782/653 1184/3783/653 1187/3784/653 1185/3785/653 

vt -1057.89 0
vn -0.958835 0 -0.283963
vt -1023.62 0
v -154.627 3.01599 -72.9096
vt -1023.62 118.74
vt -1057.89 118.74
f 1184/3786/654 1183/3787/654 1188/3788/654 1187/3789/654 

vt 6646.6 0
vn 0.27881 0 -0.960346
vt 6711.87 0
v -156.219 3.01599 -73.3718
vt 6711.87 118.74
vt 6646.6 118.74
f 1183/3790/655 1182/3791/655 1189/3792/655 1188/3793/655 

vt -889.233 0
vn -0.952988 0 -0.303009
vt -728.248 0
v -157.458 3.01599 -69.475
vt -728.248 118.74
vt -889.233 118.74
f 1182/3794/656 1181/3795/656 1190/3796/656 1189/3797/656 

vt -6735.65 0
vn -0.301892 0 0.953342
vt -6672.03 0
v -155.918 3.01599 -68.9871
vt -6672.03 118.74
vt -6735.65 118.74
f 1181/3798/657 1180/3799/657 1191/3800/657 1190/3801/657 

vt -344.628 0
vn -0.934052 0 -0.357137
vt -326.227 0
v -156.084 3.01599 -68.5506
vt -326.227 118.74
vt -344.628 118.74
f 1180/3802/658 1179/3803/658 1192/3804/658 1191/3805/658 

vt -6664.9 0
vn -0.291509 0 0.956568
vt -6375.32 0
v -149.048 3.01599 -66.4064
vt -6375.32 118.74
vt -6664.9 118.74
f 1179/3806/659 1178/3807/659 1193/3808/659 1192/3809/659 

vt 383.77 0
vn 0.936122 0 0.351676
vt 499.021 0
v -148.019 3.01599 -69.1468
vt 499.021 118.74
vt 383.77 118.74
f 1178/3810/660 17/3811/660 1194/3812/660 1193/3813/660 

vt 1385.65 0
vn 0.975922 0 0.218122
vt 1486.04 0
vt 1486.04 118.74
vt 1385.65 118.74
f 17/3814/661 18/3815/661 1186/3816/661 1194/3817/661 

vt -6077.95 2903.31
vt -6087.69 2870.46
vt -6150.37 2888.65
vt -6199.15 2735.24
vt -6138.49 2716.03
vt -6145.06 2698.84
vt -5868.05 2614.42
f 1186/93/20 1185/92/20 1187/3818/20 1188/3819/20 1189/3820/20 1190/3821/20 1191/3822/20 1192/3823/20 1193/3824/20 1194/94/20 

g Mesh100 G_29_836758606340197 Model

v -180.142 0 -94.2423
vt 7092.22 3710.33
v -176.608 0 -93.2761
vt 6953.08 3672.29
v -176.403 0 -94.0465
vt 6945 3702.62
v -173.924 0 -93.2309
vt 6847.41 3670.51
v -174.596 0 -91.0068
vt 6873.85 3582.94
v -180.502 0 -92.6759
vt 7106.37 3648.66
f 1195/3825/1 1196/3826/1 1197/3827/1 1198/3828/1 1199/3829/1 1200/3830/1 

vt 7675.38 0
vn 0.26371 0 -0.964602
vt 7819.62 0
v -180.142 4.04624 -94.2423
vt 7819.62 159.301
v -176.608 4.04624 -93.2761
vt 7675.38 159.301
f 1196/3831/662 1195/3832/662 1201/3833/662 1202/3834/662 

vt -2029.83 0
vn -0.97466 0 -0.223692
vt -1966.56 0
v -180.502 4.04624 -92.6759
vt -1966.56 159.301
vt -2029.83 159.301
f 1195/3835/663 1200/3836/663 1203/3837/663 1201/3838/663 

vt -7830.81 0
vn -0.271957 0 0.962309
vt -7589.18 0
v -174.596 4.04624 -91.0068
vt -7589.18 159.301
vt -7830.81 159.301
f 1200/3839/664 1199/3840/664 1204/3841/664 1203/3842/664 

vt 1443.48 0
vn 0.957328 0 0.289005
vt 1534.94 0
v -173.924 4.04624 -93.2309
vt 1534.94 159.301
vt 1443.48 159.301
f 1199/3843/665 1198/3844/665 1205/3845/665 1204/3846/665 

vt 7651.61 0
vn 0.31257 0 -0.949895
vt 7754.34 0
v -176.403 4.04624 -94.0465
vt 7754.34 159.301
vt 7651.61 159.301
f 1198/3847/666 1197/3848/666 1206/3849/666 1205/3850/666 

vt -1788.13 0
vn -0.966235 0 -0.257663
vt -1756.74 0
vt -1756.74 159.301
vt -1788.13 159.301
f 1197/3851/667 1196/3852/667 1202/3853/667 1206/3854/667 

vt -6953.08 3672.29
vt -7092.22 3710.33
vt -7106.37 3648.66
vt -6873.85 3582.94
vt -6847.41 3670.51
vt -6945 3702.62
f 1202/3855/20 1201/3856/20 1203/3857/20 1204/3858/20 1205/3859/20 1206/3860/20 

g Mesh101 G_20_999187819069405 Model

v -181.673 0 -101.472
vt 7152.49 3994.96
v -179.638 0 -100.312
vt 7072.38 3949.3
v -181.795 0 -95.767
vt 7157.3 3770.35
v -186.443 0 -97.9754
vt 7340.29 3857.3
v -184.055 0 -102.354
vt 7246.27 4029.67
v -181.898 0 -101.057
vt 7161.35 3978.62
f 1207/3861/1 1208/3862/1 1209/3863/1 1210/3864/1 1211/3865/1 1212/3866/1 

vt 8100.03 0
vn 0.495203 0 -0.868777
vt 8192.24 0
v -181.673 3.80533 -101.472
vt 8192.24 149.816
v -179.638 3.80533 -100.312
vt 8100.03 149.816
f 1208/3867/668 1207/3868/668 1213/3869/668 1214/3870/668 

vt -106.126 0
vn -0.879292 0 -0.476283
vt -87.5364 0
v -181.898 3.80533 -101.057
vt -87.5364 149.816
vt -106.126 149.816
f 1207/3871/669 1212/3872/669 1215/3873/669 1213/3874/669 

vt 8187.54 0
vn 0.515246 0 -0.857042
vt 8286.63 0
v -184.055 3.80533 -102.354
vt 8286.63 149.816
vt 8187.54 149.816
f 1212/3875/670 1211/3876/670 1216/3877/670 1215/3878/670 

vt -67.7386 0
vn -0.877896 0 -0.478852
vt 128.608 0
v -186.443 3.80533 -97.9754
vt 128.608 149.816
vt -67.7386 149.816
f 1211/3879/671 1210/3880/671 1217/3881/671 1216/3882/671 

vt -8285.36 0
vn -0.429159 0 0.903229
vt -8082.76 0
v -181.795 3.80533 -95.767
vt -8082.76 149.816
vt -8285.36 149.816
f 1210/3883/672 1209/3884/672 1218/3885/672 1217/3886/672 

vt 337.581 0
vn 0.903426 0 0.428744
vt 535.653 0
vt 535.653 149.816
vt 337.581 149.816
f 1209/3887/673 1208/3888/673 1214/3889/673 1218/3890/673 

vt -7072.38 3949.3
vt -7152.49 3994.96
vt -7161.35 3978.62
vt -7246.27 4029.67
vt -7340.29 3857.3
vt -7157.3 3770.35
f 1214/3891/20 1213/3892/20 1215/3893/20 1216/3894/20 1217/3895/20 1218/3896/20 

g Mesh102 G_21_296326604496475 Model

v -258.01 0 -209.918
vt 10157.9 8264.47
f 315/952/1 314/951/1 313/950/1 612/1860/1 611/1859/1 610/1858/1 1219/3897/1 

vt -2655.75 0
vn -0.866445 0 -0.499273
vt -2217.61 0
v -256.444 3.37758 -212.781
vt -2217.61 132.976
v -250.888 3.37758 -222.423
vt -2655.75 132.976
f 314/3898/674 315/3899/674 1220/3900/674 1221/3901/674 

vt -2503.54 0
vn -0.877293 0 -0.479954
vt -2375.05 0
v -258.01 3.37758 -209.918
vt -2375.05 132.976
vt -2503.54 132.976
f 315/3902/675 1219/3903/675 1222/3904/675 1220/3905/675 

vt -12975.3 0
vn -0.520607 0 0.853796
vt -12708.3 0
v -252.22 3.37758 -206.387
vt -12708.3 132.976
vt -12975.3 132.976
f 1219/3906/676 610/3907/676 1223/3908/676 1222/3909/676 

vt 2867.49 0
vn 0.895875 0 0.444306
vt 2971.87 0
v -251.042 3.37758 -208.762
vt 2971.87 132.976
vt 2867.49 132.976
f 610/3910/677 611/3911/677 1224/3912/677 1223/3913/677 

vt 12755.1 0
vn 0.539054 0 -0.842271
vt 12875.1 0
v -253.61 3.37758 -210.406
vt 12875.1 132.976
vt 12755.1 132.976
f 611/3914/678 612/3915/678 1225/3916/678 1224/3917/678 

vt 2643.5 0
vn 0.883573 0 0.468294
vt 3101.18 0
v -248.166 3.37758 -220.677
vt 3101.18 132.976
vt 2643.5 132.976
f 612/3918/679 313/3919/679 1226/3920/679 1225/3921/679 

vt 12914.8 0
vn 0.539955 0 -0.841694
vt 13042.1 0
vt 13042.1 132.976
vt 12914.8 132.976
f 313/3922/680 314/3923/680 1221/3924/680 1226/3925/680 

vt -10157.9 8264.47
f 1221/1072/20 1220/1071/20 1222/3926/20 1223/1899/20 1224/1898/20 1225/1897/20 1226/1073/20 

g Mesh103 G_38_04180613059881 Model

v -185.243 0 -164.007
vt 7293.03 6456.97
f 661/1978/1 660/1977/1 659/1976/1 1227/3927/1 

vt -2140.2 0
vn -0.872209 0 -0.489134
vt -2060.37 0
v -190.314 3.12372 -166.729
vt -2060.37 122.981
v -189.323 3.12372 -168.498
vt -2140.2 122.981
f 660/3928/681 661/3929/681 1228/3930/681 1229/3931/681 

vt -9706.12 0
vn -0.472902 0 0.881115
vt -9479.51 0
v -185.243 3.12372 -164.007
vt -9479.51 122.981
vt -9706.12 122.981
f 661/3932/682 1227/3933/682 1230/3934/682 1228/3935/682 

vt 2230.65 0
v -184.28 3.12372 -165.796
vt 2310.61 122.981
vt 2230.65 122.981
f 1227/3936/352 659/2053/352 1231/3937/352 1230/3938/352 

vt 9477.94 0
vn 0.472338 0 -0.881417
vt 9703.15 0
vt 9703.15 122.981
vt 9477.94 122.981
f 659/3939/683 660/3940/683 1229/3941/683 1231/3942/683 

vt -7293.03 6456.97
f 1229/2071/20 1228/2070/20 1230/3943/20 1231/2078/20 

g Mesh104 G_43_79326105772592 Model

v -143.637 0 -152.901
vt 5654.99 6019.72
v -146.262 0 -154.551
vt 5758.36 6084.68
v -140.94 0 -163.654
vt 5548.83 6443.07
v -140.316 0 -163.259
vt 5524.24 6427.53
v -143.268 0 -158.393
vt 5640.45 6235.94
v -142.728 0 -158.085
vt 5619.22 6223.81
v -143.499 0 -156.852
vt 5649.55 6175.28
v -141.984 0 -155.825
vt 5589.9 6134.85
v -142.985 0 -153.873
vt 5629.33 6058.01
v -142.266 0 -153.514
vt 5601.02 6043.86
v -142.391 0 -153.287
vt 5605.93 6034.93
v -142.831 0 -152.487
vt 5623.27 6003.42
f 1232/3944/1 1233/3945/1 1234/3946/1 1235/3947/1 1236/3948/1 1237/3949/1 1238/3950/1 1239/3951/1 1240/3952/1 1241/3953/1 1242/3954/1 1243/3955/1 

vt -8113.01 0
vn -0.532044 0 0.846716
vt -7990.93 0
v -143.637 5.93918 -152.901
vt -7990.93 233.826
v -146.262 5.93918 -154.551
vt -8113.01 233.826
f 1233/3956/684 1232/3957/684 1244/3958/684 1245/3959/684 

vt -7781.27 0
vn -0.457108 0 0.889411
vt -7745.61 0
v -142.831 5.93918 -152.487
vt -7745.61 233.826
vt -7781.27 233.826
f 1232/3960/685 1243/3961/685 1246/3962/685 1244/3963/685 

vt 2550.33 0
vn 0.876216 0 0.481919
vt 2586.3 0
v -142.391 5.93918 -153.287
vt 2586.3 233.826
vt 2550.33 233.826
f 1243/3964/686 1242/3965/686 1247/3966/686 1246/3967/686 

vt 2596.48 0
v -142.266 5.93918 -153.514
vt 2596.48 233.826
f 1242/3965/686 1241/3968/686 1248/3969/686 1247/3966/686 

vt 7712.6 0
vt 7744.25 0
v -142.985 5.93918 -153.873
vt 7744.25 233.826
vt 7712.6 233.826
f 1241/3970/471 1240/3971/471 1249/3972/471 1248/3973/471 

vt 2819.69 0
vn 0.889696 0 0.456554
vt 2906.05 0
v -141.984 5.93918 -155.825
vt 2906.05 233.826
vt 2819.69 233.826
f 1240/3974/687 1239/3975/687 1250/3976/687 1249/3977/687 

vt 8069.43 0
vn 0.561158 0 -0.827708
vt 8141.49 0
v -143.499 5.93918 -156.852
vt 8141.49 233.826
vt 8069.43 233.826
f 1239/3978/688 1238/3979/688 1251/3980/688 1250/3981/688 

vt 2242.37 0
vn 0.847998 0 0.529999
vt 2299.6 0
v -142.728 5.93918 -158.085
vt 2299.6 233.826
vt 2242.37 233.826
f 1238/3982/689 1237/3983/689 1252/3984/689 1251/3985/689 

vt 7966.73 0
vn 0.496139 0 -0.868243
vt 7991.18 0
v -143.268 5.93918 -158.393
vt 7991.18 233.826
vt 7966.73 233.826
f 1237/3986/690 1236/3987/690 1253/3988/690 1252/3989/690 

vt 2406.42 0
vn 0.854999 0 0.51863
vt 2630.49 0
v -140.316 5.93918 -163.259
vt 2630.49 233.826
vt 2406.42 233.826
f 1236/3990/691 1235/3991/691 1254/3992/691 1253/3993/691 

vt 8103.52 0
vn 0.534192 0 -0.845363
vt 8132.61 0
v -140.94 5.93918 -163.654
vt 8132.61 233.826
vt 8103.52 233.826
f 1235/3994/692 1234/3995/692 1255/3996/692 1254/3997/692 

vt -2761.74 0
vn -0.863293 0 -0.504704
vt -2346.59 0
vt -2346.59 233.826
vt -2761.74 233.826
f 1234/3998/693 1233/3999/693 1245/4000/693 1255/4001/693 

vt -5758.36 6084.68
vt -5654.99 6019.72
vt -5623.27 6003.42
vt -5605.93 6034.93
vt -5601.02 6043.86
vt -5629.33 6058.01
vt -5589.9 6134.85
vt -5649.55 6175.28
vt -5619.22 6223.81
vt -5640.45 6235.94
vt -5524.24 6427.53
vt -5548.83 6443.07
f 1245/4002/20 1244/4003/20 1246/4004/20 1247/4005/20 1248/4006/20 1249/4007/20 1250/4008/20 1251/4009/20 1252/4010/20 1253/4011/20 1254/4012/20 1255/4013/20 

g Mesh105 G_18_642017750798722 Model

v -109.381 0 -110.377
vt 4306.34 4345.54
v -110.395 0 -108.669
vt 4346.27 4278.31
v -112.203 0 -109.535
vt 4417.46 4312.41
v -111.426 0 -111.195
vt 4386.84 4377.76
f 1256/4014/1 1257/4015/1 1258/4016/1 1259/4017/1 

vt 1458.75 0
vn 0.859766 0 0.510688
vt 1536.95 0
v -109.381 3.02978 -110.377
vt 1536.95 119.283
v -110.395 3.02978 -108.669
vt 1458.75 119.283
f 1257/4018/694 1256/4019/694 1260/4020/694 1261/4021/694 

vt 5612.89 0
vn 0.371642 0 -0.928376
vt 5699.6 0
v -111.426 3.02978 -111.195
vt 5699.6 119.283
vt 5612.89 119.283
f 1256/4022/695 1259/4023/695 1262/4024/695 1260/4025/695 

vt -2103.02 0
vn -0.905536 0 -0.424269
vt -2030.85 0
v -112.203 3.02978 -109.535
vt -2030.85 119.283
vt -2103.02 119.283
f 1259/4026/696 1258/4027/696 1263/4028/696 1262/4029/696 

vt -5847.01 0
vn -0.432029 0 0.90186
vt -5768.08 0
vt -5768.08 119.283
vt -5847.01 119.283
f 1258/4030/697 1257/4031/697 1261/4032/697 1263/4033/697 

vt -4346.27 4278.31
vt -4306.34 4345.54
vt -4386.84 4377.76
vt -4417.46 4312.41
f 1261/4034/20 1260/4035/20 1262/4036/20 1263/4037/20 

g Mesh106 G_38_5389972649656 Model

v -61.8747 0 -80.0393
vt 2436.01 3151.15
v -66.4267 0 -82.7077
vt 2615.22 3256.21
v -60.6104 0 -94.0706
vt 2386.24 3703.57
v -59.9909 0 -93.7143
vt 2361.85 3689.54
v -55.9914 0 -91.5059
vt 2204.39 3602.59
f 1264/4038/1 1265/4039/1 1266/4040/1 1267/4041/1 1268/4042/1 

vt -3902.88 0
vn -0.505719 0 0.862698
vt -3695.14 0
v -61.8747 4.43788 -80.0393
vt -3695.14 174.72
v -66.4267 4.43788 -82.7077
vt -3902.88 174.72
f 1265/4043/698 1264/4044/698 1269/4045/698 1270/4046/698 

vt 1691.62 0
vn 0.889724 0 0.456498
vt 2199.02 0
v -55.9914 4.43788 -91.5059
vt 2199.02 174.72
vt 1691.62 174.72
f 1264/4047/699 1268/4048/699 1271/4049/699 1269/4050/699 

vt 3671.15 0
vn 0.483374 0 -0.875414
vt 3851.02 0
v -59.9909 4.43788 -93.7143
vt 3851.02 174.72
vt 3671.15 174.72
f 1268/4051/700 1267/4052/700 1272/4053/700 1271/4054/700 

vt 3886.82 0
vn 0.498556 0 -0.866858
vt 3914.96 0
v -60.6104 4.43788 -94.0706
vt 3914.96 174.72
vt 3886.82 174.72
f 1267/4055/701 1266/4056/701 1273/4057/701 1272/4058/701 

vt -2209.51 0
vn -0.890163 0 -0.455643
vt -1706.95 0
vt -1706.95 174.72
vt -2209.51 174.72
f 1266/4059/702 1265/4060/702 1270/4061/702 1273/4062/702 

vt -2615.22 3256.21
vt -2436.01 3151.15
vt -2204.39 3602.59
vt -2361.85 3689.54
vt -2386.24 3703.57
f 1270/4063/20 1269/4064/20 1271/4065/20 1272/4066/20 1273/4067/20 

g Mesh107 Group28 Group27 G_34_66773320701557 Model

v -51.4598 6.9636 -84.5232
vt 3267.78 -1588.7
vn 0.246465 0.822465 -0.512647
v -48.4932 5.43556 -85.5484
vt 3180.01 -1694.46
v -52.4991 5.43556 -87.4743
vt 3355 -1694.46
f 1274/4068/703 1275/4069/703 1276/4070/703

vt 2179.42 2753.46
vn 0.510401 0.822465 0.251084
vt 2091.64 2859.23
v -52.825 6.95093 -81.7066
vt 1968.42 2858.35
v -54.4322 7.77749 -81.1469
vt 1920.71 2915.56
v -50.0596 5.43556 -82.3642
vt 2039.71 2753.46
f 1275/4071/704 1274/4072/704 1277/4073/704 1278/4074/704 1279/4075/704 

v -53.8601 5.43556 -84.624
vt -2092.84 -2632.77
vn -0.513305 0.822465 -0.245092
vt -2006.75 -2527.89
vt -2129.98 -2527.01
vt -2217.2 -2632.77
f 1280/4076/705 1277/4077/705 1274/4078/705 1276/4079/705 

v -55.9144 5.43556 -85.5997
vt 3434.38 -1605.12
vn 0.244055 0.822465 -0.513799
v -54.4382 7.78599 -81.1361
vt 3306.49 -1442.44
vt 3306.46 -1443.03
vt 3258.76 -1500.24
vt 3344.85 -1605.12
f 1281/4080/706 1282/4081/706 1278/4082/706 1277/4083/706 1280/4084/706 

v -60.023 5.43556 -77.8704
vt -1597.9 -2777.96
vn -0.502266 0.822465 -0.266985
v -55.6484 7.74624 -78.9819
vt -1717.38 -2618.03
v -55.5616 7.75049 -79.1321
vt -1724.21 -2617.73
v -54.2731 8.40505 -79.5397
vt -1762.19 -2572.43
v -54.1018 8.40894 -79.8499
vt -1776.14 -2572.16
vt -1814.63 -2615.28
vt -1942.53 -2777.96
f 1283/4085/707 1284/4086/707 1285/4087/707 1286/4088/707 1287/4089/707 1282/4090/707 1281/4091/707 

v -58.2768 5.43556 -76.7149
vt -3580.13 1151.88
vn -0.313911 0.822465 0.474354
v -55.3217 7.00131 -77.4741
vt -3499.6 1260.25
vt -3543.09 1311.81
vt -3662.57 1151.88
f 1288/4092/708 1289/4093/708 1284/4094/708 1283/4095/708 

v -59.6378 5.43556 -74.1213
vt -1493 -2703.47
vn -0.50368 0.822465 -0.264307
v -56.7803 6.92418 -74.9346
vt -1573.62 -2600.44
vt -1688.84 -2595.1
vt -1608.31 -2703.47
f 1290/4096/709 1291/4097/709 1289/4098/709 1288/4099/709 

vt -3424.37 1310.74
vn -0.289017 0.822465 0.48992
vt -3505 1207.71
v -56.0684 5.43556 -72.0156
vt -3341.85 1207.71
f 1291/4100/710 1290/4101/710 1292/4102/710

v -54.348 5.43556 -74.7633
vt 1359.16 2898.04
vn 0.482102 0.822465 0.301877
vt 1479.59 3058.27
vt 1472.76 3057.98
vt 1429.27 3006.42
vt 1314.06 3001.08
vt 1231.53 2898.04
f 1293/4103/711 1285/4104/711 1284/4105/711 1289/4106/711 1291/4107/711 1292/4108/711 

v -52.5761 5.43556 -73.8645
vt -3161.55 1484.63
vn -0.257319 0.822465 0.507286
vt -3322.21 1690.16
vt -3360.19 1644.85
vt -3239.77 1484.63
f 1294/4109/712 1286/4110/712 1285/4111/712 1293/4112/712 

v -48.3391 5.43556 -81.26
vt 1829.85 2787.89
vn 0.493554 0.822465 0.282765
vt 1668.9 2993.69
vt 1654.95 2993.42
vt 1494.29 2787.89
f 1295/4113/713 1287/4114/713 1286/4115/713 1294/4116/713 

vt 3410.09 -1247.27
vn 0.307231 0.822465 -0.478708
vt 3529.08 -1085.17
vt 3529.05 -1084.58
vt 3490.56 -1041.47
vt 3329.6 -1247.27
f 1279/4117/714 1278/4118/714 1282/4119/714 1287/4120/714 1295/4121/714 

g Mesh108 Group27 G_34_66773320701557 Model

vt 2120.47 3331.65
vt 2066.89 3443.87
vt 1909.18 3368.05
vt 1970.85 3242.69
vt 1903.11 3199.21
vt 2069.93 2908.05
vt 2139.68 2943.44
vt 2207.42 2835.26
vt 2347.95 2918.16
vt 2294.36 3020.27
vt 2363.11 3065.76
vt 2201.35 3370.07
f 1280/4122/1 1276/4123/1 1275/4124/1 1279/4125/1 1295/4126/1 1294/4127/1 1293/4128/1 1292/4129/1 1290/4130/1 1288/4131/1 1283/4132/1 1281/4133/1 

g Mesh109 G_34_66773320701557 Model

v -53.8601 0 -84.624
v -52.4991 0 -87.4743
v -48.4932 0 -85.5484
v -50.0596 0 -82.3642
v -48.3391 0 -81.26
v -52.5761 0 -73.8645
v -54.348 0 -74.7633
v -56.0684 0 -72.0156
v -59.6378 0 -74.1213
v -58.2768 0 -76.7149
v -60.023 0 -77.8704
v -55.9144 0 -85.5997
f 1296/4122/1 1297/4123/1 1298/4124/1 1299/4125/1 1300/4126/1 1301/4127/1 1302/4128/1 1303/4129/1 1304/4130/1 1305/4131/1 1306/4132/1 1307/4133/1 

vt -2217.2 0
vn -0.902409 0 -0.43088
vt -2092.84 0
vt -2092.84 213.998
vt -2217.2 213.998
f 1297/4134/715 1296/4135/715 1280/4136/715 1276/4137/715 

vt 3344.85 0
vn 0.429057 0 -0.903278
vt 3434.38 0
vt 3434.38 213.998
vt 3344.85 213.998
f 1296/4138/716 1307/4139/716 1281/4140/716 1280/4141/716 

vt -1942.53 0
vn -0.883002 0 -0.46937
vt -1597.9 0
vt -1597.9 213.998
vt -1942.53 213.998
f 1307/4142/717 1306/4143/717 1283/4144/717 1281/4145/717 

vt -3662.57 0
vn -0.551867 0 0.833932
vt -3580.13 0
vt -3580.13 213.998
vt -3662.57 213.998
f 1306/4146/718 1305/4147/718 1288/4148/718 1283/4149/718 

vt -1608.31 0
vn -0.885488 0 -0.464662
vt -1493 0
vt -1493 213.998
vt -1608.31 213.998
f 1305/4150/719 1304/4151/719 1290/4152/719 1288/4153/719 

vt -3505 0
vn -0.508103 0 0.861296
vt -3341.85 0
vt -3341.85 213.998
vt -3505 213.998
f 1304/4154/720 1303/4155/720 1292/4156/720 1290/4157/720 

vt 1231.53 0
vn 0.847553 0 0.530711
vt 1359.16 0
vt 1359.16 213.998
vt 1231.53 213.998
f 1303/4158/721 1302/4159/721 1293/4160/721 1292/4161/721 

vt -3239.77 0
vn -0.452376 0 0.891827
vt -3161.55 0
vt -3161.55 213.998
vt -3239.77 213.998
f 1302/4162/722 1301/4163/722 1294/4164/722 1293/4165/722 

vt 1494.29 0
vn 0.867686 0 0.497112
vt 1829.85 0
vt 1829.85 213.998
vt 1494.29 213.998
f 1301/4166/723 1300/4167/723 1295/4168/723 1294/4169/723 

vt 3329.6 0
vn 0.540123 0 -0.841586
vt 3410.09 0
vt 3410.09 213.998
vt 3329.6 213.998
f 1300/4170/724 1299/4171/724 1279/4172/724 1295/4173/724 

vt 2039.71 0
vn 0.897303 0 0.441415
vt 2179.42 0
vt 2179.42 213.998
vt 2039.71 213.998
f 1299/4174/725 1298/4175/725 1275/4176/725 1279/4177/725 

vt 3180.01 0
vn 0.433294 0 -0.901252
vt 3355 0
vt 3355 213.998
vt 3180.01 213.998
f 1298/4178/726 1297/4179/726 1276/4180/726 1275/4181/726 

vt -2066.89 3443.87
vt -2120.47 3331.65
vt -2201.35 3370.07
vt -2363.11 3065.76
vt -2294.36 3020.27
vt -2347.95 2918.16
vt -2207.42 2835.26
vt -2139.68 2943.44
vt -2069.93 2908.05
vt -1903.11 3199.21
vt -1970.85 3242.69
vt -1909.18 3368.05
f 1276/4182/20 1280/4183/20 1281/4184/20 1283/4185/20 1288/4186/20 1290/4187/20 1292/4188/20 1293/4189/20 1294/4190/20 1295/4191/20 1279/4192/20 1275/4193/20 

g Mesh110 G_33_785601411685086 Model

v -30.9866 0 -11.6574
vt 1219.94 458.953
v -30.1777 0 -9.77001
vt 1188.1 384.646
v -30.8839 0 -8.15224
vt 1215.9 320.954
f 1308/4194/1 1309/4195/1 1310/4196/1

v -26.8523 0 -9.88557
vt 1057.18 389.196
f 1309/4195/1 1308/4194/1 1311/4197/1

vt 1125.01 0
vn 0.393919 0 -0.919145
vt 1302.1 0
v -30.9866 6.14102 -11.6574
vt 1302.1 241.772
v -26.8523 6.14102 -9.88557
vt 1125.01 241.772
f 1311/4198/727 1308/4199/727 1312/4200/727 1313/4201/727 

vt 66.4075 0
vn -0.916802 0 -0.399343
v -32.8098 0 -7.47175
vt 246.152 0
v -32.8098 6.14102 -7.47175
vt 246.152 241.772
vt 66.4075 241.772
f 1308/4202/728 1314/4203/728 1315/4204/728 1312/4205/728 

vt 1291.72 294.163
f 1310/4196/1 1314/4206/1 1308/4194/1

v -28.5471 0 -5.80262
vt 1123.9 228.45
f 1314/4206/1 1310/4196/1 1316/4207/1

v -29.3046 0 -7.60015
vt 1153.73 299.218
f 1316/4207/1 1310/4196/1 1317/4208/1

vt 1187.84 0
vn 0.330009 0 -0.943978
vt 1253.7 0
v -30.8839 6.14102 -8.15224
vt 1253.7 241.772
v -29.3046 6.14102 -7.60015
vt 1187.84 241.772
f 1317/4209/729 1310/4210/729 1318/4211/729 1319/4212/729 

vt -192.276 0
vn 0.916491 0 0.400056
vt -122.781 0
v -30.1777 6.14102 -9.77001
vt -122.781 241.772
vt -192.276 241.772
f 1310/4213/730 1309/4214/730 1320/4215/730 1318/4216/730 

vt -1244.46 0
vn -0.386294 0 0.922376
v -28.6755 0 -9.14088
vt -1180.34 0
v -28.6755 6.14102 -9.14088
vt -1180.34 241.772
vt -1244.46 241.772
f 1309/4217/731 1321/4218/731 1322/4219/731 1320/4220/731 

vt 1128.96 359.877
f 1309/4195/1 1311/4197/1 1321/4221/1

f 1321/4221/1 1311/4197/1 1316/4207/1

vt -219.885 0
vn 0.923592 0 0.383378
vt -45.8403 0
vt -45.8403 241.772
v -28.5471 6.14102 -5.80262
vt -219.885 241.772
f 1316/4222/732 1311/4223/732 1313/4224/732 1323/4225/732 

vt -1057.18 389.196
vt -1128.96 359.877
vt -1123.9 228.45
f 1313/4226/20 1322/4227/20 1323/4228/20

vt -1188.1 384.646
f 1313/4226/20 1320/4229/20 1322/4227/20

vt -1219.94 458.953
f 1312/4230/20 1320/4229/20 1313/4226/20

vt -1215.9 320.954
f 1320/4229/20 1312/4230/20 1318/4231/20

vt -1291.72 294.163
f 1315/4232/20 1318/4231/20 1312/4230/20

f 1318/4231/20 1315/4232/20 1323/4228/20

vt -1310.06 0
vn -0.364611 0 0.93116
vt -1129.83 0
vt -1129.83 241.772
vt -1310.06 241.772
f 1314/4233/733 1316/4234/733 1323/4235/733 1315/4236/733 

vt -1153.73 299.218
f 1318/4231/20 1323/4228/20 1319/4237/20

f 1319/4237/20 1323/4228/20 1322/4227/20

vt 93.6101 0
vt 159.131 0
vt 159.131 241.772
vt 93.6101 241.772
f 1321/4238/588 1317/4239/588 1319/4240/588 1322/4241/588 

f 1316/4207/1 1317/4208/1 1321/4221/1

g Mesh111 G_55_858557962021735 Model

f 1317/4208/1 1310/4196/1 1309/4195/1 1321/4221/1 

vt -1253.7 0
vn -0.330009 0 0.943978
vt -1187.84 0
v -29.3046 7.40939 -7.60015
vt -1187.84 291.708
v -30.8839 7.40939 -8.15224
vt -1253.7 291.708
f 1310/4242/734 1317/4243/734 1324/4244/734 1325/4245/734 

vt -159.131 0
vn 0.925793 0 0.378032
vt -93.6101 0
v -28.6755 7.40939 -9.14088
vt -93.6101 291.708
vt -159.131 291.708
f 1317/4246/735 1321/4247/735 1326/4248/735 1324/4249/735 

vt 1180.34 0
vn 0.386294 0 -0.922376
vt 1244.46 0
v -30.1777 7.40939 -9.77001
vt 1244.46 291.708
vt 1180.34 291.708
f 1321/4250/736 1309/4251/736 1327/4252/736 1326/4253/736 

vt 122.781 0
vn -0.916491 0 -0.400056
vt 192.276 0
vt 192.276 291.708
vt 122.781 291.708
f 1309/4254/737 1310/4255/737 1325/4256/737 1327/4257/737 

f 1325/4231/20 1324/4237/20 1326/4227/20 1327/4229/20 

g Mesh112 G_20_79220352818275 Model

v -233.412 0 71.3399
vt 9189.46 -2808.66
v -225.491 0 72.8887
vt 8877.61 -2869.63
v -223.951 0 65.75
vt 8816.95 -2588.58
v -218.852 0 66.9348
vt 8616.21 -2635.23
v -219.303 0 68.7448
vt 8633.96 -2706.49
v -222.23 0 68.1285
vt 8749.22 -2682.22
v -223.848 0 75.5882
vt 8812.91 -2975.91
v -233.914 0 73.5596
vt 9209.21 -2896.05
f 1328/4258/1 1329/4259/1 1330/4260/1 1331/4261/1 1332/4262/1 1333/4263/1 1334/4264/1 1335/4265/1 

vt 8161.95 0
vn 0.191897 0 -0.981415
vt 8479.7 0
v -233.412 3.85126 71.3399
vt 8479.7 151.624
v -225.491 3.85126 72.8887
vt 8161.95 151.624
f 1329/4266/738 1328/4267/738 1336/4268/738 1337/4269/738 

vt 4765.18 0
vn -0.975404 0 -0.220427
vt 4854.77 0
v -233.914 3.85126 73.5596
vt 4854.77 151.624
vt 4765.18 151.624
f 1328/4270/739 1335/4271/739 1338/4272/739 1336/4273/739 

vt -8455.57 0
vn -0.197559 0 0.980291
vt -8051.3 0
v -223.848 3.85126 75.5882
vt -8051.3 151.624
vt -8455.57 151.624
f 1335/4274/740 1334/4275/740 1339/4276/740 1338/4277/740 

vt -4776.12 0
vn 0.977283 0 0.211941
vt -4475.61 0
v -222.23 3.85126 68.1285
vt -4475.61 151.624
vt -4776.12 151.624
f 1334/4278/741 1333/4279/741 1340/4280/741 1339/4281/741 

vt -8008.98 0
vt -7891.2 0
v -219.303 3.85126 68.7448
vt -7891.2 151.624
vt -8008.98 151.624
f 1333/4282/486 1332/4283/486 1341/4284/486 1340/4285/486 

vt -4713.76 0
vn 0.970329 0 0.241787
vt -4640.33 0
v -218.852 3.85126 66.9348
vt -4640.33 151.624
vt -4713.76 151.624
f 1332/4286/742 1331/4287/742 1342/4288/742 1341/4289/742 

vt 7796.14 0
vn 0.226341 0 -0.974048
vt 8002.23 0
v -223.951 3.85126 65.75
vt 8002.23 151.624
vt 7796.14 151.624
f 1331/4290/743 1330/4291/743 1343/4292/743 1342/4293/743 

vt 4390.43 0
vn -0.977493 0 -0.21097
vt 4677.95 0
vt 4677.95 151.624
vt 4390.43 151.624
f 1330/4294/744 1329/4295/744 1337/4296/744 1343/4297/744 

vt -8877.61 -2869.63
vt -9189.46 -2808.66
vt -9209.21 -2896.05
vt -8812.91 -2975.91
vt -8749.22 -2682.22
vt -8633.96 -2706.49
vt -8616.21 -2635.23
vt -8816.95 -2588.58
f 1337/4298/20 1336/4299/20 1338/4300/20 1339/4301/20 1340/4302/20 1341/4303/20 1342/4304/20 1343/4305/20 

g Mesh113 G_35_454209566946005 Model

v -189.849 0 62.8065
vt 7474.37 -2472.7
v -179.963 0 63.8337
vt 7085.14 -2513.14
v -182.197 0 85.3012
vt 7173.1 -3358.32
v -192.661 0 83.9659
vt 7585.07 -3305.75
f 232/711/1 235/714/1 234/713/1 233/712/1 1344/4306/1 1345/4307/1 1346/4308/1 1347/4309/1 

vt 6842.59 0
vn 0.110101 0 -0.99392
vt 7173.25 0
v -192.393 4.00576 81.9531
vt 7173.25 157.707
v -184.046 4.00576 82.8778
vt 6842.59 157.707
f 235/4310/745 232/4311/745 1348/4312/745 1349/4313/745 

vt 4276.12 0
v -192.661 4.00576 83.9659
vt 4276.12 157.707
vt 4196.18 157.707
f 232/716/121 1347/4314/121 1350/4315/121 1348/4316/121 

vt -7105.62 0
vn -0.126581 0 0.991956
vt -6690.3 0
v -182.197 4.00576 85.3012
vt -6690.3 157.707
vt -7105.62 157.707
f 1347/4317/746 1346/4318/746 1351/4319/746 1350/4320/746 

vt -4082.75 0
vn 0.994629 0 0.103508
vt -3233.01 0
v -179.963 4.00576 63.8337
vt -3233.01 157.707
vt -4082.75 157.707
f 1346/4321/747 1345/4322/747 1352/4323/747 1351/4324/747 

vt 6787.5 0
vn 0.10334 0 -0.994646
vt 7178.82 0
v -189.849 4.00576 62.8065
vt 7178.82 157.707
vt 6787.5 157.707
f 1345/4325/748 1344/4326/748 1353/4327/748 1352/4328/748 

vt 3435.75 0
v -190.54 4.00576 68.0084
vt 3642.35 157.707
vt 3435.75 157.707
f 1344/4329/121 233/715/121 1354/4330/121 1353/4331/121 

vt -7075.03 0
vn -0.134031 0 0.990977
vt -6757.84 0
v -182.556 4.00576 69.0882
vt -6757.84 157.707
vt -7075.03 157.707
f 233/4332/749 234/4333/749 1355/4334/749 1354/4335/749 

vt 3476.07 0
vn -0.994218 0 -0.107383
vt 4022.12 0
vt 4022.12 157.707
vt 3476.07 157.707
f 234/4336/750 235/4337/750 1349/4338/750 1355/4339/750 

vt -7585.07 -3305.75
vt -7173.1 -3358.32
vt -7085.14 -2513.14
vt -7474.37 -2472.7
f 1349/733/20 1348/732/20 1350/4340/20 1351/4341/20 1352/4342/20 1353/4343/20 1354/731/20 1355/734/20 

g Mesh114 G_43_492512619958006 Model

v -171.514 0 72.205
vt 6752.53 -2842.72
v -173.312 0 87.6637
vt 6823.3 -3451.33
v -178.139 0 87.0089
vt 7013.36 -3425.55
v -177.934 0 85.16
vt 7005.28 -3352.76
v -180.9 0 84.7106
vt 7122.04 -3335.06
v -179.295 0 70.4178
vt 7058.86 -2772.35
v -171.437 0 71.2709
vt 6749.5 -2805.94
f 1356/4344/1 1357/4345/1 1358/4346/1 1359/4347/1 1360/4348/1 1361/4349/1 1362/4350/1 

vt -4216.32 0
vn 0.993307 0 0.115501
vt -3603.61 0
v -171.514 4.61579 72.205
vt -3603.61 181.724
v -173.312 4.61579 87.6637
vt -4216.32 181.724
f 1357/4351/751 1356/4352/751 1363/4353/751 1364/4354/751 

vt -3388.12 0
vn 0.996616 0 0.0821952
vt -3351.22 0
v -171.437 4.61579 71.2709
vt -3351.22 181.724
vt -3388.12 181.724
f 1356/4355/752 1362/4356/752 1365/4357/752 1363/4358/752 

vt 6407.18 0
vn 0.107943 0 -0.994157
vt 6718.36 0
v -179.295 4.61579 70.4178
vt 6718.36 181.724
vt 6407.18 181.724
f 1362/4359/753 1361/4360/753 1366/4361/753 1365/4362/753 

vt 3542.66 0
vn -0.993756 0 -0.111578
vt 4108.9 0
v -180.9 4.61579 84.7106
vt 4108.9 181.724
vt 3542.66 181.724
f 1361/4363/754 1360/4364/754 1367/4365/754 1366/4366/754 

vt -6542.06 0
vn -0.149805 0 0.988716
vt -6423.96 0
v -177.934 4.61579 85.16
vt -6423.96 181.724
vt -6542.06 181.724
f 1360/4367/755 1359/4368/755 1368/4369/755 1367/4370/755 

vt 4105.85 0
vn -0.993884 0 -0.110432
vt 4179.09 0
v -178.139 4.61579 87.0089
vt 4179.09 181.724
vt 4105.85 181.724
f 1359/4371/756 1358/4372/756 1369/4373/756 1368/4374/756 

vt -6489.31 0
vn -0.134408 0 0.990926
vt -6297.5 0
vt -6297.5 181.724
vt -6489.31 181.724
f 1358/4375/757 1357/4376/757 1364/4377/757 1369/4378/757 

vt -6823.3 -3451.33
vt -6752.53 -2842.72
vt -6749.5 -2805.94
vt -7058.86 -2772.35
vt -7122.04 -3335.06
vt -7005.28 -3352.76
vt -7013.36 -3425.55
f 1364/4379/20 1363/4380/20 1365/4381/20 1366/4382/20 1367/4383/20 1368/4384/20 1369/4385/20 

g Mesh115 G_21_7026900758055 Model

v -320.223 0 54.0776
vt 12607.2 -2129.04
v -312.279 0 56.0369
vt 12294.5 -2206.18
v -309.403 0 43.9165
vt 12181.2 -1729
v -304.987 0 45.4123
vt 12007.3 -1787.89
v -304.553 0 45.4733
vt 11990.3 -1790.29
v -305.606 0 50.6604
vt 12031.7 -1994.5
v -308.328 0 50.2239
vt 12138.9 -1977.32
v -310.511 0 58.8263
vt 12224.8 -2316
v -320.782 0 56.5666
vt 12629.2 -2227.03
f 1370/4386/1 1371/4387/1 1372/4388/1 1373/4389/1 1374/4390/1 1375/4391/1 1376/4392/1 1377/4393/1 1378/4394/1 

vt 11408.4 0
vn 0.23948 0 -0.970901
vt 11730.5 0
v -320.223 3.09458 54.0776
vt 11730.5 121.834
v -312.279 3.09458 56.0369
vt 11408.4 121.834
f 1371/4395/758 1370/4396/758 1379/4397/758 1380/4398/758 

vt 4840.89 0
vn -0.975678 0 -0.219211
vt 4941.32 0
v -320.782 3.09458 56.5666
vt 4941.32 121.834
vt 4840.89 121.834
f 1370/4399/759 1378/4400/759 1381/4401/759 1379/4402/759 

vt -11855.8 0
vn -0.214862 0 0.976644
vt -11441.7 0
v -310.511 3.09458 58.8263
vt -11441.7 121.834
vt -11855.8 121.834
f 1378/4403/760 1377/4404/760 1382/4405/760 1381/4406/760 

vt -5251.42 0
vn 0.969286 0 0.245938
vt -4902 0
v -308.328 3.09458 50.2239
vt -4902 121.834
vt -5251.42 121.834
f 1377/4407/761 1376/4408/761 1383/4409/761 1382/4410/761 

vt -11672.6 0
vn -0.158354 0 0.987382
vt -11564.1 0
v -305.606 3.09458 50.6604
vt -11564.1 121.834
vt -11672.6 121.834
f 1376/4411/762 1375/4412/762 1384/4413/762 1383/4414/762 

vt -4347.93 0
vn 0.980017 0 0.198914
vt -4139.55 0
v -304.553 3.09458 45.4733
vt -4139.55 121.834
vt -4347.93 121.834
f 1375/4415/763 1374/4416/763 1385/4417/763 1384/4418/763 

vt 11623.8 0
vn 0.139367 0 -0.990241
vt 11641 0
v -304.987 3.09458 45.4123
vt 11641 121.834
vt 11623.8 121.834
f 1374/4419/764 1373/4420/764 1386/4421/764 1385/4422/764 

vt 10799.4 0
vn 0.320767 0 -0.947158
vt 10983 0
v -309.403 3.09458 43.9165
vt 10983 121.834
vt 10799.4 121.834
f 1373/4423/765 1372/4424/765 1387/4425/765 1386/4426/765 

vt 4494.66 0
vn -0.972983 0 -0.230877
vt 4985.09 0
vt 4985.09 121.834
vt 4494.66 121.834
f 1372/4427/766 1371/4428/766 1380/4429/766 1387/4430/766 

vt -12294.5 -2206.18
vt -12607.2 -2129.04
vt -12629.2 -2227.03
vt -12224.8 -2316
vt -12138.9 -1977.32
vt -12031.7 -1994.5
vt -11990.3 -1790.29
vt -12007.3 -1787.89
vt -12181.2 -1729
f 1380/4431/20 1379/4432/20 1381/4433/20 1382/4434/20 1383/4435/20 1384/4436/20 1385/4437/20 1386/4438/20 1387/4439/20 

g Mesh116 G_31_570651472191525 Model

v -314.03 0 19.4264
vt 12363.4 -764.82
v -317.409 0 18.6356
vt 12496.4 -733.687
v -317.049 0 16.5813
vt 12482.3 -652.809
v -319.104 0 16.2732
vt 12563.1 -640.677
v -317.573 0 10.4216
vt 12502.9 -410.3
v -317.367 0 9.21471
vt 12494.8 -362.784
v -308.508 0 11.0379
vt 12146 -434.563
v -310.408 0 19.4349
vt 12220.8 -765.154
v -313.839 0 18.5843
vt 12355.9 -731.665
f 1388/4440/1 1389/4441/1 1390/4442/1 1391/4443/1 1392/4444/1 1393/4445/1 1394/4446/1 1395/4447/1 1396/4448/1 

vt -12000.4 0
vn -0.227884 0 0.973688
vt -11863.8 0
v -314.03 4.79841 19.4264
vt -11863.8 188.914
v -317.409 4.79841 18.6356
vt -12000.4 188.914
f 1389/4449/767 1388/4450/767 1397/4451/767 1398/4452/767 

vt -3474.31 0
vn 0.975346 0 0.220679
vt -3440.31 0
v -313.839 4.79841 18.5843
vt -3440.31 188.914
vt -3474.31 188.914
f 1388/4453/768 1396/4454/768 1399/4455/768 1397/4456/768 

vt -11816.8 0
vn -0.240612 0 0.970621
vt -11677.7 0
v -310.408 4.79841 19.4349
vt -11677.7 188.914
vt -11816.8 188.914
f 1396/4457/769 1395/4458/769 1400/4459/769 1399/4460/769 

vt -3443.64 0
vn 0.975338 0 0.220719
vt -3104.69 0
v -308.508 4.79841 11.0379
vt -3104.69 188.914
vt -3443.64 188.914
f 1395/4461/770 1394/4462/770 1401/4463/770 1400/4464/770 

vt 11809.1 0
vn 0.201573 0 -0.979474
vt 12165.2 0
v -317.367 4.79841 9.21471
vt 12165.2 188.914
vt 11809.1 188.914
f 1394/4465/771 1393/4466/771 1402/4467/771 1401/4468/771 

vt 2454.25 0
vn -0.985821 0 -0.167799
vt 2502.45 0
v -317.573 4.79841 10.4216
vt 2502.45 188.914
vt 2454.25 188.914
f 1393/4469/772 1392/4470/772 1403/4471/772 1402/4472/772 

vt 3561.84 0
vn -0.967431 0 -0.253135
vt 3799.98 0
v -319.104 4.79841 16.2732
vt 3799.98 188.914
vt 3561.84 188.914
f 1392/4473/773 1391/4474/773 1404/4475/773 1403/4476/773 

vt -12329.1 0
vn -0.14834 0 0.988936
vt -12247.3 0
v -317.049 4.79841 16.5813
vt -12247.3 188.914
vt -12329.1 188.914
f 1391/4477/774 1390/4478/774 1405/4479/774 1404/4480/774 

vt 2794.73 0
vn -0.98503 0 -0.17238
vt 2876.84 0
vt 2876.84 188.914
vt 2794.73 188.914
f 1390/4481/775 1389/4482/775 1398/4483/775 1405/4484/775 

vt -12496.4 -733.687
vt -12363.4 -764.82
vt -12355.9 -731.665
vt -12220.8 -765.154
vt -12146 -434.563
vt -12494.8 -362.784
vt -12502.9 -410.3
vt -12563.1 -640.677
vt -12482.3 -652.809
f 1398/4485/20 1397/4486/20 1399/4487/20 1400/4488/20 1401/4489/20 1402/4490/20 1403/4491/20 1404/4492/20 1405/4493/20 

g Mesh117 G_27_329797908676543 Model

v -310.922 0 21.9514
vt 12241 -864.23
v -300.137 0 24.4166
vt 11816.4 -961.284
v -302.191 0 34.4314
vt 11897.3 -1355.57
v -304.463 0 33.9563
vt 11986.8 -1336.86
v -302.669 0 25.7744
vt 11916.1 -1014.74
v -313.608 0 23.4633
vt 12346.8 -923.751
v -312.581 0 19.7655
vt 12306.3 -778.17
f 1388/4440/1 1396/4448/1 1395/4447/1 1406/4494/1 1407/4495/1 1408/4496/1 1409/4497/1 1410/4498/1 1411/4499/1 1412/4500/1 

vt 3440.31 0
vn -0.975346 0 -0.220679
vt 3474.31 0
v -314.03 2.93137 19.4264
vt 3474.31 115.408
v -313.839 2.93137 18.5843
vt 3440.31 115.408
f 1396/4501/776 1388/4502/776 1413/4503/776 1414/4504/776 

vt -11805.2 0
v -312.581 2.93137 19.7655
vt -11805.2 115.408
vt -11863.8 115.408
f 1388/4450/767 1412/4505/767 1415/4506/767 1413/4507/767 

vt 4043.5 0
vn -0.963518 0 -0.267644
vt 4194.59 0
v -313.608 2.93137 23.4633
vt 4194.59 115.408
vt 4043.5 115.408
f 1412/4508/777 1411/4509/777 1416/4510/777 1415/4511/777 

vt -11889.2 0
vn -0.206705 0 0.978403
vt -11449 0
v -302.669 2.93137 25.7744
vt -11449 115.408
vt -11889.2 115.408
f 1411/4512/778 1410/4513/778 1417/4514/778 1416/4515/778 

vt 3543.75 0
vn -0.976787 0 -0.214211
vt 3873.53 0
v -304.463 2.93137 33.9563
vt 3873.53 115.408
vt 3543.75 115.408
f 1410/4516/779 1409/4517/779 1418/4518/779 1417/4519/779 

vt -11459.6 0
vn -0.204617 0 0.978842
vt -11368.2 0
v -302.191 2.93137 34.4314
vt -11368.2 115.408
vt -11459.6 115.408
f 1409/4520/780 1408/4521/780 1419/4522/780 1418/4523/780 

vt -3718.6 0
vn 0.979603 0 0.200944
vt -3316.11 0
v -300.137 2.93137 24.4166
vt -3316.11 115.408
vt -3718.6 115.408
f 1408/4524/781 1407/4525/781 1420/4526/781 1419/4527/781 

vt 11305.1 0
vn 0.222825 0 -0.974859
vt 11740.7 0
v -310.922 2.93137 21.9514
vt 11740.7 115.408
vt 11305.1 115.408
f 1407/4528/782 1406/4529/782 1421/4530/782 1420/4531/782 

vt -3294.49 0
vn 0.979804 0 0.19996
vt -3193.37 0
v -310.408 2.93137 19.4349
vt -3193.37 115.408
vt -3294.49 115.408
f 1406/4532/783 1395/4533/783 1422/4534/783 1421/4535/783 

vt 11677.7 0
vn 0.240612 0 -0.970621
vt 11816.8 0
vt 11816.8 115.408
vt 11677.7 115.408
f 1395/4536/784 1396/4537/784 1414/4538/784 1422/4539/784 

vt -12306.3 -778.17
vt -12346.8 -923.751
vt -11916.1 -1014.74
vt -11986.8 -1336.86
vt -11897.3 -1355.57
vt -11816.4 -961.284
vt -12241 -864.23
f 1414/4487/20 1413/4486/20 1415/4540/20 1416/4541/20 1417/4542/20 1418/4543/20 1419/4544/20 1420/4545/20 1421/4546/20 1422/4488/20 

g Mesh118 G_35_54813686781223 Model

v -295.092 0 6.54957
vt 11617.8 -257.857
v -296.432 0 11.6863
vt 11670.6 -460.091
v -307.346 0 9.52927
vt 12100.2 -375.168
v -306.704 0 6.44781
vt 12075 -253.851
v -304.98 0 6.61793
vt 12007.1 -260.548
v -304.852 0 5.89892
vt 12002 -232.241
v -303.825 0 6.02732
vt 11961.6 -237.296
v -303.388 0 4.87177
vt 11944.4 -191.802
f 1423/4547/1 1424/4548/1 1425/4549/1 1426/4550/1 1427/4551/1 1428/4552/1 1429/4553/1 1430/4554/1 

vt -3391.1 0
vn 0.967617 0 0.252422
vt -3182.1 0
v -295.092 3.21365 6.54957
vt -3182.1 126.522
v -296.432 3.21365 11.6863
vt -3391.1 126.522
f 1424/4555/785 1423/4556/785 1431/4557/785 1432/4558/785 

vt 11336.1 0
vn 0.198234 0 -0.980155
vt 11669.4 0
v -303.388 3.21365 4.87177
vt 11669.4 126.522
vt 11336.1 126.522
f 1423/4559/786 1430/4560/786 1433/4561/786 1431/4562/786 

vt 4400.59 0
vn -0.935472 0 -0.353401
vt 4449.22 0
v -303.825 3.21365 6.02732
vt 4449.22 126.522
vt 4400.59 126.522
f 1430/4563/787 1429/4564/787 1434/4565/787 1433/4566/787 

vt 11839.8 0
vn 0.124035 0 -0.992278
vt 11880.6 0
v -304.852 3.21365 5.89892
vt 11880.6 126.522
vt 11839.8 126.522
f 1429/4567/788 1428/4568/788 1435/4569/788 1434/4570/788 

vt 2338.47 0
vn -0.984428 0 -0.175791
vt 2367.23 0
v -304.98 3.21365 6.61793
vt 2367.23 126.522
vt 2338.47 126.522
f 1428/4571/789 1427/4572/789 1436/4573/789 1435/4574/789 

vt 11923.4 0
vn 0.0982193 0 -0.995165
vt 11991.6 0
v -306.704 3.21365 6.44781
vt 11991.6 126.522
vt 11923.4 126.522
f 1427/4575/790 1426/4576/790 1437/4577/790 1436/4578/790 

vt 2711.25 0
vn -0.97898 0 -0.203954
vt 2835.18 0
v -307.346 3.21365 9.52927
vt 2835.18 126.522
vt 2711.25 126.522
f 1426/4579/791 1425/4580/791 1438/4581/791 1437/4582/791 

vt -11797.9 0
vn -0.193896 0 0.981022
vt -11359.9 0
vt -11359.9 126.522
vt -11797.9 126.522
f 1425/4583/792 1424/4584/792 1432/4585/792 1438/4586/792 

vt -11670.6 -460.091
vt -11617.8 -257.857
vt -11944.4 -191.802
vt -11961.6 -237.296
vt -12002 -232.241
vt -12007.1 -260.548
vt -12075 -253.851
vt -12100.2 -375.168
f 1432/4587/20 1431/4588/20 1433/4589/20 1434/4590/20 1435/4591/20 1436/4592/20 1437/4593/20 1438/4594/20 

g Mesh119 G_29_08324694234528 Model

v -312.055 0 -16.5252
vt 12285.6 650.597
v -311.991 0 -17.4368
vt 12283.1 686.487
v -310.912 0 -17.3084
vt 12240.6 681.432
v -310.373 0 -20.775
vt 12219.4 817.914
v -306.323 0 -20.34
vt 12060 800.786
v -307.664 0 -13.6363
vt 12112.7 536.862
v -306.585 0 -13.3474
vt 12070.3 525.488
v -308.64 0 -2.04869
vt 12151.2 80.6572
v -301.621 0 -0.470595
vt 11874.8 18.5274
v -302.566 0 3.38239
vt 11912.1 -133.165
v -295.505 0 4.76905
vt 11634 -187.758
v -293.527 0 -4.11584
vt 11556.2 162.041
v -293.094 0 -4.02918
vt 11539.1 158.629
v -291.553 0 -3.69535
vt 11478.5 145.486
v -293.505 0 5.47201
vt 11555.3 -215.433
v -294.738 0 5.18954
vt 11603.8 -204.313
v -312.174 0 5.47201
vt 12290.3 -215.433
v -309.708 0 -6.6741
vt 12193.2 262.76
v -314.459 0 -7.44447
vt 12380.3 293.089
v -313.92 0 -11.0909
vt 12359 436.648
v -311.272 0 -10.8373
vt 12254.8 426.665
v -310.527 0 -15.3568
vt 12225.5 604.597
v -312.119 0 -15.6136
vt 12288.1 614.707
f 1439/4595/1 1440/4596/1 1441/4597/1 1442/4598/1 1443/4599/1 1444/4600/1 1445/4601/1 1446/4602/1 1447/4603/1 1448/4604/1 1449/4605/1 1450/4606/1 1451/4607/1 1452/4608/1 1453/4609/1 1454/4610/1 1423/4547/1 1430/4554/1 1429/4553/1 1428/4552/1 1427/4551/1 1426/4550/1 1455/4611/1 1456/4612/1 1457/4613/1 1458/4614/1 1459/4615/1 1460/4616/1 1461/4617/1 

vt 178.079 0
vn -0.99753 0 -0.0702486
vt 214.058 0
v -312.055 3.33112 -16.5252
vt 214.058 131.147
v -311.991 3.33112 -17.4368
vt 178.079 131.147
f 1440/4618/793 1439/4619/793 1462/4620/793 1463/4621/793 

vt 250.036 0
v -312.119 3.33112 -15.6136
vt 250.036 131.147
f 1439/4619/793 1461/4622/793 1464/4623/793 1462/4620/793 

vt -12229.2 0
vn -0.159232 0 0.987241
vt -12165.8 0
v -310.527 3.33112 -15.3568
vt -12165.8 131.147
vt -12229.2 131.147
f 1461/4624/794 1460/4625/794 1465/4626/794 1464/4627/794 

vt 1391.07 0
vn -0.986695 0 -0.16258
vt 1571.4 0
v -311.272 3.33112 -10.8373
vt 1571.4 131.147
vt 1391.07 131.147
f 1460/4628/795 1459/4629/795 1466/4630/795 1465/4631/795 

vt 12239.7 0
vn 0.0953216 0 -0.995447
vt 12344.4 0
v -313.92 3.33112 -11.0909
vt 12344.4 131.147
vt 12239.7 131.147
f 1459/4632/796 1458/4633/796 1467/4634/796 1466/4635/796 

vt 1376.13 0
vn -0.989241 0 -0.146296
vt 1521.25 0
v -314.459 3.33112 -7.44447
vt 1521.25 131.147
vt 1376.13 131.147
f 1458/4636/797 1457/4637/797 1468/4638/797 1467/4639/797 

vt -12267.6 0
vn -0.160071 0 0.987105
vt -12078.1 0
v -309.708 3.33112 -6.6741
vt -12078.1 131.147
vt -12267.6 131.147
f 1457/4640/798 1456/4641/798 1469/4642/798 1468/4643/798 

vt 2167.78 0
vn -0.980019 0 -0.198904
vt 2655.72 0
v -312.174 3.33112 5.47201
vt 2655.72 131.147
vt 2167.78 131.147
f 1456/4644/799 1455/4645/799 1470/4646/799 1469/4647/799 

vt -12061.4 0
vn -0.175631 0 0.984456
vt -11842.7 0
v -306.704 3.33112 6.44781
vt -11842.7 131.147
vt -12061.4 131.147
f 1455/4648/800 1426/4649/800 1471/4650/800 1470/4651/800 

vt -11991.6 0
vn -0.0982193 0 0.995165
vt -11923.4 0
v -304.98 3.33112 6.61793
vt -11923.4 131.147
vt -11991.6 131.147
f 1426/4652/801 1427/4653/801 1472/4654/801 1471/4655/801 

vt -2367.23 0
vn 0.984428 0 0.175791
vt -2338.47 0
v -304.852 3.33112 5.89892
vt -2338.47 131.147
vt -2367.23 131.147
f 1427/4656/802 1428/4657/802 1473/4658/802 1472/4659/802 

vt -11880.6 0
vt -11839.8 0
v -303.825 3.33112 6.02732
vt -11839.8 131.147
vt -11880.6 131.147
f 1428/4660/236 1429/4661/236 1474/4662/236 1473/4663/236 

vt -4449.22 0
vn 0.935472 0 0.353401
vt -4400.59 0
v -303.388 3.33112 4.87177
vt -4400.59 131.147
vt -4449.22 131.147
f 1429/4664/803 1430/4665/803 1475/4666/803 1474/4667/803 

vt -11669.4 0
vn -0.198234 0 0.980155
vt -11336.1 0
v -295.092 3.33112 6.54957
vt -11336.1 131.147
vt -11669.4 131.147
f 1430/4668/804 1423/4669/804 1476/4670/804 1475/4671/804 

vt -3126.76 0
v -294.738 3.33112 5.18954
vt -3126.76 131.147
vt -3182.1 131.147
f 1423/4556/785 1454/4672/785 1477/4673/785 1476/4674/785 

vt -11265 0
vn -0.223376 0 0.974732
vt -11215.2 0
v -293.505 3.33112 5.47201
vt -11215.2 131.147
vt -11265 131.147
f 1454/4675/805 1453/4676/805 1478/4677/805 1477/4678/805 

vt -2616.75 0
vn 0.978082 0 0.208219
vt -2247.74 0
v -291.553 3.33112 -3.69535
vt -2247.74 131.147
vt -2616.75 131.147
f 1453/4679/806 1452/4680/806 1479/4681/806 1478/4682/806 

vt 11249 0
vn 0.211753 0 -0.977323
vt 11311.1 0
v -293.094 3.33112 -4.02918
vt 11311.1 131.147
vt 11249 131.147
f 1452/4683/807 1451/4684/807 1480/4685/807 1479/4686/807 

vt 11346.2 0
vn 0.196116 0 -0.980581
vt 11363.6 0
v -293.527 3.33112 -4.11584
vt 11363.6 131.147
vt 11346.2 131.147
f 1451/4687/808 1450/4688/808 1481/4689/808 1480/4690/808 

vt 2352.17 0
vn -0.976121 0 -0.217229
vt 2710.53 0
v -295.505 3.33112 4.76905
vt 2710.53 131.147
vt 2352.17 131.147
f 1450/4691/809 1449/4692/809 1482/4693/809 1481/4694/809 

vt 11379.9 0
vn 0.192684 0 -0.981261
vt 11663.2 0
v -302.566 3.33112 3.38239
vt 11663.2 131.147
vt 11379.9 131.147
f 1449/4695/810 1448/4696/810 1483/4697/810 1482/4698/810 

vt -2969.5 0
vn 0.97116 0 0.238428
vt -2813.3 0
v -301.621 3.33112 -0.470595
vt -2813.3 131.147
vt -2969.5 131.147
f 1448/4699/811 1447/4700/811 1484/4701/811 1483/4702/811 

vt 11589.7 0
vn 0.219356 0 -0.975645
vt 11872.9 0
v -308.64 3.33112 -2.04869
vt 11872.9 131.147
vt 11589.7 131.147
f 1447/4703/812 1446/4704/812 1485/4705/812 1484/4706/812 

vt -2094.31 0
vn 0.98387 0 0.178885
vt -1642.19 0
v -306.585 3.33112 -13.3474
vt -1642.19 131.147
vt -2094.31 131.147
f 1446/4707/813 1445/4708/813 1486/4709/813 1485/4710/813 

vt 11795.2 0
vn 0.258736 0 -0.965948
vt 11839.2 0
v -307.664 3.33112 -13.6363
vt 11839.2 131.147
vt 11795.2 131.147
f 1445/4711/814 1444/4712/814 1487/4713/814 1486/4714/814 

vt -1849.07 0
vn 0.980581 0 0.196116
vt -1579.92 0
v -306.323 3.33112 -20.34
vt -1579.92 131.147
vt -1849.07 131.147
f 1444/4715/815 1443/4716/815 1488/4717/815 1487/4718/815 

vt 12076.5 0
vn 0.106811 0 -0.994279
vt 12236.9 0
v -310.373 3.33112 -20.775
vt 12236.9 131.147
vt 12076.5 131.147
f 1443/4719/816 1442/4720/816 1489/4721/816 1488/4722/816 

vt 1070.01 0
vn -0.988116 0 -0.153707
vt 1208.14 0
v -310.912 3.33112 -17.3084
vt 1208.14 131.147
vt 1070.01 131.147
f 1442/4723/817 1441/4724/817 1490/4725/817 1489/4726/817 

vt 12235.4 0
vn 0.118213 0 -0.992988
vt 12278.1 0
vt 12278.1 131.147
vt 12235.4 131.147
f 1441/4727/818 1440/4728/818 1463/4729/818 1490/4730/818 

vt -12283.1 686.487
vt -12285.6 650.597
vt -12288.1 614.707
vt -12225.5 604.597
vt -12254.8 426.665
vt -12359 436.648
vt -12380.3 293.089
vt -12193.2 262.76
vt -12290.3 -215.433
vt -11603.8 -204.313
vt -11555.3 -215.433
vt -11478.5 145.486
vt -11539.1 158.629
vt -11556.2 162.041
vt -11634 -187.758
vt -11912.1 -133.165
vt -11874.8 18.5274
vt -12151.2 80.6572
vt -12070.3 525.488
vt -12112.7 536.862
vt -12060 800.786
vt -12219.4 817.914
vt -12240.6 681.432
f 1463/4731/20 1462/4732/20 1464/4733/20 1465/4734/20 1466/4735/20 1467/4736/20 1468/4737/20 1469/4738/20 1470/4739/20 1471/4593/20 1472/4592/20 1473/4591/20 1474/4590/20 1475/4589/20 1476/4588/20 1477/4740/20 1478/4741/20 1479/4742/20 1480/4743/20 1481/4744/20 1482/4745/20 1483/4746/20 1484/4747/20 1485/4748/20 1486/4749/20 1487/4750/20 1488/4751/20 1489/4752/20 1490/4753/20 

g Mesh120 G_20_74912761380767 Model

v -190.696 0 -133.788
vt 7507.73 5267.24
v -184.379 0 -131.297
vt 7259.03 5169.17
v -191.635 0 -113.075
vt 7544.7 4451.75
v -198.127 0 -115.379
vt 7800.28 4542.49
v -197.965 0 -115.781
vt 7793.9 4558.3
v -195.969 0 -120.725
vt 7715.32 4752.96
f 1491/4754/1 1492/4755/1 1493/4756/1 1494/4757/1 1495/4758/1 1496/4759/1 

vt 8649.18 0
vn 0.366822 0 -0.930291
vt 8916.51 0
v -190.696 4.60491 -133.788
vt 8916.51 181.296
v -184.379 4.60491 -131.297
vt 8649.18 181.296
f 1492/4760/819 1491/4761/819 1497/4762/819 1498/4763/819 

vt -2074.05 0
vn -0.927301 0 -0.374316
vt -1519.46 0
v -195.969 4.60491 -120.725
vt -1519.46 181.296
vt -2074.05 181.296
f 1491/4764/820 1496/4765/820 1499/4766/820 1497/4767/820 

vt -1309.54 0
v -197.965 4.60491 -115.781
vt -1309.54 181.296
f 1496/4765/820 1495/4768/820 1500/4769/820 1499/4766/820 

vt -1292.49 0
v -198.127 4.60491 -115.379
vt -1292.49 181.296
f 1495/4768/820 1494/4770/820 1501/4771/820 1500/4769/820 

vt -8870.52 0
vn -0.33456 0 0.942374
vt -8599.31 0
v -191.635 4.60491 -113.075
vt -8599.31 181.296
vt -8870.52 181.296
f 1494/4772/821 1493/4773/821 1502/4774/821 1501/4775/821 

vt 1344.8 0
vn 0.929054 0 0.369944
vt 2117.01 0
vt 2117.01 181.296
vt 1344.8 181.296
f 1493/4776/822 1492/4777/822 1498/4778/822 1502/4779/822 

vt -7259.03 5169.17
vt -7507.73 5267.24
vt -7715.32 4752.96
vt -7793.9 4558.3
vt -7800.28 4542.49
vt -7544.7 4451.75
f 1498/4780/20 1497/4781/20 1499/4782/20 1500/4783/20 1501/4784/20 1502/4785/20 

g Mesh121 G_24_540605923045 Model

v -218.645 0 -120.717
vt 8608.06 4752.65
v -220.879 0 -112.782
vt 8696.01 4440.25
f 54/154/1 53/153/1 52/152/1 1503/4786/1 1504/4787/1 

vt -2091.24 0
vn -0.958235 0 -0.285982
vt -1763.23 0
v -225.444 2.90653 -114.021
vt -1763.23 114.43
v -223.061 2.90653 -122.004
vt -2091.24 114.43
f 53/4788/823 54/4789/823 1505/4790/823 1506/4791/823 

vt -9555.23 0
v -220.879 2.90653 -112.782
vt -9555.23 114.43
vt -9741.46 114.43
f 54/175/32 1504/4792/32 1507/4793/32 1505/4794/32 

vt 1917.32 0
vn 0.962575 0 0.271016
vt 2241.85 0
v -218.645 2.90653 -120.717
vt 2241.85 114.43
vt 1917.32 114.43
f 1504/4795/824 1503/4796/824 1508/4797/824 1507/4798/824 

vt 9786.5 0
vn 0.396091 0 -0.918211
vt 9842.65 0
v -219.954 2.90653 -121.282
vt 9842.65 114.43
vt 9786.5 114.43
f 1503/4799/825 52/4800/825 1509/4801/825 1508/4802/825 

vt 9515.81 0
vn 0.226402 0 -0.974034
vt 9641.4 0
vt 9641.4 114.43
vt 9515.81 114.43
f 52/4803/826 53/4804/826 1506/4805/826 1509/4806/826 

vt -8696.01 4440.25
vt -8608.06 4752.65
f 1506/192/20 1505/191/20 1507/4807/20 1508/4808/20 1509/186/20 

g Mesh122 G_24_502021975999035 Model

v -234.476 0 -105.605
vt 9231.33 4157.69
v -232.28 0 -112.067
vt 9144.89 4412.07
v -240.96 0 -115.171
vt 9486.6 4534.28
v -240.337 0 -117.43
vt 9462.08 4623.24
v -226.644 0 -113.501
vt 8922.98 4468.56
v -229.571 0 -104.09
vt 9038.23 4098.04
f 1510/4809/1 1511/4810/1 1512/4811/1 1513/4812/1 1514/4813/1 1515/4814/1 

vt -1235.35 0
vn -0.946833 0 -0.321726
vt -966.679 0
v -234.476 3.29306 -105.605
vt -966.679 129.648
v -232.28 3.29306 -112.067
vt -1235.35 129.648
f 1511/4815/827 1510/4816/827 1516/4817/827 1517/4818/827 

vt -10047.2 0
vn -0.29514 0 0.955454
vt -9845.11 0
v -229.571 3.29306 -104.09
vt -9845.11 129.648
vt -10047.2 129.648
f 1510/4819/828 1515/4820/828 1518/4821/828 1516/4822/828 

vt 1228.63 0
vn 0.954873 0 0.297014
vt 1616.66 0
v -226.644 3.29306 -113.501
vt 1616.66 129.648
vt 1228.63 129.648
f 1515/4823/829 1514/4824/829 1519/4825/829 1518/4826/829 

vt 9809.31 0
vn 0.275792 0 -0.961217
vt 10370.2 0
v -240.337 3.29306 -117.43
vt 10370.2 129.648
vt 9809.31 129.648
f 1514/4827/830 1513/4828/830 1520/4829/830 1519/4830/830 

vt -1943.36 0
vn -0.964065 0 -0.265666
vt -1851.07 0
v -240.96 3.29306 -115.171
vt -1851.07 129.648
vt -1943.36 129.648
f 1513/4831/831 1512/4832/831 1521/4833/831 1520/4834/831 

vt -10459.4 0
vn -0.336733 0 0.9416
vt -10096.5 0
vt -10096.5 129.648
vt -10459.4 129.648
f 1512/4835/832 1511/4836/832 1517/4837/832 1521/4838/832 

vt -9144.89 4412.07
vt -9231.33 4157.69
vt -9038.23 4098.04
vt -8922.98 4468.56
vt -9462.08 4623.24
vt -9486.6 4534.28
f 1517/4839/20 1516/4840/20 1518/4841/20 1519/4842/20 1520/4843/20 1521/4844/20 

g Mesh123 G_20_802995655137153 Model

v -253.851 0 -85.8391
vt 9994.13 3379.49
v -254.903 0 -79.9809
vt 10035.6 3148.85
v -252.92 0 -79.5604
vt 9957.46 3132.3
v -253.639 0 -76.235
vt 9985.77 3001.38
v -260.007 0 -77.2878
vt 10236.5 3042.83
v -258.209 0 -86.6413
vt 10165.7 3411.08
f 1522/4845/1 1523/4846/1 1524/4847/1 1525/4848/1 1526/4849/1 1527/4850/1 

vt 1325.06 0
vn 0.984248 0 0.176791
vt 1559.39 0
v -253.851 3.91983 -85.8391
vt 1559.39 154.324
v -254.903 3.91983 -79.9809
vt 1325.06 154.324
f 1523/4851/833 1522/4852/833 1528/4853/833 1529/4854/833 

vt 10440.8 0
vn 0.181019 0 -0.98348
vt 10615.3 0
v -258.209 3.91983 -86.6413
vt 10615.3 154.324
vt 10440.8 154.324
f 1522/4855/834 1527/4856/834 1530/4857/834 1528/4858/834 

vt -1431.28 0
vn -0.98203 0 -0.188722
vt -1056.29 0
v -260.007 3.91983 -77.2878
vt -1056.29 154.324
vt -1431.28 154.324
f 1527/4859/835 1526/4860/835 1531/4861/835 1530/4862/835 

vt -10595.7 0
vn -0.163109 0 0.986608
vt -10341.6 0
v -253.639 3.91983 -76.235
vt -10341.6 154.324
vt -10595.7 154.324
f 1526/4863/836 1525/4864/836 1532/4865/836 1531/4866/836 

vt 823.268 0
vn 0.977414 0 0.211333
vt 957.215 0
v -252.92 3.91983 -79.5604
vt 957.215 154.324
vt 823.268 154.324
f 1525/4867/837 1524/4868/837 1533/4869/837 1532/4870/837 

vt 10390.6 0
vn 0.207366 0 -0.978263
vt 10470.4 0
vt 10470.4 154.324
vt 10390.6 154.324
f 1524/4871/838 1523/4872/838 1529/4873/838 1533/4874/838 

vt -10035.6 3148.85
vt -9994.13 3379.49
vt -10165.7 3411.08
vt -10236.5 3042.83
vt -9985.77 3001.38
vt -9957.46 3132.3
f 1529/4875/20 1528/4876/20 1530/4877/20 1531/4878/20 1532/4879/20 1533/4880/20 

g Mesh124 G_21_411338241217365 Model

v -266.965 0 -28.0106
vt 10510.4 1102.78
v -267.614 0 -24.2064
vt 10536 953.006
v -269.364 0 -24.3797
vt 10604.9 959.83
v -268.712 0 -28.3118
vt 10579.2 1114.64
f 1534/4881/1 1535/4882/1 1536/4883/1 1537/4884/1 

vt -833.106 0
vn 0.985747 0 0.168236
vt -681.168 0
v -266.965 3.63082 -28.0106
vt -681.168 142.946
v -267.614 3.63082 -24.2064
vt -833.106 142.946
f 1535/4885/839 1534/4886/839 1538/4887/839 1539/4888/839 

vt 10545 0
vn 0.169907 0 -0.98546
vt 10614.8 0
v -268.712 3.63082 -28.3118
vt 10614.8 142.946
vt 10545 142.946
f 1534/4889/840 1537/4890/840 1540/4891/840 1538/4892/840 

vt 629.9 0
vn -0.986546 0 -0.163485
vt 786.818 0
v -269.364 3.63082 -24.3797
vt 786.818 142.946
vt 629.9 142.946
f 1537/4893/841 1536/4894/841 1541/4895/841 1540/4896/841 

vt -10647.8 0
vn -0.0985998 0 0.995127
vt -10578.6 0
vt -10578.6 142.946
vt -10647.8 142.946
f 1536/4897/842 1535/4898/842 1539/4899/842 1541/4900/842 

vt -10536 953.006
vt -10510.4 1102.78
vt -10579.2 1114.64
vt -10604.9 959.83
f 1539/4901/20 1538/4902/20 1540/4903/20 1541/4904/20 

g Mesh125 G_17_135522441307046 Model

v -261.226 0 -14.9784
vt 10284.5 589.7
v -260.013 0 -22.7298
vt 10236.7 894.875
v -257.985 0 -22.2419
vt 10156.9 875.666
v -257.335 0 -26.3502
vt 10131.3 1037.41
v -255.308 0 -26.0007
vt 10051.5 1023.65
v -256.129 0 -21.9434
vt 10083.8 863.914
v -255.725 0 -21.8728
vt 10067.9 861.133
v -256.961 0 -14.275
vt 10116.6 562.01
f 1542/4905/1 1543/4906/1 1544/4907/1 1545/4908/1 1546/4909/1 1547/4910/1 1548/4911/1 1549/4912/1 

vt 697.917 0
vn -0.987986 0 -0.154545
vt 1006.8 0
v -261.226 3.55206 -14.9784
vt 1006.8 139.845
v -260.013 3.55206 -22.7298
vt 697.917 139.845
f 1543/4913/843 1542/4914/843 1550/4915/843 1551/4916/843 

vt -10243.4 0
vn -0.162707 0 0.986674
vt -10073.2 0
v -256.961 3.55206 -14.275
vt -10073.2 139.845
vt -10243.4 139.845
f 1542/4917/844 1549/4918/844 1552/4919/844 1550/4920/844 

vt -1069.43 0
vn 0.987029 0 0.160543
vt -766.373 0
v -255.725 3.55206 -21.8728
vt -766.373 139.845
vt -1069.43 139.845
f 1549/4921/845 1548/4922/845 1553/4923/845 1552/4924/845 

vt 10066 0
vn 0.172001 0 -0.985097
vt 10082.1 0
v -256.129 3.55206 -21.9434
vt 10082.1 139.845
vt 10066 139.845
f 1548/4925/846 1547/4926/846 1554/4927/846 1553/4928/846 

vt -1154.93 0
vn 0.980101 0 0.198501
vt -991.955 0
v -255.308 3.55206 -26.0007
vt -991.955 139.845
vt -1154.93 139.845
f 1547/4929/847 1546/4930/847 1555/4931/847 1554/4932/847 

vt 10079.3 0
vt 10160.2 0
v -257.335 3.55206 -26.3502
vt 10160.2 139.845
vt 10079.3 139.845
f 1546/4933/840 1545/4934/840 1556/4935/840 1555/4936/840 

vt 558.302 0
vn -0.987718 0 -0.156246
vt 722.055 0
v -257.985 3.55206 -22.2419
vt 722.055 139.845
vt 558.302 139.845
f 1545/4937/848 1544/4938/848 1557/4939/848 1556/4940/848 

vt 10080 0
vn 0.233838 0 -0.972275
vt 10162.2 0
vt 10162.2 139.845
vt 10080 139.845
f 1544/4941/849 1543/4942/849 1551/4943/849 1557/4944/849 

vt -10236.7 894.875
vt -10284.5 589.7
vt -10116.6 562.01
vt -10067.9 861.133
vt -10083.8 863.914
vt -10051.5 1023.65
vt -10131.3 1037.41
vt -10156.9 875.666
f 1551/4945/20 1550/4946/20 1552/4947/20 1553/4948/20 1554/4949/20 1555/4950/20 1556/4951/20 1557/4952/20 

g Mesh126 G_27_624741269568336 Model

v -277.464 0 4.66502
vt 10923.8 -183.662
v -276.644 0 -0.613885
vt 10891.5 24.1687
v -264.335 0 1.46795
vt 10406.9 -57.7931
v -265.098 0 6.31299
vt 10436.9 -248.543
f 1558/4953/1 1559/4954/1 1560/4955/1 1561/4956/1 

vt 1648.51 0
vn -0.988141 0 -0.15355
vt 1858.83 0
v -277.464 4.49398 4.66502
vt 1858.83 176.928
v -276.644 4.49398 -0.613885
vt 1648.51 176.928
f 1559/4957/850 1558/4958/850 1562/4959/850 1563/4960/850 

vt -10803.8 0
vn -0.132097 0 0.991237
vt -10312.6 0
v -265.098 4.49398 6.31299
vt -10312.6 176.928
vt -10803.8 176.928
f 1558/4961/851 1561/4962/851 1564/4963/851 1562/4964/851 

vt -1868.08 0
vn 0.987842 0 0.155464
vt -1674.98 0
v -264.335 4.49398 1.46795
vt -1674.98 176.928
vt -1868.08 176.928
f 1561/4965/852 1560/4966/852 1565/4967/852 1564/4968/852 

vt 10251.5 0
vn 0.166771 0 -0.985996
vt 10743 0
vt 10743 176.928
vt 10251.5 176.928
f 1560/4969/853 1559/4970/853 1563/4971/853 1565/4972/853 

vt -10891.5 24.1687
vt -10923.8 -183.662
vt -10436.9 -248.543
vt -10406.9 -57.7931
f 1563/4973/20 1562/4974/20 1564/4975/20 1565/4976/20 

g Mesh127 G_34_61213814766035 Model

v -215.816 0 62.0894
vt 8496.71 -2444.47
v -208.03 0 63.5929
vt 8190.14 -2503.66
v -209.923 0 73.3991
vt 8264.7 -2889.73
v -211.349 0 78.8366
vt 8320.81 -3103.8
v -211.804 0 78.7082
vt 8338.76 -3098.75
v -211.907 0 79.042
vt 8342.8 -3111.89
v -212.607 0 78.8558
vt 8370.35 -3104.56
v -213.159 0 79.0934
vt 8392.09 -3113.91
v -214.109 0 79.0741
vt 8429.49 -3113.15
v -214.95 0 78.7724
vt 8462.6 -3101.27
v -215.534 0 78.246
vt 8485.6 -3080.55
v -216.253 0 78.1432
vt 8513.91 -3076.51
v -216.189 0 77.7581
vt 8511.38 -3061.34
v -216.638 0 77.6553
vt 8529.07 -3057.3
v -216.555 0 77.2188
vt 8525.79 -3040.11
v -219.226 0 76.4998
vt 8630.93 -3011.8
f 1566/4977/1 1567/4978/1 1568/4979/1 1569/4980/1 1570/4981/1 1571/4982/1 1572/4983/1 1573/4984/1 1574/4985/1 1575/4986/1 1576/4987/1 1577/4988/1 1578/4989/1 1579/4990/1 1580/4991/1 1581/4992/1 

vt 7566.95 0
vn 0.189585 0 -0.981864
vt 7879.18 0
v -215.816 5.09779 62.0894
vt 7879.18 200.7
v -208.03 5.09779 63.5929
vt 7566.95 200.7
f 1567/4993/854 1566/4994/854 1582/4995/854 1583/4996/854 

vt 4334.93 0
vn -0.973138 0 -0.230222
vt 4917.93 0
v -219.226 5.09779 76.4998
vt 4917.93 200.7
vt 4334.93 200.7
f 1566/4997/855 1581/4998/855 1584/4999/855 1582/5000/855 

vt -7551.17 0
vn -0.259973 0 0.965616
vt -7442.29 0
v -216.555 5.09779 77.2188
vt -7442.29 200.7
vt -7551.17 200.7
f 1581/5001/856 1580/5002/856 1585/5003/856 1584/5004/856 

vt 4586.97 0
vn -0.982212 0 -0.187776
vt 4604.47 0
v -216.638 5.09779 77.6553
vt 4604.47 200.7
vt 4586.97 200.7
f 1580/5005/857 1579/5006/857 1586/5007/857 1585/5008/857 

vt -7633.4 0
vn -0.222825 0 0.974859
vt -7615.25 0
v -216.189 5.09779 77.7581
vt -7615.25 200.7
vt -7633.4 200.7
f 1579/5009/858 1578/5010/858 1587/5011/858 1586/5012/858 

vt 4418.95 0
vn -0.986394 0 -0.164399
vt 4434.32 0
v -216.253 5.09779 78.1432
vt 4434.32 200.7
vt 4418.95 200.7
f 1578/5013/859 1577/5014/859 1588/5015/859 1587/5016/859 

vt -7993.26 0
vn -0.141421 0 0.989949
vt -7964.66 0
v -215.534 5.09779 78.246
vt -7964.66 200.7
vt -7993.26 200.7
f 1577/5017/860 1576/5018/860 1589/5019/860 1588/5020/860 

vt -4241.68 0
vn -0.669416 0 0.742888
vt -4210.72 0
v -214.95 5.09779 78.7724
vt -4210.72 200.7
vt -4241.68 200.7
f 1576/5021/861 1575/5022/861 1590/5023/861 1589/5024/861 

vt -6918.15 0
vn -0.337702 0 0.941253
vt -6882.97 0
v -214.109 5.09779 79.0741
vt -6882.97 200.7
vt -6918.15 200.7
f 1575/5025/862 1574/5026/862 1591/5027/862 1590/5028/862 

vt -8364.67 0
vn -0.0202661 0 0.999795
vt -8327.26 0
v -213.159 5.09779 79.0934
vt -8327.26 200.7
vt -8364.67 200.7
f 1574/5029/863 1573/5030/863 1592/5031/863 1591/5032/863 

vt -8939.54 0
vn 0.395208 0 0.918592
vt -8915.88 0
v -212.607 5.09779 78.8558
vt -8915.88 200.7
vt -8939.54 200.7
f 1573/5033/864 1572/5034/864 1593/5035/864 1592/5036/864 

vt -7290.74 0
vn -0.257111 0 0.966382
vt -7262.23 0
v -211.907 5.09779 79.042
vt -7262.23 200.7
vt -7290.74 200.7
f 1572/5037/865 1571/5038/865 1594/5039/865 1593/5040/865 

vt -5427.78 0
vn 0.955779 0 0.294086
vt -5414.03 0
v -211.804 5.09779 78.7082
vt -5414.03 200.7
vt -5427.78 200.7
f 1571/5041/866 1570/5042/866 1595/5043/866 1594/5044/866 

vt -7186.2 0
vn -0.271138 0 0.96254
vt -7167.56 0
v -211.349 5.09779 78.8366
vt -7167.56 200.7
vt -7186.2 200.7
f 1570/5045/867 1569/5046/867 1596/5047/867 1595/5048/867 

vt -5112.03 0
vn 0.967326 0 0.253538
vt -4890.72 0
v -209.923 5.09779 73.3991
vt -4890.72 200.7
vt -5112.03 200.7
f 1569/5049/868 1568/5050/868 1597/5051/868 1596/5052/868 

vt -4404.47 0
vn 0.981857 0 0.189622
vt -4011.27 0
vt -4011.27 200.7
vt -4404.47 200.7
f 1568/5053/869 1567/5054/869 1583/5055/869 1597/5056/869 

vt -8190.14 -2503.66
vt -8496.71 -2444.47
vt -8630.93 -3011.8
vt -8525.79 -3040.11
vt -8529.07 -3057.3
vt -8511.38 -3061.34
vt -8513.91 -3076.51
vt -8485.6 -3080.55
vt -8462.6 -3101.27
vt -8429.49 -3113.15
vt -8392.09 -3113.91
vt -8370.35 -3104.56
vt -8342.8 -3111.89
vt -8338.76 -3098.75
vt -8320.81 -3103.8
vt -8264.7 -2889.73
f 1583/5057/20 1582/5058/20 1584/5059/20 1585/5060/20 1586/5061/20 1587/5062/20 1588/5063/20 1589/5064/20 1590/5065/20 1591/5066/20 1592/5067/20 1593/5068/20 1594/5069/20 1595/5070/20 1596/5071/20 1597/5072/20 

g Mesh128 G_23_434213597648423 Model

v -311.564 0 -48.2675
vt 12266.3 1900.29
v -312.385 0 -44.6981
vt 12298.6 1759.77
v -327.318 0 -48.1648
vt 12886.5 1896.25
v -326.547 0 -52.0551
vt 12856.2 2049.41
v -325.857 0 -52.0776
vt 12829 2050.3
v -325.575 0 -53.3872
vt 12817.9 2101.86
v -327.441 0 -54.7784
vt 12891.4 2156.63
v -327.228 0 -55.6116
vt 12883 2189.43
v -325.225 0 -53.8398
vt 12804.1 2119.68
v -323.864 0 -53.7371
vt 12750.5 2115.63
v -323.196 0 -57.5889
vt 12724.3 2267.28
v -319.569 0 -56.916
vt 12581.5 2240.79
v -320.555 0 -50.6139
vt 12620.3 1992.67
f 1598/5073/1 1599/5074/1 1600/5075/1 1601/5076/1 1602/5077/1 1603/5078/1 1604/5079/1 1605/5080/1 1606/5081/1 1607/5082/1 1608/5083/1 1609/5084/1 1610/5085/1 

vt -1044.26 0
vn 0.974509 0 0.224347
vt -900.056 0
v -311.564 4.39542 -48.2675
vt -900.056 173.048
v -312.385 4.39542 -44.6981
vt -1044.26 173.048
f 1599/5086/870 1598/5087/870 1611/5088/870 1612/5089/870 

vt 12348.6 0
vn 0.25252 0 -0.967592
vt 12714.4 0
v -320.555 4.39542 -50.6139
vt 12714.4 173.048
vt 12348.6 173.048
f 1598/5090/871 1610/5091/871 1613/5092/871 1611/5093/871 

vt 18.9999 0
vn 0.987994 0 0.154494
vt 270.13 0
v -319.569 4.39542 -56.916
vt 270.13 173.048
vt 18.9999 173.048
f 1610/5094/872 1609/5095/872 1614/5096/872 1613/5097/872 

vt 12779.1 0
vn 0.182408 0 -0.983223
vt 12924.4 0
v -323.196 4.39542 -57.5889
vt 12924.4 173.048
vt 12779.1 173.048
f 1609/5098/873 1608/5099/873 1615/5100/873 1614/5101/873 

vt -60.8341 0
vn -0.985308 0 -0.170787
vt 93.0741 0
v -323.864 4.39542 -53.7371
vt 93.0741 173.048
vt -60.8341 173.048
f 1608/5102/874 1607/5103/874 1616/5104/874 1615/5105/874 

vt 12873.6 0
vn 0.0752577 0 -0.997164
vt 12927.3 0
v -325.225 4.39542 -53.8398
vt 12927.3 173.048
vt 12873.6 173.048
f 1607/5106/875 1606/5107/875 1617/5108/875 1616/5109/875 

vt 10994.7 0
vn 0.662574 0 -0.748997
vt 11100 0
v -327.228 4.39542 -55.6116
vt 11100 173.048
vt 10994.7 173.048
f 1606/5110/876 1605/5111/876 1618/5112/876 1617/5113/876 

vt 1076.4 0
vn -0.968713 0 -0.248183
vt 1110.26 0
v -327.441 4.39542 -54.7784
vt 1110.26 173.048
vt 1076.4 173.048
f 1605/5114/877 1604/5115/877 1619/5116/877 1618/5117/877 

vt -11625.1 0
vn -0.597598 0 0.801796
vt -11533.4 0
v -325.575 4.39542 -53.3872
vt -11533.4 173.048
vt -11625.1 173.048
f 1604/5118/878 1603/5119/878 1620/5120/878 1619/5121/878 

vt 647.889 0
vn -0.977521 0 -0.210838
vt 700.634 0
v -325.857 4.39542 -52.0776
vt 700.634 173.048
vt 647.889 173.048
f 1603/5122/879 1602/5123/879 1621/5124/879 1620/5125/879 

vt 12755.5 0
vn -0.0325407 0 -0.99947
vt 12782.7 0
v -326.547 4.39542 -52.0551
vt 12782.7 173.048
vt 12755.5 173.048
f 1602/5126/880 1601/5127/880 1622/5128/880 1621/5129/880 

vt 486.913 0
vn -0.980952 0 -0.194248
vt 643.05 0
v -327.318 4.39542 -48.1648
vt 643.05 173.048
vt 486.913 173.048
f 1601/5130/881 1600/5131/881 1623/5132/881 1622/5133/881 

vt -12981.5 0
vn -0.226144 0 0.974094
vt -12378 0
vt -12378 173.048
vt -12981.5 173.048
f 1600/5134/882 1599/5135/882 1612/5136/882 1623/5137/882 

vt -12298.6 1759.77
vt -12266.3 1900.29
vt -12620.3 1992.67
vt -12581.5 2240.79
vt -12724.3 2267.28
vt -12750.5 2115.63
vt -12804.1 2119.68
vt -12883 2189.43
vt -12891.4 2156.63
vt -12817.9 2101.86
vt -12829 2050.3
vt -12856.2 2049.41
vt -12886.5 1896.25
f 1612/5138/20 1611/5139/20 1613/5140/20 1614/5141/20 1615/5142/20 1616/5143/20 1617/5144/20 1618/5145/20 1619/5146/20 1620/5147/20 1621/5148/20 1622/5149/20 1623/5150/20 

g Mesh129 G_34_3200601706199 Model

v -297.89 0 -61.7874
vt 11727.9 2432.57
v -297.273 0 -64.458
vt 11703.7 2537.72
v -291.894 0 -63.341
vt 11491.9 2493.74
v -292.24 0 -61.5435
vt 11505.5 2422.97
v -292.847 0 -61.6301
vt 11529.4 2426.38
v -293.875 0 -56.2931
vt 11569.9 2216.26
v -294.465 0 -53.2331
vt 11593.1 2095.79
v -299.498 0 -54.2346
vt 11791.3 2135.22
f 1624/5151/1 1625/5152/1 1626/5153/1 1627/5154/1 1628/5155/1 1629/5156/1 1630/5157/1 1631/5158/1 

vt 158.954 0
vt 266.859 0
v -297.89 4.77649 -61.7874
vt 266.859 188.051
v -297.273 4.77649 -64.458
vt 158.954 188.051
f 1625/5159/6 1624/5160/6 1632/5161/6 1633/5162/6 

vt 63.1195 0
vn -0.978075 0 -0.208251
vt 367.139 0
v -299.498 4.77649 -54.2346
vt 367.139 188.051
vt 63.1195 188.051
f 1624/5163/883 1631/5164/883 1634/5165/883 1632/5166/883 

vt -11981.2 0
vn -0.195154 0 0.980773
vt -11779.2 0
v -294.465 4.77649 -53.2331
vt -11779.2 188.051
vt -11981.2 188.051
f 1631/5167/884 1630/5168/884 1635/5169/884 1634/5170/884 

vt -135.254 0
vn 0.981942 0 0.189182
vt -12.5658 0
v -293.875 4.77649 -56.2931
vt -12.5658 188.051
vt -135.254 188.051
f 1630/5171/885 1629/5172/885 1636/5173/885 1635/5174/885 

vt 201.416 0
v -292.847 4.77649 -61.6301
vt 201.416 188.051
f 1629/5172/885 1628/5175/885 1637/5176/885 1636/5173/885 

vt -11756.7 0
vn -0.141421 0 0.98995
vt -11732.5 0
v -292.24 4.77649 -61.5435
vt -11732.5 188.051
vt -11756.7 188.051
f 1628/5177/886 1627/5178/886 1638/5179/886 1637/5180/886 

vt 200.356 0
vn 0.981906 0 0.189368
vt 272.429 0
v -291.894 4.77649 -63.341
vt 272.429 188.051
vt 200.356 188.051
f 1627/5181/887 1626/5182/887 1639/5183/887 1638/5184/887 

vt 11758.9 0
vn 0.203301 0 -0.979116
vt 11975.2 0
vt 11975.2 188.051
vt 11758.9 188.051
f 1626/5185/888 1625/5186/888 1633/5187/888 1639/5188/888 

vt -11703.7 2537.72
vt -11727.9 2432.57
vt -11791.3 2135.22
vt -11593.1 2095.79
vt -11569.9 2216.26
vt -11529.4 2426.38
vt -11505.5 2422.97
vt -11491.9 2493.74
f 1633/5189/20 1632/5190/20 1634/5191/20 1635/5192/20 1636/5193/20 1637/5194/20 1638/5195/20 1639/5196/20 

g Mesh130 G_20_82189108064106 Model

v -276.452 0 -68.6396
vt 10884 2702.35
v -274.897 0 -76.4982
vt 10822.7 3011.74
v -280.547 0 -77.6281
vt 11045.1 3056.22
v -279.711 0 -81.7954
vt 11012.3 3220.29
v -278.354 0 -81.5152
vt 10958.8 3209.26
v -278.778 0 -78.9858
vt 10975.5 3109.68
v -272.84 0 -77.9458
vt 10741.7 3068.73
v -274.74 0 -68.2649
vt 10816.5 2687.59
f 1640/5197/1 1641/5198/1 1642/5199/1 1643/5200/1 1644/5201/1 1645/5202/1 1646/5203/1 1647/5204/1 

vt -853.791 0
vn -0.980982 0 -0.194098
vt -538.401 0
v -276.452 2.92789 -68.6396
vt -538.401 115.271
v -274.897 2.92789 -76.4982
vt -853.791 115.271
f 1641/5205/889 1640/5206/889 1648/5207/889 1649/5208/889 

vt -11210 0
vn -0.213801 0 0.976877
vt -11141 0
v -274.74 2.92789 -68.2649
vt -11141 115.271
vt -11210 115.271
f 1640/5209/890 1647/5210/890 1650/5211/890 1648/5212/890 

vt 553.884 0
vn 0.981275 0 0.192611
vt 942.296 0
v -272.84 2.92789 -77.9458
vt 942.296 115.271
vt 553.884 115.271
f 1647/5213/891 1646/5214/891 1651/5215/891 1650/5216/891 

vt 11110.1 0
vn 0.172509 0 -0.985008
vt 11347.4 0
v -278.778 2.92789 -78.9858
vt 11347.4 115.271
vt 11110.1 115.271
f 1646/5217/892 1645/5218/892 1652/5219/892 1651/5220/892 

vt 1253.67 0
vn 0.986258 0 0.165211
vt 1354.64 0
v -278.354 2.92789 -81.5152
vt 1354.64 115.271
vt 1253.67 115.271
f 1645/5221/893 1644/5222/893 1653/5223/893 1652/5224/893 

vt 11381.4 0
vn 0.202254 0 -0.979333
vt 11436 0
v -279.711 2.92789 -81.7954
vt 11436 115.271
vt 11381.4 115.271
f 1644/5225/894 1643/5226/894 1654/5227/894 1653/5228/894 

vt -992.649 0
vn -0.980487 0 -0.196582
vt -825.315 0
v -280.547 2.92789 -77.6281
vt -825.315 115.271
vt -992.649 115.271
f 1643/5229/895 1642/5230/895 1655/5231/895 1654/5232/895 

vt -11430 0
vn -0.196116 0 0.980581
vt -11203.2 0
vt -11203.2 115.271
vt -11430 115.271
f 1642/5233/896 1641/5234/896 1649/5235/896 1655/5236/896 

vt -10822.7 3011.74
vt -10884 2702.35
vt -10816.5 2687.59
vt -10741.7 3068.73
vt -10975.5 3109.68
vt -10958.8 3209.26
vt -11012.3 3220.29
vt -11045.1 3056.22
f 1649/5237/20 1648/5238/20 1650/5239/20 1651/5240/20 1652/5241/20 1653/5242/20 1654/5243/20 1655/5244/20 

g Mesh131 G_36_1734207211051 Model

v -279.35 0 -128.212
vt 10998 5047.73
v -278.322 0 -131.088
vt 10957.6 5160.96
v -274.098 0 -129.727
vt 10791.3 5107.37
v -275.498 0 -126.235
vt 10846.4 4969.88
v -279.5 0 -127.638
vt 11004 5025.11
f 1656/5245/1 1657/5246/1 1658/5247/1 1659/5248/1 1660/5249/1 

vt -1174.86 0
vn -0.941742 0 -0.336336
vt -1054.62 0
v -279.35 4.70405 -128.212
vt -1054.62 185.199
v -278.322 4.70405 -131.088
vt -1174.86 185.199
f 1657/5250/897 1656/5251/897 1661/5252/897 1662/5253/897 

vt -2089.16 0
vn -0.967214 0 -0.253961
vt -2065.78 0
v -279.5 4.70405 -127.638
vt -2065.78 185.199
vt -2089.16 185.199
f 1656/5254/898 1660/5255/898 1663/5256/898 1661/5257/898 

vt -12046.7 0
vn -0.330721 0 0.943729
vt -11879.7 0
v -275.498 4.70405 -126.235
vt -11879.7 185.199
vt -12046.7 185.199
f 1660/5258/899 1659/5259/899 1664/5260/899 1663/5261/899 

vt 578.628 0
vn 0.928241 0 0.371979
vt 726.75 0
v -274.098 4.70405 -129.727
vt 726.75 185.199
vt 578.628 185.199
f 1659/5262/900 1658/5263/900 1665/5264/900 1664/5265/900 

vt 11837.6 0
vn 0.306665 0 -0.951818
vt 12012.3 0
vt 12012.3 185.199
vt 11837.6 185.199
f 1658/5266/901 1657/5267/901 1662/5268/901 1665/5269/901 

vt -10957.6 5160.96
vt -10998 5047.73
vt -11004 5025.11
vt -10846.4 4969.88
vt -10791.3 5107.37
f 1662/5270/20 1661/5271/20 1663/5272/20 1664/5273/20 1665/5274/20 

g Mesh132 G_27_77931884031288 Model

v -276.918 0 -191.515
vt 10902.3 7539.94
v -276.541 0 -192.214
vt 10887.4 7567.47
v -281.125 0 -194.859
vt 11067.9 7671.6
v -278.916 0 -199.327
vt 10981 7847.51
v -283.92 0 -202.264
vt 11178 7963.14
v -283.638 0 -202.88
vt 11166.8 7987.4
v -276.628 0 -199.028
vt 10890.8 7835.76
v -277.196 0 -197.801
vt 10913.2 7787.45
v -273.803 0 -195.639
vt 10779.6 7702.31
v -276.422 0 -191.247
vt 10882.8 7529.43
f 1666/5275/1 1667/5276/1 1668/5277/1 1669/5278/1 1670/5279/1 1671/5280/1 1672/5281/1 1673/5282/1 1674/5283/1 1675/5284/1 

vt -1490.87 0
vn -0.880099 0 -0.47479
vt -1459.6 0
v -276.918 2.61174 -191.515
vt -1459.6 102.824
v -276.541 2.61174 -192.214
vt -1490.87 102.824
f 1667/5285/902 1666/5286/902 1676/5287/902 1677/5288/902 

vt -13173.8 0
vn -0.4741 0 0.880471
vt -13151.7 0
v -276.422 2.61174 -191.247
vt -13151.7 102.824
vt -13173.8 102.824
f 1666/5289/903 1675/5290/903 1678/5291/903 1676/5292/903 

vt 891.418 0
vn 0.85882 0 0.512278
vt 1092.71 0
v -273.803 2.61174 -195.639
vt 1092.71 102.824
vt 891.418 102.824
f 1675/5293/904 1674/5294/904 1679/5295/904 1678/5296/904 

vt 13230.1 0
vn 0.537529 0 -0.843245
vt 13388.5 0
v -277.196 2.61174 -197.801
vt 13388.5 102.824
vt 13230.1 102.824
f 1674/5297/905 1673/5298/905 1680/5299/905 1679/5300/905 

vt 2481.48 0
vn 0.907452 0 0.420156
vt 2534.71 0
v -276.628 2.61174 -199.028
vt 2534.71 102.824
vt 2481.48 102.824
f 1673/5301/906 1672/5302/906 1681/5303/906 1680/5304/906 

vt 13318.2 0
vn 0.481549 0 -0.876419
vt 13633.2 0
v -283.638 2.61174 -202.88
vt 13633.2 102.824
vt 13318.2 102.824
f 1672/5305/907 1671/5306/907 1682/5307/907 1681/5308/907 

vt -2608.35 0
vn -0.909065 0 -0.416655
vt -2581.66 0
v -283.92 2.61174 -202.264
vt -2581.66 102.824
vt -2608.35 102.824
f 1671/5309/908 1670/5310/908 1683/5311/908 1682/5312/908 

vt -13671 0
vn -0.506174 0 0.862432
vt -13442.5 0
v -278.916 2.61174 -199.327
vt -13442.5 102.824
vt -13671 102.824
f 1670/5313/909 1669/5314/909 1684/5315/909 1683/5316/909 

vt -2169.6 0
vn -0.896479 0 -0.443087
vt -1973.38 0
v -281.125 2.61174 -194.859
vt -1973.38 102.824
vt -2169.6 102.824
f 1669/5317/910 1668/5318/910 1685/5319/910 1684/5320/910 

vt -13420.6 0
vn -0.499792 0 0.866145
vt -13212.3 0
vt -13212.3 102.824
vt -13420.6 102.824
f 1668/5321/911 1667/5322/911 1677/5323/911 1685/5324/911 

vt -10887.4 7567.47
vt -10902.3 7539.94
vt -10882.8 7529.43
vt -10779.6 7702.31
vt -10913.2 7787.45
vt -10890.8 7835.76
vt -11166.8 7987.4
vt -11178 7963.14
vt -10981 7847.51
vt -11067.9 7671.6
f 1677/5325/20 1676/5326/20 1678/5327/20 1679/5328/20 1680/5329/20 1681/5330/20 1682/5331/20 1683/5332/20 1684/5333/20 1685/5334/20 

g Mesh133 G_32_62396851513622 Model

v -253.648 0 -52.7833
vt 9986.15 2078.08
v -255.857 0 -52.9699
vt 10073.1 2085.43
v -255.176 0 -58.1185
vt 10046.3 2288.13
v -252.792 0 -57.6539
vt 9952.46 2269.84
f 1686/5335/1 1687/5336/1 1688/5337/1 1689/5338/1 

vt -10212.9 0
vn -0.0842154 0 0.996448
vt -10125.7 0
v -253.648 3.27764 -52.7833
vt -10125.7 129.041
v -255.857 3.27764 -52.9699
vt -10212.9 129.041
f 1687/5339/912 1686/5340/912 1690/5341/912 1691/5342/912 

vt 318.571 0
vn 0.984912 0 0.173055
vt 513.266 0
v -252.792 3.27764 -57.6539
vt 513.266 129.041
vt 318.571 129.041
f 1686/5343/913 1689/5344/913 1692/5345/913 1690/5346/913 

vt 10202.9 0
vn 0.191315 0 -0.981529
vt 10298.5 0
v -255.176 3.27764 -58.1185
vt 10298.5 129.041
vt 10202.9 129.041
f 1689/5347/914 1688/5348/914 1693/5349/914 1692/5350/914 

vt -952.036 0
vn -0.991378 0 -0.13103
vt -747.572 0
vt -747.572 129.041
vt -952.036 129.041
f 1688/5351/915 1687/5352/915 1691/5353/915 1693/5354/915 

vt -10073.1 2085.43
vt -9986.15 2078.08
vt -9952.46 2269.84
vt -10046.3 2288.13
f 1691/5355/20 1690/5356/20 1692/5357/20 1693/5358/20 

g Mesh134 G_36_08496064348469 Model

v -169.409 0 72.3848
vt 6669.63 -2849.79
v -178.775 0 65.7853
vt 7038.39 -2589.97
f 241/736/1 1694/5359/1 1356/4344/1 1362/4350/1 1361/4349/1 1695/5360/1 243/738/1 242/737/1 

vt -3520.97 0
vn 0.994692 0 0.102899
vt -3513.6 0
v -169.389 4.70976 72.1986
vt -3513.6 185.424
v -169.409 4.70976 72.3848
vt -3520.97 185.424
f 1694/5361/916 241/5362/916 1696/5363/916 1697/5364/916 

vt -3174.61 0
vn 0.998732 0 0.0503457
vt -2973.8 0
v -169.133 4.70976 67.1045
vt -2973.8 185.424
vt -3174.61 185.424
f 241/5365/917 242/5366/917 1698/5367/917 1696/5368/917 

vt 6223.28 0
vn 0.14001 0 -0.99015
vt 6561.75 0
v -177.645 4.70976 65.9008
vt 6561.75 185.424
vt 6223.28 185.424
f 242/5369/918 243/5370/918 1699/5371/918 1698/5372/918 

vt 6693.64 0
vn 0.101742 0 -0.994811
vt 6738.35 0
v -178.775 4.70976 65.7853
vt 6738.35 185.424
vt 6693.64 185.424
f 243/5373/919 1695/5374/919 1700/5375/919 1699/5376/919 

vt 3359.13 0
v -179.295 4.70976 70.4178
vt 3542.66 185.424
vt 3359.13 185.424
f 1695/5377/754 1361/4363/754 1701/5378/754 1700/5379/754 

vt -6718.36 0
vn -0.107943 0 0.994157
vt -6407.18 0
v -171.437 4.70976 71.2709
vt -6407.18 185.424
vt -6718.36 185.424
f 1361/5380/920 1362/5381/920 1702/5382/920 1701/5383/920 

vt 3351.22 0
vn -0.996616 0 -0.0821952
vt 3388.12 0
v -171.514 4.70976 72.205
vt 3388.12 185.424
vt 3351.22 185.424
f 1362/5384/921 1356/5385/921 1703/5386/921 1702/5387/921 

vt -6486.27 0
vn -0.0850565 0 0.996376
vt -6403.07 0
vt -6403.07 185.424
vt -6486.27 185.424
f 1356/5388/922 1694/5389/922 1697/5390/922 1703/5391/922 

vt -6669.63 -2849.79
vt -7038.39 -2589.97
f 1697/5392/20 1696/805/20 1698/818/20 1699/817/20 1700/5393/20 1701/4382/20 1702/4381/20 1703/4380/20 

g Mesh135 G_30_16756155985757 Model

v -288.382 0 -18.8844
vt 11353.6 743.481
v -287.914 0 -18.7774
vt 11335.2 739.268
v -288.199 0 -16.737
vt 11346.4 658.937
v -301.218 0 -19.332
vt 11859 761.104
v -303.401 0 -19.7671
vt 11944.9 778.233
v -303.34 0 -20.1591
vt 11942.5 793.667
v -303.016 0 -22.258
vt 11929.8 876.298
v -300.941 0 -21.7798
vt 11848.1 857.471
f 1704/5394/1 1705/5395/1 1706/5396/1 1707/5397/1 1708/5398/1 1709/5399/1 1710/5400/1 1711/5401/1 

vt 11214.9 0
vt 11233.8 0
v -288.382 3.25391 -18.8844
vt 11233.8 128.107
v -287.914 3.25391 -18.7774
vt 11214.9 128.107
f 1705/5402/782 1704/5403/782 1712/5404/782 1713/5405/782 

vt 11230.5 0
vn 0.224641 0 -0.974442
vt 11737.9 0
v -300.941 3.25391 -21.7798
vt 11737.9 128.107
vt 11230.5 128.107
f 1704/5406/923 1711/5407/923 1714/5408/923 1712/5409/923 

vt 11821.7 0
v -303.016 3.25391 -22.258
vt 11821.7 128.107
f 1711/5407/923 1710/5410/923 1715/5411/923 1714/5408/923 

vt 957.133 0
vn -0.988254 0 -0.152823
vt 1040.75 0
v -303.34 3.25391 -20.1591
vt 1040.75 128.107
vt 957.133 128.107
f 1710/5412/924 1709/5413/924 1716/5414/924 1715/5415/924 

vt 1056.36 0
v -303.401 3.25391 -19.7671
vt 1056.36 128.107
f 1709/5413/924 1708/5416/924 1717/5417/924 1716/5414/924 

vt -11866.6 0
vn -0.195479 0 0.980708
vt -11779 0
v -301.218 3.25391 -19.332
vt -11779 128.107
vt -11866.6 128.107
f 1708/5418/925 1707/5419/925 1718/5420/925 1717/5421/925 

vt -11256.3 0
v -288.199 3.25391 -16.737
vt -11256.3 128.107
f 1707/5419/925 1706/5422/925 1719/5423/925 1718/5420/925 

vt -917.869 0
vn 0.990375 0 0.13841
vt -836.757 0
vt -836.757 128.107
vt -917.869 128.107
f 1706/5424/926 1705/5425/926 1713/5426/926 1719/5427/926 

vt -11335.2 739.268
vt -11353.6 743.481
vt -11848.1 857.471
vt -11929.8 876.298
vt -11942.5 793.667
vt -11944.9 778.233
vt -11859 761.104
vt -11346.4 658.937
f 1713/5428/20 1712/5429/20 1714/5430/20 1715/5431/20 1716/5432/20 1717/5433/20 1718/5434/20 1719/5435/20 

g Mesh136 G_30_280115474861354 Model

v -282.99 0 -17.6518
vt 11141.3 694.954
v -284.98 0 -8.921
vt 11219.7 351.221
v -289.161 0 -9.78002
vt 11384.3 385.04
v -287.84 0 -16.6343
vt 11332.3 654.894
f 1706/5396/1 1705/5395/1 1720/5436/1 1721/5437/1 1722/5438/1 1723/5439/1 

vt 836.757 0
vn -0.990375 0 -0.13841
vt 917.869 0
v -288.199 3.03313 -16.737
vt 917.869 119.415
v -287.914 3.03313 -18.7774
vt 836.757 119.415
f 1705/5440/927 1706/5441/927 1724/5442/927 1725/5443/927 

vt -11090.9 0
vn -0.274721 0 0.961524
vt -11076.2 0
v -287.84 3.03313 -16.6343
vt -11076.2 119.415
vt -11090.9 119.415
f 1706/5444/928 1723/5445/928 1726/5446/928 1724/5447/928 

vt 1502.41 0
vn -0.981915 0 -0.189323
vt 1777.24 0
v -289.161 3.03313 -9.78002
vt 1777.24 119.415
vt 1502.41 119.415
f 1723/5448/929 1722/5449/929 1727/5450/929 1726/5451/929 

vt -11228.9 0
vn -0.201227 0 0.979545
vt -11060.8 0
v -284.98 3.03313 -8.921
vt -11060.8 119.415
vt -11228.9 119.415
f 1722/5452/930 1721/5453/930 1728/5454/930 1727/5455/930 

vt -2151.03 0
vn 0.974992 0 0.222241
vt -1798.48 0
v -282.99 3.03313 -17.6518
vt -1798.48 119.415
vt -2151.03 119.415
f 1721/5456/931 1720/5457/931 1729/5458/931 1728/5459/931 

vt 11016.1 0
vt 11214.9 119.415
vt 11016.1 119.415
f 1720/5460/782 1705/5402/782 1725/5461/782 1729/5462/782 

vt -11332.3 654.894
vt -11384.3 385.04
vt -11219.7 351.221
vt -11141.3 694.954
f 1725/5428/20 1724/5435/20 1726/5463/20 1727/5464/20 1728/5465/20 1729/5466/20 

g Mesh137 G_33_34615472493551 Model

v -328.024 0 -52.5045
vt 12914.3 2067.11
v -327.048 0 -52.145
vt 12875.9 2052.95
v -328.306 0 -46.4699
vt 12925.4 1829.53
v -340.324 0 -49.1662
vt 13398.6 1935.68
v -339.194 0 -54.8669
vt 13354.1 2160.12
f 1730/5467/1 1731/5468/1 1732/5469/1 1733/5470/1 1734/5471/1 

vt 12791.7 0
vn 0.345705 0 -0.938343
vt 12832.7 0
v -328.024 6.06778 -52.5045
vt 12832.7 238.889
v -327.048 6.06778 -52.145
vt 12791.7 238.889
f 1731/5472/932 1730/5473/932 1735/5474/932 1736/5475/932 

vt 13062.6 0
vn 0.206917 0 -0.978358
vt 13512.1 0
v -339.194 6.06778 -54.8669
vt 13512.1 238.889
vt 13062.6 238.889
f 1730/5476/933 1734/5477/933 1737/5478/933 1735/5479/933 

vt 477.357 0
vn -0.980919 0 -0.194416
vt 706.161 0
v -340.324 6.06778 -49.1662
vt 706.161 238.889
vt 477.357 238.889
f 1734/5480/934 1733/5481/934 1738/5482/934 1737/5483/934 

vt -13497.3 0
vn -0.218917 0 0.975744
vt -13012.4 0
v -328.306 6.06778 -46.4699
vt -13012.4 238.889
vt -13497.3 238.889
f 1733/5484/935 1732/5485/935 1739/5486/935 1738/5487/935 

vt -1011.73 0
vn 0.976291 0 0.216463
vt -782.875 0
vt -782.875 238.889
vt -1011.73 238.889
f 1732/5488/936 1731/5489/936 1736/5490/936 1739/5491/936 

vt -12875.9 2052.95
vt -12914.3 2067.11
vt -13354.1 2160.12
vt -13398.6 1935.68
vt -12925.4 1829.53
f 1736/5492/20 1735/5493/20 1737/5494/20 1738/5495/20 1739/5496/20 

g Mesh138 G_25_126620695883915 Model

v -275.385 0 -123.418
vt 10841.9 4858.97
v -274.602 0 -125.85
vt 10811.1 4954.72
v -271.915 0 -124.694
vt 10705.3 4909.22
v -271.723 0 -125.323
vt 10697.8 4933.99
v -268.243 0 -124.027
vt 10560.8 4882.94
v -269.836 0 -119.892
vt 10623.4 4720.17
v -272.249 0 -120.714
vt 10718.5 4752.52
v -271.79 0 -122.078
vt 10700.4 4806.23
f 1740/5497/1 1741/5498/1 1742/5499/1 1743/5500/1 1744/5501/1 1745/5502/1 1746/5503/1 1747/5504/1 

vt -1404.26 0
vn -0.951913 0 -0.30637
vt -1303.68 0
v -275.385 4.22205 -123.418
vt -1303.68 166.222
v -274.602 4.22205 -125.85
vt -1404.26 166.222
f 1741/5505/937 1740/5506/937 1748/5507/937 1749/5508/937 

vt -11856.2 0
vn -0.349209 0 0.937045
vt -11705.1 0
v -271.79 4.22205 -122.078
vt -11705.1 166.222
vt -11856.2 166.222
f 1740/5509/938 1747/5510/938 1750/5511/938 1748/5512/938 

vt -1142.9 0
vn -0.947787 0 -0.318903
vt -1086.23 0
v -272.249 4.22205 -120.714
vt -1086.23 166.222
vt -1142.9 166.222
f 1747/5513/939 1746/5514/939 1751/5515/939 1750/5516/939 

vt -11678.2 0
vn -0.322264 0 0.94665
vt -11577.8 0
v -269.836 4.22205 -119.892
vt -11577.8 166.222
vt -11678.2 166.222
f 1746/5517/940 1745/5518/940 1752/5519/940 1751/5520/940 

vt 587.123 0
vn 0.933196 0 0.359367
vt 761.543 0
v -268.243 4.22205 -124.027
vt 761.543 166.222
vt 587.123 166.222
f 1745/5521/941 1744/5522/941 1753/5523/941 1752/5524/941 

vt 11601.1 0
vn 0.349228 0 -0.937038
vt 11747.3 0
v -271.723 4.22205 -125.323
vt 11747.3 166.222
vt 11601.1 166.222
f 1744/5525/942 1743/5526/942 1754/5527/942 1753/5528/942 

vt -1586.5 0
vn -0.9562 0 -0.292714
vt -1560.59 0
v -271.915 4.22205 -124.694
vt -1560.59 166.222
vt -1586.5 166.222
f 1743/5529/943 1742/5530/943 1755/5531/943 1754/5532/943 

vt 11774 0
vn 0.395111 0 -0.918633
vt 11889.1 0
vt 11889.1 166.222
vt 11774 166.222
f 1742/5533/944 1741/5534/944 1749/5535/944 1755/5536/944 

vt -10811.1 4954.72
vt -10841.9 4858.97
vt -10700.4 4806.23
vt -10718.5 4752.52
vt -10623.4 4720.17
vt -10560.8 4882.94
vt -10697.8 4933.99
vt -10705.3 4909.22
f 1749/5537/20 1748/5538/20 1750/5539/20 1751/5540/20 1752/5541/20 1753/5542/20 1754/5543/20 1755/5544/20 

g Mesh139 G_32_49238391991184 Model

v -249.016 0 -180.687
vt 9803.79 7113.66
v -249.235 0 -182.048
vt 9812.39 7167.24
v -245.781 0 -183.627
vt 9676.41 7229.42
v -244.741 0 -179.878
vt 9635.47 7081.82
v -248.002 0 -178.915
vt 9763.86 7043.91
f 1756/5545/1 1757/5546/1 1758/5547/1 1759/5548/1 1760/5549/1 

vt -8630.64 0
vn -0.987382 0 0.158354
vt -8576.37 0
v -249.016 2.69542 -180.687
vt -8576.37 106.119
v -249.235 2.69542 -182.048
vt -8630.64 106.119
f 1757/5550/945 1756/5551/945 1761/5552/945 1762/5553/945 

vt -11044.3 0
vn -0.867856 0 0.496816
vt -10963.9 0
v -248.002 2.69542 -178.915
vt -10963.9 106.119
vt -11044.3 106.119
f 1756/5554/946 1760/5555/946 1763/5556/946 1761/5557/946 

vt -7369.42 0
vn 0.283188 0 0.959064
vt -7235.54 0
v -244.741 2.69542 -179.878
vt -7235.54 106.119
vt -7369.42 106.119
f 1760/5558/947 1759/5559/947 1764/5560/947 1763/5561/947 

vt 9399.72 0
vn 0.963612 0 -0.267303
vt 9552.9 0
v -245.781 2.69542 -183.627
vt 9552.9 106.119
vt 9399.72 106.119
f 1759/5562/948 1758/5563/948 1765/5564/948 1764/5565/948 

vt 5793.81 0
vn -0.41584 0 -0.909438
vt 5943.33 0
vt 5943.33 106.119
vt 5793.81 106.119
f 1758/5566/949 1757/5567/949 1762/5568/949 1765/5569/949 

vt -9812.39 7167.24
vt -9803.79 7113.66
vt -9763.86 7043.91
vt -9635.47 7081.82
vt -9676.41 7229.42
f 1762/5570/20 1761/5571/20 1763/5572/20 1764/5573/20 1765/5574/20 

g Mesh140 G_19_981103990455267 Model

v -250.031 0 -178.89
vt 9843.73 7042.89
v -247.45 0 -177.49
vt 9742.12 6987.8
v -247.707 0 -177.028
vt 9752.23 6969.6
v -245.479 0 -175.802
vt 9664.53 6921.32
v -246.192 0 -174.293
vt 9692.59 6861.93
v -252.769 0 -178.777
vt 9951.52 7038.47
v -250.252 0 -183.091
vt 9852.45 7208.32
v -256.143 0 -186.706
vt 10084.4 7350.64
v -254.871 0 -188.647
vt 10034.3 7427.07
v -247.63 0 -184.372
vt 9749.2 7258.74
f 1757/5546/1 1756/5545/1 1766/5575/1 1767/5576/1 1768/5577/1 1769/5578/1 1770/5579/1 1771/5580/1 1772/5581/1 1773/5582/1 1774/5583/1 1775/5584/1 

vt 8576.37 0
vn 0.987382 0 -0.158354
vt 8630.64 0
v -249.235 2.82168 -182.048
vt 8630.64 111.09
v -249.016 2.82168 -180.687
vt 8576.37 111.09
f 1756/5585/950 1757/5586/950 1776/5587/950 1777/5588/950 

vt 321.515 0
vn 0.822846 0 0.568264
vt 432.706 0
v -247.63 2.82168 -184.372
vt 432.706 111.09
vt 321.515 111.09
f 1757/5589/951 1775/5590/951 1778/5591/951 1776/5592/951 

vt 12085.6 0
vn 0.508421 0 -0.861109
vt 12416.7 0
v -254.871 2.82168 -188.647
vt 12416.7 111.09
vt 12085.6 111.09
f 1775/5593/952 1774/5594/952 1779/5595/952 1778/5596/952 

vt -714.708 0
vn -0.836519 0 -0.547938
vt -623.34 0
v -256.143 2.82168 -186.706
vt -623.34 111.09
vt -714.708 111.09
f 1774/5597/953 1773/5598/953 1780/5599/953 1779/5600/953 

vt -12439.7 0
vn -0.52304 0 0.852308
vt -12167.6 0
v -250.252 2.82168 -183.091
vt -12167.6 111.09
vt -12439.7 111.09
f 1773/5601/954 1772/5602/954 1781/5603/954 1780/5604/954 

vt -1262.03 0
vn -0.863779 0 -0.503871
vt -1065.4 0
v -252.769 2.82168 -178.777
vt -1065.4 111.09
vt -1262.03 111.09
f 1772/5605/955 1771/5606/955 1782/5607/955 1781/5608/955 

vt -12187.2 0
vn -0.563324 0 0.826236
vt -11873.9 0
v -246.192 2.82168 -174.293
vt -11873.9 111.09
vt -12187.2 111.09
f 1771/5609/956 1770/5610/956 1783/5611/956 1782/5612/956 

vt 2064.96 0
vn 0.904207 0 0.427094
vt 2130.65 0
v -245.479 2.82168 -175.802
vt 2130.65 111.09
vt 2064.96 111.09
f 1770/5613/957 1769/5614/957 1784/5615/957 1783/5616/957 

vt 11804.2 0
vn 0.482209 0 -0.876056
vt 11904.3 0
v -247.707 2.82168 -177.028
vt 11904.3 111.09
vt 11804.2 111.09
f 1769/5617/958 1768/5618/958 1785/5619/958 1784/5620/958 

vt 1356.42 0
vt 1377.24 0
v -247.45 2.82168 -177.49
vt 1377.24 111.09
vt 1356.42 111.09
f 1768/5621/270 1767/5622/270 1786/5623/270 1785/5624/270 

vt 11895.1 0
vn 0.476706 0 -0.879063
vt 12010.6 0
v -250.031 2.82168 -178.89
vt 12010.6 111.09
vt 11895.1 111.09
f 1767/5625/959 1766/5626/959 1787/5627/959 1786/5628/959 

vt 1296.11 0
vn 0.87091 0 0.491442
vt 1377.36 0
vt 1377.36 111.09
vt 1296.11 111.09
f 1766/5629/960 1756/5630/960 1777/5631/960 1787/5632/960 

vt -9749.2 7258.74
vt -10034.3 7427.07
vt -10084.4 7350.64
vt -9852.45 7208.32
vt -9951.52 7038.47
vt -9692.59 6861.93
vt -9664.53 6921.32
vt -9752.23 6969.6
vt -9742.12 6987.8
vt -9843.73 7042.89
f 1777/5571/20 1776/5570/20 1778/5633/20 1779/5634/20 1780/5635/20 1781/5636/20 1782/5637/20 1783/5638/20 1784/5639/20 1785/5640/20 1786/5641/20 1787/5642/20 

g Mesh141 G_34_9410119204729 Model

v -74.9842 0 -30.4945
vt 2952.13 1200.57
v -75.8393 0 -30.8499
vt 2985.8 1214.56
v -75.1735 0 -32.2647
vt 2959.59 1270.26
v -71.5887 0 -30.7973
vt 2818.45 1212.49
v -71.8096 0 -30.3388
vt 2827.15 1194.44
v -71.2522 0 -30.1133
vt 2805.2 1185.56
v -71.757 0 -29.1233
vt 2825.08 1146.59
f 1788/5643/1 1789/5644/1 1790/5645/1 1791/5646/1 1792/5647/1 1793/5648/1 1794/5649/1 

vt -3223.29 0
vn -0.383764 0 0.923431
vt -3186.83 0
v -74.9842 2.40173 -30.4945
vt -3186.83 94.5562
v -75.8393 2.40173 -30.8499
vt -3223.29 94.5562
f 1789/5650/961 1788/5651/961 1795/5652/961 1796/5653/961 

vt -3186.53 0
vn -0.391059 0 0.920365
vt -3048.49 0
v -71.757 2.40173 -29.1233
vt -3048.49 94.5562
vt -3186.53 94.5562
f 1788/5654/962 1794/5655/962 1797/5656/962 1795/5657/962 

vt -261.902 0
vn 0.890863 0 0.454271
vt -218.15 0
v -71.2522 2.40173 -30.1133
vt -218.15 94.5562
vt -261.902 94.5562
f 1794/5658/963 1793/5659/963 1798/5660/963 1797/5661/963 

vt 3045.08 0
vn 0.375048 0 -0.927005
vt 3068.76 0
v -71.8096 2.40173 -30.3388
vt 3068.76 94.5562
vt 3045.08 94.5562
f 1793/5662/964 1792/5663/964 1799/5664/964 1798/5665/964 

vt -151.377 0
vn 0.900845 0 0.434141
vt -131.34 0
v -71.5887 2.40173 -30.7973
vt -131.34 94.5562
vt -151.377 94.5562
f 1792/5666/965 1791/5667/965 1800/5668/965 1799/5669/965 

vt 3067.71 0
vn 0.378836 0 -0.925464
vt 3220.21 0
v -75.1735 2.40173 -32.2647
vt 3220.21 94.5562
vt 3067.71 94.5562
f 1791/5670/966 1790/5671/966 1801/5672/966 1800/5673/966 

vt 110.825 0
vt 172.387 0
vt 172.387 94.5562
vt 110.825 94.5562
f 1790/5674/522 1789/5675/522 1796/5676/522 1801/5677/522 

vt -2985.8 1214.56
vt -2952.13 1200.57
vt -2825.08 1146.59
vt -2805.2 1185.56
vt -2827.15 1194.44
vt -2818.45 1212.49
vt -2959.59 1270.26
f 1796/5678/20 1795/5679/20 1797/5680/20 1798/5681/20 1799/5682/20 1800/5683/20 1801/5684/20 

g Mesh142 G_46_47242399676495 Model

v -68.8493 0 -29.1411
vt 2710.6 1147.29
v -69.3774 0 -28.1122
vt 2731.39 1106.78
f 1794/5649/1 1793/5648/1 1802/5685/1 1803/5686/1 

vt 218.15 0
vn -0.890863 0 -0.454271
vt 261.902 0
v -71.757 2.90965 -29.1233
vt 261.902 114.553
v -71.2522 2.90965 -30.1133
vt 218.15 114.553
f 1793/5687/967 1794/5688/967 1804/5689/967 1805/5690/967 

vt -2946.69 0
v -69.3774 2.90965 -28.1122
vt -2946.69 114.553
vt -3048.49 114.553
f 1794/5655/962 1803/5691/962 1806/5692/962 1804/5693/962 

vt -262.333 0
vt -216.8 0
v -68.8493 2.90965 -29.1411
vt -216.8 114.553
vt -262.333 114.553
f 1803/5694/687 1802/5695/687 1807/5696/687 1806/5697/687 

vt 2943.03 0
vt 3045.08 114.553
vt 2943.03 114.553
f 1802/5698/964 1793/5662/964 1805/5699/964 1807/5700/964 

vt -2731.39 1106.78
vt -2710.6 1147.29
f 1805/5681/20 1804/5680/20 1806/5701/20 1807/5702/20 

g Mesh143 G_17_475948516755853 Model

v -83.0368 0 -47.7031
vt 3269.16 1878.07
v -86.343 0 -48.6092
vt 3399.33 1913.75
v -82.3925 0 -65.9185
vt 3243.8 2595.22
v -79.311 0 -63.8899
vt 3122.48 2515.35
f 1808/5703/1 1809/5704/1 1810/5705/1 1811/5706/1 

vt -3784.28 0
vn -0.26432 0 0.964435
vt -3649.31 0
v -83.0368 2.62554 -47.7031
vt -3649.31 103.368
v -86.343 2.62554 -48.6092
vt -3784.28 103.368
f 1809/5707/968 1808/5708/968 1812/5709/968 1813/5710/968 

vt 1096.92 0
vn 0.974519 0 0.224306
vt 1750.86 0
v -79.311 2.62554 -63.8899
vt 1750.86 103.368
vt 1096.92 103.368
f 1808/5711/969 1811/5712/969 1814/5713/969 1812/5714/969 

vt 3991.17 0
vn 0.549872 0 -0.835249
vt 4136.42 0
v -82.3925 2.62554 -65.9185
vt 4136.42 103.368
vt 3991.17 103.368
f 1811/5715/970 1810/5716/970 1815/5717/970 1814/5718/970 

vt -1808.38 0
vn -0.974931 0 -0.222509
vt -1109.39 0
vt -1109.39 103.368
vt -1808.38 103.368
f 1810/5719/971 1809/5720/971 1813/5721/971 1815/5722/971 

vt -3399.33 1913.75
vt -3269.16 1878.07
vt -3122.48 2515.35
vt -3243.8 2595.22
f 1813/5723/20 1812/5724/20 1814/5725/20 1815/5726/20 

g Mesh144 G_15_630845886853267 Model

v -83.1115 0 -47.3783
vt 3272.11 1865.29
v -82.8034 0 -47.1986
vt 3259.98 1858.21
v -84.9347 0 -37.2609
vt 3343.89 1466.96
v -88.7865 0 -37.9028
vt 3495.53 1492.24
f 1809/5704/1 1808/5703/1 1816/5727/1 1817/5728/1 1818/5729/1 1819/5730/1 

vt 3649.31 0
vn 0.26432 0 -0.964435
vt 3784.28 0
v -86.343 2.78491 -48.6092
vt 3784.28 109.642
v -83.0368 2.78491 -47.7031
vt 3649.31 109.642
f 1808/5731/972 1809/5732/972 1820/5733/972 1821/5734/972 

vt -677.039 0
v -88.7865 2.78491 -37.9028
vt -677.039 109.642
vt -1109.39 109.642
f 1809/5720/971 1819/5735/971 1822/5736/971 1820/5737/971 

vt -3693.3 0
vn -0.164399 0 0.986394
vt -3539.56 0
v -84.9347 2.78491 -37.2609
vt -3539.56 109.642
vt -3693.3 109.642
f 1819/5738/973 1818/5739/973 1823/5740/973 1822/5741/973 

vt 733.127 0
vn 0.977765 0 0.209702
vt 1133.27 0
v -82.8034 2.78491 -47.1986
vt 1133.27 109.642
vt 733.127 109.642
f 1818/5742/974 1817/5743/974 1824/5744/974 1823/5745/974 

vt 3752.2 0
vn 0.503871 0 -0.863779
vt 3766.24 0
v -83.1115 2.78491 -47.3783
vt 3766.24 109.642
vt 3752.2 109.642
f 1817/5746/975 1816/5747/975 1825/5748/975 1824/5749/975 

vt 1083.81 0
vt 1096.92 109.642
vt 1083.81 109.642
f 1816/5750/969 1808/5711/969 1821/5751/969 1825/5752/969 

vt -3495.53 1492.24
vt -3343.89 1466.96
vt -3259.98 1858.21
vt -3272.11 1865.29
f 1821/5724/20 1820/5723/20 1822/5753/20 1823/5754/20 1824/5755/20 1825/5756/20 

g Mesh145 G_10_878464454417594 Model

v -105.833 0 46.3008
vt 4166.65 -1822.86
v -103.548 0 46.4957
vt 4076.68 -1830.54
v -104.043 0 50.9809
vt 4096.17 -2007.12
v -106.332 0 50.7583
vt 4186.29 -1998.36
f 1826/5757/1 1827/5758/1 1828/5759/1 1829/5760/1 

vt 3906.33 0
vn 0.0850006 0 -0.996381
vt 3996.62 0
v -105.833 2.37967 46.3008
vt 3996.62 93.6877
v -103.548 2.37967 46.4957
vt 3906.33 93.6877
f 1827/5761/976 1826/5762/976 1830/5763/976 1831/5764/976 

vt 2274.93 0
vn -0.993797 0 -0.111211
vt 2451.52 0
v -106.332 2.37967 50.7583
vt 2451.52 93.6877
vt 2274.93 93.6877
f 1826/5765/977 1829/5766/977 1832/5767/977 1830/5768/977 

vt -3973.21 0
vn -0.096789 0 0.995305
vt -3882.67 0
v -104.043 2.37967 50.9809
vt -3882.67 93.6877
vt -3973.21 93.6877
f 1829/5769/978 1828/5770/978 1833/5771/978 1832/5772/978 

vt -2444.4 0
vn 0.993964 0 0.109711
vt -2266.75 0
vt -2266.75 93.6877
vt -2444.4 93.6877
f 1828/5773/979 1827/5774/979 1831/5775/979 1833/5776/979 

vt -4076.68 -1830.54
vt -4166.65 -1822.86
vt -4186.29 -1998.36
vt -4096.17 -2007.12
f 1831/5777/20 1830/5778/20 1832/5779/20 1833/5780/20 

g Mesh146 G_21_552222037951612 Model

v -151.523 0 -103.628
vt 5965.48 4079.84
v -152.063 0 -101.83
vt 5986.71 4009.07
v -154.473 0 -102.604
vt 6081.62 4039.53
v -152.316 0 -109.768
vt 5996.7 4321.59
v -159.936 0 -112.17
vt 6296.69 4416.13
v -157.892 0 -119.035
vt 6216.21 4686.43
v -155.837 0 -118.368
vt 6135.33 4660.14
v -157.378 0 -113.18
vt 6195.99 4455.92
v -150.558 0 -111.186
vt 5927.48 4377.38
v -152.804 0 -103.991
vt 6015.91 4094.12
f 1834/5781/1 1835/5782/1 1836/5783/1 1837/5784/1 1838/5785/1 1839/5786/1 1840/5787/1 1841/5788/1 1842/5789/1 1843/5790/1 

vt 2119.72 0
vt 2193.61 0
v -151.523 2.95857 -103.628
vt 2193.61 116.479
v -152.063 2.95857 -101.83
vt 2119.72 116.479
f 1835/5791/17 1834/5792/17 1844/5793/17 1845/5794/17 

vt 6851.46 0
vn 0.272491 0 -0.962158
vt 6903.86 0
v -152.804 2.95857 -103.991
vt 6903.86 116.479
vt 6851.46 116.479
f 1834/5795/980 1843/5796/980 1846/5797/980 1844/5798/980 

vt 2115.55 0
vn 0.954574 0 0.297975
vt 2412.29 0
v -150.558 2.95857 -111.186
vt 2412.29 116.479
vt 2115.55 116.479
f 1843/5799/981 1842/5800/981 1847/5801/981 1846/5802/981 

vt 6918.04 0
vn 0.280752 0 -0.95978
vt 7197.8 0
v -157.378 2.95857 -113.18
vt 7197.8 116.479
vt 6918.04 116.479
f 1842/5803/982 1841/5804/982 1848/5805/982 1847/5806/982 

vt 2507.27 0
vn 0.958606 0 0.284735
vt 2720.3 0
v -155.837 2.95857 -118.368
vt 2720.3 116.479
vt 2507.27 116.479
f 1841/5807/983 1840/5808/983 1849/5809/983 1848/5810/983 

vt 7275.29 0
vn 0.309086 0 -0.951034
vt 7360.33 0
v -157.892 2.95857 -119.035
vt 7360.33 116.479
vt 7275.29 116.479
f 1840/5811/984 1839/5812/984 1850/5813/984 1849/5814/984 

vt -2717.62 0
vn -0.958417 0 -0.285371
vt -2435.6 0
v -159.936 2.95857 -112.17
vt -2435.6 116.479
vt -2717.62 116.479
f 1839/5815/985 1838/5816/985 1851/5817/985 1850/5818/985 

vt -7332.9 0
vn -0.300579 0 0.953757
vt -7018.37 0
v -152.316 2.95857 -109.768
vt -7018.37 116.479
vt -7332.9 116.479
f 1838/5819/986 1837/5820/986 1852/5821/986 1851/5822/986 

vt -2409.3 0
vn -0.957542 0 -0.288292
vt -2114.73 0
v -154.473 2.95857 -102.604
vt -2114.73 116.479
vt -2409.3 116.479
f 1837/5823/987 1836/5824/987 1853/5825/987 1852/5826/987 

vt -7025.07 0
vn -0.305558 0 0.952174
vt -6925.39 0
vt -6925.39 116.479
vt -7025.07 116.479
f 1836/5827/988 1835/5828/988 1845/5829/988 1853/5830/988 

vt -5986.71 4009.07
vt -5965.48 4079.84
vt -6015.91 4094.12
vt -5927.48 4377.38
vt -6195.99 4455.92
vt -6135.33 4660.14
vt -6216.21 4686.43
vt -6296.69 4416.13
vt -5996.7 4321.59
vt -6081.62 4039.53
f 1845/5831/20 1844/5832/20 1846/5833/20 1847/5834/20 1848/5835/20 1849/5836/20 1850/5837/20 1851/5838/20 1852/5839/20 1853/5840/20 

g Mesh147 G_35_214931235434534 Model

v -190.318 0 -80.5362
vt 7492.82 3170.72
v -188.751 0 -79.9969
vt 7431.15 3149.49
v -189.162 0 -78.0453
vt 7447.33 3072.65
v -190.754 0 -78.5589
vt 7510.01 3092.87
f 1854/5841/1 1855/5842/1 1856/5843/1 1857/5844/1 

vt 8051.63 0
vn 0.325513 0 -0.945538
vt 8116.85 0
v -190.318 1.75128 -80.5362
vt 8116.85 68.9479
v -188.751 1.75128 -79.9969
vt 8051.63 68.9479
f 1855/5845/989 1854/5846/989 1858/5847/989 1859/5848/989 

vt -1480.8 0
vn -0.976485 0 -0.215587
vt -1401.08 0
v -190.754 1.75128 -78.5589
vt -1401.08 68.9479
vt -1480.8 68.9479
f 1854/5849/990 1857/5850/990 1860/5851/990 1858/5852/990 

vt -8096.86 0
vn -0.307003 0 0.951709
vt -8031 0
v -189.162 1.75128 -78.0453
vt -8031 68.9479
vt -8096.86 68.9479
f 1857/5853/991 1856/5854/991 1861/5855/991 1860/5856/991 

vt 1472.51 0
vn 0.97855 0 0.20601
vt 1551.03 0
vt 1551.03 68.9479
vt 1472.51 68.9479
f 1856/5857/992 1855/5858/992 1859/5859/992 1861/5860/992 

vt -7431.15 3149.49
vt -7492.82 3170.72
vt -7510.01 3092.87
vt -7447.33 3072.65
f 1859/5861/20 1858/5862/20 1860/5863/20 1861/5864/20 

g Mesh148 G_26_26957219518641 Model

v -210.581 0 -122.646
vt 8290.61 4828.6
v -210.963 0 -121.683
vt 8305.61 4790.67
v -212.459 0 -122.284
vt 8364.54 4814.32
v -211.458 0 -125.442
vt 8325.11 4938.67
v -210.379 0 -125.134
vt 8282.65 4926.54
v -209.76 0 -124.649
vt 8258.26 4907.45
f 1862/5865/1 1863/5866/1 1864/5867/1 1865/5868/1 1866/5869/1 1867/5870/1 

vt 1399.41 0
vn 0.929879 0 0.367864
vt 1440.19 0
v -210.581 1.24445 -122.646
vt 1440.19 48.9942
v -210.963 1.24445 -121.683
vt 1399.41 48.9942
f 1863/5871/993 1862/5872/993 1868/5873/993 1869/5874/993 

vt 1320.51 0
vn 0.925169 0 0.379556
vt 1405.75 0
v -209.76 1.24445 -124.649
vt 1405.75 48.9942
vt 1320.51 48.9942
f 1862/5875/994 1867/5876/994 1870/5877/994 1868/5878/994 

vt 9528.09 0
vn 0.616198 0 -0.787591
vt 9559.06 0
v -210.379 1.24445 -125.134
vt 9559.06 48.9942
vt 9528.09 48.9942
f 1867/5879/995 1866/5880/995 1871/5881/995 1870/5882/995 

vt 9317.39 0
vn 0.274721 0 -0.961524
vt 9361.55 0
v -211.458 1.24445 -125.442
vt 9361.55 48.9942
vt 9317.39 48.9942
f 1866/5883/996 1865/5884/996 1872/5885/996 1871/5886/996 

vt -2191.48 0
vn -0.953231 0 -0.302244
vt -2061.02 0
v -212.459 1.24445 -122.284
vt -2061.02 48.9942
vt -2191.48 48.9942
f 1865/5887/997 1864/5888/997 1873/5889/997 1872/5890/997 

vt -9555.72 0
vn -0.372378 0 0.928081
vt -9492.22 0
vt -9492.22 48.9942
vt -9555.72 48.9942
f 1864/5891/998 1863/5892/998 1869/5893/998 1873/5894/998 

vt -8305.61 4790.67
vt -8290.61 4828.6
vt -8258.26 4907.45
vt -8282.65 4926.54
vt -8325.11 4938.67
vt -8364.54 4814.32
f 1869/5895/20 1868/5896/20 1870/5897/20 1871/5898/20 1872/5899/20 1873/5900/20 

g Mesh149 G_28_955662590758276 Model

v -266.488 0 9.97865
vt 10491.6 -392.86
v -267.546 0 15.8642
vt 10533.3 -624.575
v -274.406 0 14.3248
vt 10803.4 -563.969
v -275.613 0 21.1297
vt 10850.9 -831.878
v -280.621 0 20.0769
vt 11048.1 -790.428
v -281.822 0 25.9478
vt 11095.3 -1021.57
v -283.269 0 25.707
vt 11152.3 -1012.09
v -281.51 0 18.0161
vt 11083.1 -709.297
v -276.913 0 18.7095
vt 10902.1 -736.593
v -274.371 0 8.28385
vt 10802 -326.136
f 1874/5901/1 1875/5902/1 1876/5903/1 1877/5904/1 1878/5905/1 1879/5906/1 1880/5907/1 1881/5908/1 1882/5909/1 1883/5910/1 

vt -2479.26 0
vn 0.984208 0 0.177015
vt -2243.83 0
v -266.488 3.53938 9.97865
vt -2243.83 139.346
v -267.546 3.53938 15.8642
vt -2479.26 139.346
f 1875/5911/999 1874/5912/999 1884/5913/999 1885/5914/999 

vt 10174.7 0
vn 0.210181 0 -0.977662
vt 10492.2 0
v -274.371 3.53938 8.28385
vt 10492.2 139.346
vt 10174.7 139.346
f 1874/5915/1000 1883/5916/1000 1886/5917/1000 1884/5918/1000 

vt 2875.86 0
vn -0.971534 0 -0.236901
vt 3298.34 0
v -276.913 3.53938 18.7095
vt 3298.34 139.346
vt 2875.86 139.346
f 1883/5919/1001 1882/5920/1001 1887/5921/1001 1886/5922/1001 

vt 10670.3 0
vn 0.149151 0 -0.988814
vt 10853.3 0
v -281.51 3.53938 18.0161
vt 10853.3 139.346
vt 10670.3 139.346
f 1882/5923/1002 1881/5924/1002 1888/5925/1002 1887/5926/1002 

vt 3162.49 0
vn -0.974828 0 -0.222957
vt 3473.1 0
v -283.269 3.53938 25.707
vt 3473.1 139.346
vt 3162.49 139.346
f 1881/5927/1003 1880/5928/1003 1889/5929/1003 1888/5930/1003 

vt -10834.8 0
vn -0.164189 0 0.986429
vt -10777 0
v -281.822 3.53938 25.9478
vt -10777 139.346
vt -10834.8 139.346
f 1880/5931/1004 1879/5932/1004 1890/5933/1004 1889/5934/1004 

vt -3224.61 0
vn 0.979709 0 0.200424
vt -2988.69 0
v -280.621 3.53938 20.0769
vt -2988.69 139.346
vt -3224.61 139.346
f 1879/5935/1005 1878/5936/1005 1891/5937/1005 1890/5938/1005 

vt -10649 0
vn -0.205758 0 0.978603
vt -10447.6 0
v -275.613 3.53938 21.1297
vt -10447.6 139.346
vt -10649 139.346
f 1878/5939/1006 1877/5940/1006 1892/5941/1006 1891/5942/1006 

vt -2714.02 0
vn 0.984634 0 0.174633
vt -2441.93 0
v -274.406 3.53938 14.3248
vt -2441.93 139.346
vt -2714.02 139.346
f 1877/5943/1007 1876/5944/1007 1893/5945/1007 1892/5946/1007 

vt -10417.8 0
vn -0.218952 0 0.975736
vt -10141 0
vt -10141 139.346
vt -10417.8 139.346
f 1876/5947/1008 1875/5948/1008 1885/5949/1008 1893/5950/1008 

vt -10533.3 -624.575
vt -10491.6 -392.86
vt -10802 -326.136
vt -10902.1 -736.593
vt -11083.1 -709.297
vt -11152.3 -1012.09
vt -11095.3 -1021.57
vt -11048.1 -790.428
vt -10850.9 -831.878
vt -10803.4 -563.969
f 1885/5951/20 1884/5952/20 1886/5953/20 1887/5954/20 1888/5955/20 1889/5956/20 1890/5957/20 1891/5958/20 1892/5959/20 1893/5960/20 

g Mesh150 G_32_79484862719982 Model

v -299.909 0 -26.3666
vt 11807.4 1038.05
v -293.129 0 -24.9029
vt 11540.5 980.429
v -292.898 0 -25.9557
vt 11531.4 1021.88
v -288.735 0 -25.1115
vt 11367.5 988.643
v -288.183 0 -25.0088
vt 11345.8 984.599
v -288.665 0 -22.4153
vt 11364.7 882.49
v -287.759 0 -22.2227
vt 11329.1 874.908
f 1704/5394/1 1711/5401/1 1894/5961/1 1895/5962/1 1896/5963/1 1897/5964/1 1898/5965/1 1899/5966/1 1900/5967/1 

vt -11737.9 0
vn -0.224641 0 0.974442
vt -11230.5 0
v -288.382 4.78388 -18.8844
vt -11230.5 188.342
v -300.941 4.78388 -21.7798
vt -11737.9 188.342
f 1711/5968/1009 1704/5969/1009 1901/5970/1009 1902/5971/1009 

vt -1351.1 0
vn 0.983043 0 0.183375
vt -1217.41 0
v -287.759 4.78388 -22.2227
vt -1217.41 188.342
vt -1351.1 188.342
f 1704/5972/1010 1900/5973/1010 1903/5974/1010 1901/5975/1010 

vt 11263.1 0
vn 0.208108 0 -0.978106
vt 11299.6 0
v -288.665 4.78388 -22.4153
vt 11299.6 188.342
vt 11263.1 188.342
f 1900/5976/1011 1899/5977/1011 1904/5978/1011 1903/5979/1011 

vt -1206.68 0
vn 0.983201 0 0.182525
vt -1102.83 0
v -288.183 4.78388 -25.0088
vt -1102.83 188.342
vt -1206.68 188.342
f 1899/5980/1012 1898/5981/1012 1905/5982/1012 1904/5983/1012 

vt 11334.5 0
vn 0.182908 0 -0.98313
vt 11356.6 0
v -288.735 4.78388 -25.1115
vt 11356.6 188.342
vt 11334.5 188.342
f 1898/5984/1013 1897/5985/1013 1906/5986/1013 1905/5987/1013 

vt 11337.3 0
vn 0.198731 0 -0.980054
vt 11504.5 0
v -292.898 4.78388 -25.9557
vt 11504.5 188.342
vt 11337.3 188.342
f 1897/5988/1014 1896/5989/1014 1907/5990/1014 1906/5991/1014 

vt 1474.31 0
vn -0.976744 0 -0.214407
vt 1516.75 0
v -293.129 4.78388 -24.9029
vt 1516.75 188.342
vt 1474.31 188.342
f 1896/5992/1015 1895/5993/1015 1908/5994/1015 1907/5995/1015 

vt 11487.5 0
vn 0.211046 0 -0.977476
vt 11760.6 0
v -299.909 4.78388 -26.3666
vt 11760.6 188.342
vt 11487.5 188.342
f 1895/5996/1016 1894/5997/1016 1909/5998/1016 1908/5999/1016 

vt 1580.91 0
vn -0.975577 0 -0.219659
vt 1766.01 0
vt 1766.01 188.342
vt 1580.91 188.342
f 1894/6000/1017 1711/6001/1017 1902/6002/1017 1909/6003/1017 

vt -11329.1 874.908
vt -11364.7 882.49
vt -11345.8 984.599
vt -11367.5 988.643
vt -11531.4 1021.88
vt -11540.5 980.429
vt -11807.4 1038.05
f 1902/5430/20 1901/5429/20 1903/6004/20 1904/6005/20 1905/6006/20 1906/6007/20 1907/6008/20 1908/6009/20 1909/6010/20 

g Mesh151 G_30_264562426850688 Model

v -325.512 0 -18.8456
vt 12815.4 741.952
v -325.86 0 -18.9229
vt 12829.1 744.997
v -327.53 0 -19.3338
vt 12894.9 761.173
v -326.374 0 -26.1644
vt 12849.4 1030.09
v -327.401 0 -26.832
vt 12889.8 1056.38
v -327.061 0 -29.0727
vt 12876.4 1144.6
v -321.081 0 -27.8881
vt 12641 1097.96
v -321.195 0 -25.3045
vt 12645.5 996.239
v -324.265 0 -25.8338
vt 12766.3 1017.08
f 1910/6011/1 1911/6012/1 1912/6013/1 1913/6014/1 1914/6015/1 1915/6016/1 1916/6017/1 1917/6018/1 1918/6019/1 

vt -12685.5 0
vn -0.216805 0 0.976215
vt -12671.5 0
v -325.512 2.92977 -18.8456
vt -12671.5 115.345
v -325.86 2.92977 -18.9229
vt -12685.5 115.345
f 1911/6020/1018 1910/6021/1018 1919/6022/1018 1920/6023/1018 

vt -1520.95 0
vn 0.984448 0 0.175676
vt -1241.48 0
v -324.265 2.92977 -25.8338
vt -1241.48 115.345
vt -1520.95 115.345
f 1910/6024/1019 1918/6025/1019 1921/6026/1019 1919/6027/1019 

vt -12753.5 0
vn -0.169907 0 0.98546
vt -12630.9 0
v -321.195 2.92977 -25.3045
vt -12630.9 115.345
vt -12753.5 115.345
f 1918/6028/1020 1917/6029/1020 1922/6030/1020 1921/6031/1020 

vt 436.467 0
vn 0.999023 0 0.0441895
vt 538.284 0
v -321.081 2.92977 -27.8881
vt 538.284 115.345
vt 436.467 115.345
f 1917/6032/1021 1916/6033/1021 1923/6034/1021 1922/6035/1021 

vt 12613.4 0
vn 0.194323 0 -0.980938
vt 12853.4 0
v -327.061 2.92977 -29.0727
vt 12853.4 115.345
vt 12613.4 115.345
f 1916/6036/1022 1915/6037/1022 1924/6038/1022 1923/6039/1022 

vt 799.913 0
vn -0.988685 0 -0.150007
vt 889.14 0
v -327.401 2.92977 -26.832
vt 889.14 115.345
vt 799.913 115.345
f 1915/6040/1023 1914/6041/1023 1925/6042/1023 1924/6043/1023 

vt -11383.1 0
vn -0.544988 0 0.838444
vt -11334.9 0
v -326.374 2.92977 -26.1644
vt -11334.9 115.345
vt -11383.1 115.345
f 1914/6044/1024 1913/6045/1024 1926/6046/1024 1925/6047/1024 

vt 1127.65 0
vn -0.98599 0 -0.166803
vt 1400.39 0
v -327.53 2.92977 -19.3338
vt 1400.39 115.345
vt 1127.65 115.345
f 1913/6048/1025 1912/6049/1025 1927/6050/1025 1926/6051/1025 

vt -12703 0
vn -0.239019 0 0.971015
vt -12635.4 0
vt -12635.4 115.345
vt -12703 115.345
f 1912/6052/1026 1911/6053/1026 1920/6054/1026 1927/6055/1026 

vt -12829.1 744.997
vt -12815.4 741.952
vt -12766.3 1017.08
vt -12645.5 996.239
vt -12641 1097.96
vt -12876.4 1144.6
vt -12889.8 1056.38
vt -12849.4 1030.09
vt -12894.9 761.173
f 1920/6056/20 1919/6057/20 1921/6058/20 1922/6059/20 1923/6060/20 1924/6061/20 1925/6062/20 1926/6063/20 1927/6064/20 

g Mesh152 G_36_799070735071474 Model

v -320.975 0 -17.8379
vt 12636.8 702.278
v -319.797 0 -25.0634
vt 12590.4 986.748
f 1928/6065/1 1910/6011/1 1918/6019/1 1917/6018/1 1929/6066/1 

vt -12488.5 0
v -320.975 3.14811 -17.8379
vt -12488.5 123.941
v -325.512 3.14811 -18.8456
vt -12671.5 123.941
f 1910/6021/1018 1928/6067/1018 1930/6068/1018 1931/6069/1018 

vt -1339.62 0
vn 0.986977 0 0.16086
vt -1051.4 0
v -319.797 3.14811 -25.0634
vt -1051.4 123.941
vt -1339.62 123.941
f 1928/6070/1027 1929/6071/1027 1932/6072/1027 1930/6073/1027 

vt 12575 0
vt 12630.9 0
v -321.195 3.14811 -25.3045
vt 12630.9 123.941
vt 12575 123.941
f 1929/6074/840 1917/6075/840 1933/6076/840 1932/6077/840 

vt 12753.5 0
v -324.265 3.14811 -25.8338
vt 12753.5 123.941
f 1917/6075/840 1918/6078/840 1934/6079/840 1933/6076/840 

vt 1241.48 0
vn -0.984448 0 -0.175676
vt 1520.95 0
vt 1520.95 123.941
vt 1241.48 123.941
f 1918/6080/1028 1910/6081/1028 1931/6082/1028 1934/6083/1028 

vt -12636.8 702.278
vt -12590.4 986.748
f 1931/6057/20 1930/6084/20 1932/6085/20 1933/6059/20 1934/6058/20 

g Mesh153 G_32_44059693030469 Model

v -284.321 0 -130.241
vt 11193.7 5127.6
v -286.746 0 -123.96
vt 11289.2 4880.31
v -288.504 0 -124.617
vt 11358.4 4906.19
v -287.734 0 -126.594
vt 11328.1 4984.03
v -286.545 0 -129.799
vt 11281.3 5110.19
v -286.106 0 -130.982
vt 11264 5156.79
f 1935/6086/1 1936/6087/1 1937/6088/1 1938/6089/1 1939/6090/1 1940/6091/1 

vt 486.792 0
vn 0.932888 0 0.360166
vt 751.872 0
v -284.321 3.36831 -130.241
vt 751.872 132.611
v -286.746 3.36831 -123.96
vt 486.792 132.611
f 1936/6092/1029 1935/6093/1029 1941/6094/1029 1942/6095/1029 

vt 12304.3 0
vn 0.383539 0 -0.923525
vt 12380.4 0
v -286.106 3.36831 -130.982
vt 12380.4 132.611
vt 12304.3 132.611
f 1935/6096/1030 1940/6097/1030 1943/6098/1030 1941/6099/1030 

vt -918.019 0
vn -0.937591 0 -0.347739
vt -868.322 0
v -286.545 3.36831 -129.799
vt -868.322 132.611
vt -918.019 132.611
f 1940/6100/1031 1939/6101/1031 1944/6102/1031 1943/6103/1031 

vt -733.77 0
v -287.734 3.36831 -126.594
vt -733.77 132.611
f 1939/6101/1031 1938/6104/1031 1945/6105/1031 1944/6102/1031 

vt -531.57 0
vn -0.931777 0 -0.36303
vt -448.025 0
v -288.504 3.36831 -124.617
vt -448.025 132.611
vt -531.57 132.611
f 1938/6106/1032 1937/6107/1032 1946/6108/1032 1945/6109/1032 

vt -12357.4 0
vn -0.350278 0 0.936646
vt -12283.5 0
vt -12283.5 132.611
vt -12357.4 132.611
f 1937/6110/1033 1936/6111/1033 1942/6112/1033 1946/6113/1033 

vt -11289.2 4880.31
vt -11193.7 5127.6
vt -11264 5156.79
vt -11281.3 5110.19
vt -11328.1 4984.03
vt -11358.4 4906.19
f 1942/6114/20 1941/6115/20 1943/6116/20 1944/6117/20 1945/6118/20 1946/6119/20 

g Mesh154 G_48_362584551918694 Model

v -280.693 0 -181.784
vt 11050.9 7156.85
v -281.535 0 -180.016
vt 11084.1 7087.25
v -283.949 0 -175.908
vt 11179.1 6925.49
v -278.043 0 -172.929
vt 10946.6 6808.22
v -275.978 0 -176.97
vt 10865.3 6967.3
v -273.281 0 -175.491
vt 10759.1 6909.09
v -276.762 0 -168.387
vt 10896.2 6629.4
v -296.225 0 -177.702
vt 11662.4 6996.15
v -294.478 0 -181.197
vt 11593.6 7133.76
v -293.92 0 -180.914
vt 11571.7 7122.6
v -285.387 0 -176.575
vt 11235.7 6951.78
v -282.203 0 -182.379
vt 11110.4 7180.26
f 1947/6120/1 1948/6121/1 1949/6122/1 1950/6123/1 1951/6124/1 1952/6125/1 1953/6126/1 1954/6127/1 1955/6128/1 1956/6129/1 1957/6130/1 1958/6131/1 

vt 1628.25 0
vn 0.902691 0 0.430289
vt 1705.35 0
v -280.693 2.99002 -181.784
vt 1705.35 117.717
v -281.535 2.99002 -180.016
vt 1628.25 117.717
f 1948/6132/1034 1947/6133/1034 1959/6134/1034 1960/6135/1034 

vt 12904.5 0
vn 0.36633 0 -0.930485
vt 12968.4 0
v -282.203 2.99002 -182.379
vt 12968.4 117.717
vt 12904.5 117.717
f 1947/6136/1035 1958/6137/1035 1961/6138/1035 1959/6139/1035 

vt -950.624 0
vn -0.876707 0 -0.481025
vt -690.011 0
v -285.387 2.99002 -176.575
vt -690.011 117.717
vt -950.624 117.717
f 1958/6140/1036 1957/6141/1036 1962/6142/1036 1961/6143/1036 

vt 13166.2 0
vn 0.453247 0 -0.891385
vt 13543.1 0
v -293.92 2.99002 -180.914
vt 13543.1 117.717
vt 13166.2 117.717
f 1957/6144/1037 1956/6145/1037 1963/6146/1037 1962/6147/1037 

vt 13567.7 0
v -294.478 2.99002 -181.197
vt 13567.7 117.717
f 1956/6145/1037 1955/6148/1037 1964/6149/1037 1963/6146/1037 

vt -1195.81 0
vt -1041.96 0
v -296.225 2.99002 -177.702
vt -1041.96 117.717
vt -1195.81 117.717
f 1955/6150/65 1954/6151/65 1965/6152/65 1964/6153/65 

vt -13540 0
vn -0.431725 0 0.902005
vt -12690.5 0
v -276.762 2.99002 -168.387
vt -12690.5 117.717
vt -13540 117.717
f 1954/6154/1038 1953/6155/1038 1966/6156/1038 1965/6157/1038 

vt 1158.38 0
vn 0.89798 0 0.440036
vt 1469.84 0
v -273.281 2.99002 -175.491
vt 1469.84 117.717
vt 1158.38 117.717
f 1953/6158/1039 1952/6159/1039 1967/6160/1039 1966/6161/1039 

vt 12755.7 0
vn 0.480722 0 -0.876873
vt 12876.8 0
v -275.978 2.99002 -176.97
vt 12876.8 117.717
vt 12755.7 117.717
f 1952/6162/1040 1951/6163/1040 1968/6164/1040 1967/6165/1040 

vt -1259.53 0
vn -0.890453 0 -0.455075
vt -1080.88 0
v -278.043 2.99002 -172.929
vt -1080.88 117.717
vt -1259.53 117.717
f 1951/6166/1041 1950/6167/1041 1969/6168/1041 1968/6169/1041 

vt 12839.7 0
vn 0.450317 0 -0.892869
vt 13100.1 0
v -283.949 2.99002 -175.908
vt 13100.1 117.717
vt 12839.7 117.717
f 1950/6170/1042 1949/6171/1042 1970/6172/1042 1969/6173/1042 

vt 308.474 0
vn 0.862211 0 0.506549
vt 496.081 0
vt 496.081 117.717
vt 308.474 117.717
f 1949/6174/1043 1948/6175/1043 1960/6176/1043 1970/6177/1043 

vt -11084.1 7087.25
vt -11050.9 7156.85
vt -11110.4 7180.26
vt -11235.7 6951.78
vt -11571.7 7122.6
vt -11593.6 7133.76
vt -11662.4 6996.15
vt -10896.2 6629.4
vt -10759.1 6909.09
vt -10865.3 6967.3
vt -10946.6 6808.22
vt -11179.1 6925.49
f 1960/6178/20 1959/6179/20 1961/6180/20 1962/6181/20 1963/6182/20 1964/6183/20 1965/6184/20 1966/6185/20 1967/6186/20 1968/6187/20 1969/6188/20 1970/6189/20 

g Mesh155 G_32_11226728581779 Model

v -279.272 0 -184.764
vt 10995 7274.16
v -293.527 0 -181.775
vt 11556.2 7156.5
v -296.275 0 -183.213
vt 11664.4 7213.12
v -295.916 0 -183.701
vt 11650.2 7232.33
v -298.09 0 -185.001
vt 11735.8 7283.51
v -292.559 0 -194.151
vt 11518.1 7643.74
v -290.706 0 -193.27
vt 11445.1 7609.04
v -285.596 0 -203.156
vt 11243.9 7998.27
v -277.09 0 -191.607
vt 10909 7543.58
v -279.671 0 -186.998
vt 11010.7 7362.11
v -278.99 0 -186.715
vt 10983.9 7350.99
v -279.863 0 -185.097
vt 11018.2 7287.3
f 1971/6190/1 1947/6120/1 1958/6131/1 1957/6130/1 1956/6129/1 1972/6191/1 1973/6192/1 1974/6193/1 1975/6194/1 1976/6195/1 1977/6196/1 1978/6197/1 1670/5279/1 1669/5278/1 1668/5277/1 1667/5276/1 1666/5275/1 1979/6198/1 1980/6199/1 1981/6200/1 1982/6201/1 

vt 1835.3 0
v -279.272 4.1079 -184.764
vt 1835.3 161.728
v -280.693 4.1079 -181.784
vt 1705.35 161.728
f 1947/6133/1034 1971/6202/1034 1983/6203/1034 1984/6204/1034 

vt 13151.1 0
vn 0.492057 0 -0.870563
vt 13177.8 0
v -279.863 4.1079 -185.097
vt 13177.8 161.728
vt 13151.1 161.728
f 1971/6205/1044 1982/6206/1044 1985/6207/1044 1983/6208/1044 

vt 1180.07 0
vn 0.880022 0 0.474933
vt 1252.44 0
v -278.99 4.1079 -186.715
vt 1252.44 161.728
vt 1180.07 161.728
f 1982/6209/1045 1981/6210/1045 1986/6211/1045 1985/6212/1045 

vt 12962.8 0
vn 0.383378 0 -0.923592
vt 12991.8 0
v -279.671 4.1079 -186.998
vt 12991.8 161.728
vt 12962.8 161.728
f 1981/6213/1046 1980/6214/1046 1987/6215/1046 1986/6216/1046 

vt 1044.77 0
vn 0.872547 0 0.488529
vt 1252.74 0
v -277.09 4.1079 -191.607
vt 1252.74 161.728
vt 1044.77 161.728
f 1980/6217/1047 1979/6218/1047 1988/6219/1047 1987/6220/1047 

vt -13181.5 0
v -276.918 4.1079 -191.515
vt -13173.8 161.728
vt -13181.5 161.728
f 1979/6221/903 1666/5289/903 1989/6222/903 1988/6223/903 

vt 1459.6 0
vn 0.880099 0 0.47479
vt 1490.87 0
v -276.541 4.1079 -192.214
vt 1490.87 161.728
vt 1459.6 161.728
f 1666/6224/1048 1667/6225/1048 1990/6226/1048 1989/6227/1048 

vt 13212.3 0
vn 0.499792 0 -0.866145
vt 13420.6 0
v -281.125 4.1079 -194.859
vt 13420.6 161.728
vt 13212.3 161.728
f 1667/6228/1049 1668/6229/1049 1991/6230/1049 1990/6231/1049 

vt 1973.38 0
vn 0.896479 0 0.443087
vt 2169.6 0
v -278.916 4.1079 -199.327
vt 2169.6 161.728
vt 1973.38 161.728
f 1668/6232/1050 1669/6233/1050 1992/6234/1050 1991/6235/1050 

vt 13442.5 0
vn 0.506174 0 -0.862432
vt 13671 0
v -283.92 4.1079 -202.264
vt 13671 161.728
vt 13442.5 161.728
f 1669/6236/1051 1670/6237/1051 1993/6238/1051 1992/6239/1051 

vt 13609.2 0
vn 0.470062 0 -0.882634
vt 13684 0
v -285.596 4.1079 -203.156
vt 13684 161.728
vt 13609.2 161.728
f 1670/6240/1052 1978/6241/1052 1994/6242/1052 1993/6243/1052 

vt -1942.35 0
vn -0.888347 0 -0.459172
vt -1504.2 0
v -290.706 4.1079 -193.27
vt -1504.2 161.728
vt -1942.35 161.728
f 1978/6244/1053 1977/6245/1053 1995/6246/1053 1994/6247/1053 

vt 13604 0
vn 0.429578 0 -0.90303
vt 13684.7 0
v -292.559 4.1079 -194.151
vt 13684.7 161.728
vt 13604 161.728
f 1977/6248/1054 1976/6249/1054 1996/6250/1054 1995/6251/1054 

vt -583.244 0
vn -0.855804 0 -0.517301
vt -162.309 0
v -298.09 4.1079 -185.001
vt -162.309 161.728
vt -583.244 161.728
f 1976/6252/1055 1975/6253/1055 1997/6254/1055 1996/6255/1055 

vt -13810.4 0
vn -0.513194 0 0.858273
vt -13710.7 0
v -295.916 4.1079 -183.701
vt -13710.7 161.728
vt -13810.4 161.728
f 1975/6256/1056 1974/6257/1056 1998/6258/1056 1997/6259/1056 

vt 1088.47 0
vn -0.805056 0 -0.593199
vt 1112.33 0
v -296.275 4.1079 -183.213
vt 1112.33 161.728
vt 1088.47 161.728
f 1974/6260/1057 1973/6261/1057 1999/6262/1057 1998/6263/1057 

vt -13679.3 0
vn -0.463698 0 0.885994
vt -13557.2 0
v -293.527 4.1079 -181.775
vt -13557.2 161.728
vt -13679.3 161.728
f 1973/6264/1058 1972/6265/1058 2000/6266/1058 1999/6267/1058 

vt -1717.74 0
vn -0.909896 0 -0.414837
vt -1680.47 0
v -293.92 4.1079 -180.914
vt -1680.47 161.728
vt -1717.74 161.728
f 1972/6268/1059 1956/6269/1059 2001/6270/1059 2000/6271/1059 

vt -13543.1 0
vn -0.453247 0 0.891385
vt -13166.2 0
v -285.387 4.1079 -176.575
vt -13166.2 161.728
vt -13543.1 161.728
f 1956/6272/1060 1957/6273/1060 2002/6274/1060 2001/6275/1060 

vt 690.011 0
vn 0.876707 0 0.481025
vt 950.624 0
v -282.203 4.1079 -182.379
vt 950.624 161.728
vt 690.011 161.728
f 1957/6276/1061 1958/6277/1061 2003/6278/1061 2002/6279/1061 

vt -12968.4 0
vn -0.36633 0 0.930485
vt -12904.5 0
vt -12904.5 161.728
vt -12968.4 161.728
f 1958/6280/1062 1947/6281/1062 1984/6282/1062 2003/6283/1062 

vt -10995 7274.16
vt -11018.2 7287.3
vt -10983.9 7350.99
vt -11010.7 7362.11
vt -10909 7543.58
vt -11243.9 7998.27
vt -11445.1 7609.04
vt -11518.1 7643.74
vt -11735.8 7283.51
vt -11650.2 7232.33
vt -11664.4 7213.12
vt -11556.2 7156.5
f 1984/6179/20 1983/6284/20 1985/6285/20 1986/6286/20 1987/6287/20 1988/6288/20 1989/5326/20 1990/5325/20 1991/5334/20 1992/5333/20 1993/5332/20 1994/6289/20 1995/6290/20 1996/6291/20 1997/6292/20 1998/6293/20 1999/6294/20 2000/6295/20 2001/6182/20 2002/6181/20 2003/6180/20 

g Mesh156 G_21_815521776731934 Model

v -51.8943 0 -15.5812
vt 2043.08 613.433
v -45.6798 0 -12.8232
vt 1798.42 504.849
v -48.0855 0 -7.57607
vt 1893.13 298.271
v -48.5477 0 -6.56176
vt 1911.33 258.337
v -55.0188 0 -9.34791
vt 2166.1 368.028
v -54.4154 0 -10.7474
vt 2142.34 423.127
v -55.5196 0 -11.2738
vt 2185.81 443.852
v -55.327 0 -11.7489
vt 2178.23 462.555
v -56.8934 0 -12.2368
vt 2239.9 481.763
v -55.7535 0 -14.9603
vt 2195.02 588.987
v -52.6339 0 -13.5833
vt 2072.2 534.777
f 2004/6296/1 2005/6297/1 2006/6298/1 2007/6299/1 2008/6300/1 2009/6301/1 2010/6302/1 2011/6303/1 2012/6304/1 2013/6305/1 2014/6306/1 

vt 1848.6 0
vn 0.405647 0 -0.91403
vt 2116.28 0
v -51.8943 2.72217 -15.5812
vt 2116.28 107.172
v -45.6798 2.72217 -12.8232
vt 1848.6 107.172
f 2005/6307/1063 2004/6308/1063 2015/6309/1063 2016/6310/1063 

vt 133.966 0
vn -0.937811 0 -0.347147
vt 217.839 0
v -52.6339 2.72217 -13.5833
vt 217.839 107.172
vt 133.966 107.172
f 2004/6311/1064 2014/6312/1064 2017/6313/1064 2015/6314/1064 

vt 2111.69 0
vn 0.403799 0 -0.914848
vt 2245.94 0
v -55.7535 2.72217 -14.9603
vt 2245.94 107.172
vt 2111.69 107.172
f 2014/6315/1065 2013/6316/1065 2018/6317/1065 2017/6318/1065 

vt 304.12 0
vn -0.922468 0 -0.386074
vt 420.356 0
v -56.8934 2.72217 -12.2368
vt 420.356 107.172
vt 304.12 107.172
f 2013/6319/1066 2012/6320/1066 2019/6321/1066 2018/6322/1066 

vt -2281.83 0
vn -0.297384 0 0.954758
vt -2217.24 0
v -55.327 2.72217 -11.7489
vt -2217.24 107.172
vt -2281.83 107.172
f 2012/6323/1067 2011/6324/1067 2020/6325/1067 2019/6326/1067 

vt 389.703 0
vn -0.926739 0 -0.375705
vt 409.885 0
v -55.5196 2.72217 -11.2738
vt 409.885 107.172
vt 389.703 107.172
f 2011/6327/1068 2010/6328/1068 2021/6329/1068 2020/6330/1068 

vt -2164.06 0
vn -0.430341 0 0.902666
vt -2115.9 0
v -54.4154 2.72217 -10.7474
vt -2115.9 107.172
vt -2164.06 107.172
f 2010/6331/1069 2009/6332/1069 2022/6333/1069 2021/6334/1069 

vt 459.717 0
vn -0.918271 0 -0.395952
vt 519.72 0
v -55.0188 2.72217 -9.34791
vt 519.72 107.172
vt 459.717 107.172
f 2009/6335/1070 2008/6336/1070 2023/6337/1070 2022/6338/1070 

vt -2135.06 0
vt -1857.69 0
v -48.5477 2.72217 -6.56176
vt -1857.69 107.172
vt -2135.06 107.172
f 2008/6339/476 2007/6340/476 2024/6341/476 2023/6342/476 

vt -557.493 0
vn 0.909972 0 0.414671
vt -513.608 0
v -48.0855 2.72217 -7.57607
vt -513.608 107.172
vt -557.493 107.172
f 2007/6343/1071 2006/6344/1071 2025/6345/1071 2024/6346/1071 

vt -517.882 0
vn 0.909009 0 0.416777
vt -290.625 0
vt -290.625 107.172
vt -517.882 107.172
f 2006/6347/1072 2005/6348/1072 2016/6349/1072 2025/6350/1072 

vt -1798.42 504.849
vt -2043.08 613.433
vt -2072.2 534.777
vt -2195.02 588.987
vt -2239.9 481.763
vt -2178.23 462.555
vt -2185.81 443.852
vt -2142.34 423.127
vt -2166.1 368.028
vt -1911.33 258.337
vt -1893.13 298.271
f 2016/6351/20 2015/6352/20 2017/6353/20 2018/6354/20 2019/6355/20 2020/6356/20 2021/6357/20 2022/6358/20 2023/6359/20 2024/6360/20 2025/6361/20 

g Mesh157 G_28_005741963958204 Model

v -102.448 0 36.5306
vt 4033.37 -1438.21
v -106.864 0 35.9143
vt 4207.26 -1413.95
v -105.889 0 28.1079
vt 4168.85 -1106.61
v -120.423 0 26.3104
vt 4741.06 -1035.84
v -121.459 0 34.4808
vt 4781.84 -1357.51
v -123.382 0 34.234
vt 4857.58 -1347.79
v -122.176 0 24.2192
vt 4810.06 -953.512
v -100.4 0 26.3505
vt 3952.75 -1037.42
v -96.1371 0 36.2626
vt 3784.93 -1427.66
v -97.9603 0 52.1835
vt 3856.71 -2054.47
v -104.11 0 51.4388
vt 4098.84 -2025.15
f 1828/5759/1 1827/5758/1 2026/6362/1 2027/6363/1 2028/6364/1 2029/6365/1 2030/6366/1 2031/6367/1 2032/6368/1 2033/6369/1 1103/3542/1 1102/3541/1 1101/3540/1 2034/6370/1 2035/6371/1 2036/6372/1 

vt 2266.75 0
vn -0.993964 0 -0.109711
vt 2444.4 0
v -104.043 3.52313 50.9809
vt 2444.4 138.706
v -103.548 3.52313 46.4957
vt 2266.75 138.706
f 1827/6373/1073 1828/6374/1073 2037/6375/1073 2038/6376/1073 

vt 2584.83 0
vn -0.989239 0 -0.14631
vt 2603.06 0
v -104.11 3.52313 51.4388
vt 2603.06 138.706
vt 2584.83 138.706
f 1828/6377/1074 2036/6378/1074 2039/6379/1074 2037/6380/1074 

vt -3825.68 0
vn -0.120208 0 0.992749
vt -3581.78 0
v -97.9603 3.52313 52.1835
vt -3581.78 138.706
vt -3825.68 138.706
f 2036/6381/1075 2035/6382/1075 2040/6383/1075 2039/6384/1075 

vt -2479.92 0
vn 0.993507 0 0.113773
vt -1849.01 0
v -96.1371 3.52313 36.2626
vt -1849.01 138.706
vt -2479.92 138.706
f 2035/6385/1076 2034/6386/1076 2041/6387/1076 2040/6388/1076 

vt 3736.93 0
vn 0.0322413 0 -0.99948
vt 3799.64 0
v -97.7292 3.52313 36.2112
vt 3799.64 138.706
vt 3736.93 138.706
f 2034/6389/1077 1101/6390/1077 2042/6391/1077 2041/6392/1077 

vt 3722.81 0
vn 0.0790826 0 -0.996868
vt 3870.63 0
v -101.472 3.52313 35.9143
vt 3870.63 138.706
vt 3722.81 138.706
f 1101/6393/1078 1102/6394/1078 2043/6395/1078 2042/6396/1078 

vt -1839.65 0
vn 0.99408 0 0.108655
vt -1609.36 0
v -100.836 3.52313 30.0997
vt -1609.36 138.706
vt -1839.65 138.706
f 1102/6397/1079 1103/6398/1079 2044/6399/1079 2043/6400/1079 

vt -1636.22 0
vn 0.993289 0 0.115657
vt -1487.62 0
v -100.4 3.52313 26.3505
vt -1487.62 138.706
vt -1636.22 138.706
f 1103/6401/1080 2033/6402/1080 2045/6403/1080 2044/6404/1080 

vt 3832.89 0
vn 0.0974119 0 -0.995244
vt 4694.3 0
v -122.176 3.52313 24.2192
vt 4694.3 138.706
vt 3832.89 138.706
f 2033/6405/1081 2032/6406/1081 2046/6407/1081 2045/6408/1081 

vt 1522.17 0
vn -0.992816 0 -0.119647
vt 1919.31 0
v -123.382 3.52313 34.234
vt 1919.31 138.706
vt 1522.17 138.706
f 2032/6409/1082 2031/6410/1082 2047/6411/1082 2046/6412/1082 

vt -4646.51 0
vn -0.127285 0 0.991866
vt -4570.15 0
v -121.459 3.52313 34.4808
vt -4570.15 138.706
vt -4646.51 138.706
f 2031/6413/1083 2030/6414/1083 2048/6415/1083 2047/6416/1083 

vt -1948.08 0
vn 0.992061 0 0.125755
vt -1623.83 0
v -120.423 3.52313 26.3104
vt -1623.83 138.706
vt -1948.08 138.706
f 2030/6417/1084 2029/6418/1084 2049/6419/1084 2048/6420/1084 

vt -4578.07 0
vn -0.12274 0 0.992439
vt -4001.5 0
v -105.889 3.52313 28.1079
vt -4001.5 138.706
vt -4578.07 138.706
f 2029/6421/1085 2028/6422/1085 2050/6423/1085 2049/6424/1085 

vt 1615.15 0
vn -0.992278 0 -0.124035
vt 1924.88 0
v -106.864 3.52313 35.9143
vt 1924.88 138.706
vt 1615.15 138.706
f 2028/6425/1086 2027/6426/1086 2051/6427/1086 2050/6428/1086 

vt -3971.49 0
vn -0.138196 0 0.990405
vt -3795.92 0
v -102.448 3.52313 36.5306
vt -3795.92 138.706
vt -3971.49 138.706
f 2027/6429/1087 2026/6430/1087 2052/6431/1087 2051/6432/1087 

vt 1872.04 0
vt 1872.04 138.706
f 2026/6433/1073 1827/6373/1073 2038/6376/1073 2052/6434/1073 

vt -4098.84 -2025.15
vt -3856.71 -2054.47
vt -3784.93 -1427.66
vt -3952.75 -1037.42
vt -4810.06 -953.512
vt -4857.58 -1347.79
vt -4781.84 -1357.51
vt -4741.06 -1035.84
vt -4168.85 -1106.61
vt -4207.26 -1413.95
vt -4033.37 -1438.21
f 2038/5777/20 2037/5780/20 2039/6435/20 2040/6436/20 2041/6437/20 2042/3561/20 2043/3560/20 2044/3563/20 2045/6438/20 2046/6439/20 2047/6440/20 2048/6441/20 2049/6442/20 2050/6443/20 2051/6444/20 2052/6445/20 

g Mesh158 G_33_95342268169165 Model

v -258.19 0 -221.948
vt 10165 8738.12
v -258.094 0 -222.136
vt 10161.2 8745.5
v -256.572 0 -225.107
vt 10101.3 8862.47
f 318/955/1 535/1640/1 534/1639/1 2053/6446/1 2054/6447/1 2055/6448/1 320/957/1 319/956/1 

vt -13143.3 0
v -255.707 2.76239 -219.1
vt -12997.2 108.756
v -258.945 2.76239 -220.912
vt -13143.3 108.756
f 535/6449/175 318/1029/175 2056/6450/175 2057/6451/175 

vt 2969.8 0
vn 0.885827 0 0.464016
vt 3171.69 0
v -253.327 2.76239 -223.643
vt 3171.69 108.756
vt 2969.8 108.756
f 318/6452/1088 319/6453/1088 2058/6454/1088 2056/6455/1088 

vt 12634.1 0
vn 0.393607 0 -0.919279
vt 12682.9 0
v -254.467 2.76239 -224.131
vt 12682.9 108.756
vt 12634.1 108.756
f 319/6456/1089 320/6457/1089 2059/6458/1089 2058/6459/1089 

vt 12799.9 0
vn 0.420461 0 -0.907311
vt 12891.3 0
v -256.572 2.76239 -225.107
vt 12891.3 108.756
vt 12799.9 108.756
f 320/6460/1090 2055/6461/1090 2060/6462/1090 2059/6463/1090 

vt -3283.05 0
vn -0.890043 0 -0.455876
vt -3151.63 0
v -258.094 2.76239 -222.136
vt -3151.63 108.756
vt -3283.05 108.756
f 2055/6464/1091 2054/6465/1091 2061/6466/1091 2060/6467/1091 

vt -3143.34 0
v -258.19 2.76239 -221.948
vt -3143.34 108.756
f 2054/6465/1091 2053/6468/1091 2062/6469/1091 2061/6466/1091 

vt 12946.8 0
v -258.374 2.76239 -222.037
vt 12954.8 108.756
vt 12946.8 108.756
f 2053/6470/273 534/1676/273 2063/6471/273 2062/6472/273 

vt -3189.9 0
vn -0.891673 0 -0.452679
vt -3140.25 0
vt -3140.25 108.756
vt -3189.9 108.756
f 534/6473/1092 535/6474/1092 2057/6475/1092 2063/6476/1092 

vt -10101.3 8862.47
vt -10161.2 8745.5
vt -10165 8738.12
f 2057/1684/20 2056/1068/20 2058/1067/20 2059/1066/20 2060/6477/20 2061/6478/20 2062/6479/20 2063/1685/20 

g Mesh159 G_31_593997439720518 Model

v -259.769 0 -211.51
vt 10227.1 8327.15
f 535/1640/1 318/955/1 317/954/1 316/953/1 2064/6480/1 536/1641/1 

vt 12997.2 0
vn 0.4882 0 -0.872732
vt 13143.3 0
v -258.945 3.55878 -220.912
vt 13143.3 140.11
v -255.707 3.55878 -219.1
vt 12997.2 140.11
f 318/6481/1093 535/6482/1093 2065/6483/1093 2066/6484/1093 

vt -2800.3 0
v -262.854 3.55878 -213.213
vt -2800.3 140.11
vt -3140.25 140.11
f 535/6474/1092 536/6485/1092 2067/6486/1092 2065/6487/1092 

vt -12978 0
v -259.769 3.55878 -211.51
vt -12978 140.11
vt -13116.7 140.11
f 536/1667/282 2064/6488/282 2068/6489/282 2067/6490/282 

vt -686.642 0
vn 0.741536 0 0.670913
vt -572.12 0
v -257.818 3.55878 -213.667
vt -572.12 140.11
vt -686.642 140.11
f 2064/6491/1094 316/6492/1094 2069/6493/1094 2068/6494/1094 

vt 3067.48 0
vn 0.897296 0 0.44143
vt 3295.07 0
v -255.266 3.55878 -218.854
vt 3295.07 140.11
vt 3067.48 140.11
f 316/6495/1095 317/6496/1095 2070/6497/1095 2069/6498/1095 

vt 12977.3 0
vt 12977.3 140.11
f 317/6499/1093 318/6481/1093 2066/6484/1093 2070/6500/1093 

vt -10227.1 8327.15
f 2066/1068/20 2065/1684/20 2067/1683/20 2068/6501/20 2069/1070/20 2070/1069/20 

g Mesh160 G_15_624347622756677 Model

v -147.103 0 -205.722
vt 5791.47 8099.3
v -148.079 0 -203.873
vt 5829.89 8026.51
v -150.84 0 -205.247
vt 5938.57 8080.6
f 733/2285/1 732/2284/1 761/2366/1 2071/6502/1 2072/6503/1 2073/6504/1 

vt -3136.43 0
vn -0.80975 0 -0.586775
vt -3105.09 0
v -150.3 2.55128 -206.313
vt -3105.09 100.444
v -149.833 2.55128 -206.957
vt -3136.43 100.444
f 732/6505/1096 733/6506/1096 2074/6507/1096 2075/6508/1096 

vt -4575.76 0
vn -0.892267 0 -0.451509
vt -4528.74 0
v -150.84 2.55128 -205.247
vt -4528.74 100.444
vt -4575.76 100.444
f 733/6509/1097 2073/6510/1097 2076/6511/1097 2074/6512/1097 

vt -8916.84 0
vn -0.445547 0 0.895258
vt -8795.45 0
v -148.079 2.55128 -203.873
vt -8795.45 100.444
vt -8916.84 100.444
f 2073/6513/1098 2072/6514/1098 2077/6515/1098 2076/6516/1098 

vt 4377.38 0
vn 0.884385 0 0.466759
vt 4459.68 0
v -147.103 2.55128 -205.722
vt 4459.68 100.444
vt 4377.38 100.444
f 2072/6517/1099 2071/6518/1099 2078/6519/1099 2077/6520/1099 

vt 9066.88 0
vn 0.50035 0 -0.865823
vt 9183.06 0
v -149.658 2.55128 -207.199
vt 9183.06 100.444
vt 9066.88 100.444
f 2071/6521/1100 761/6522/1100 2079/6523/1100 2078/6524/1100 

vt -3148.17 0
vt -3148.17 100.444
f 761/6525/1096 732/6505/1096 2075/6508/1096 2079/6526/1096 

vt -5938.57 8080.6
vt -5829.89 8026.51
vt -5791.47 8099.3
f 2075/2339/20 2074/2338/20 2076/6527/20 2077/6528/20 2078/6529/20 2079/2410/20 

g Mesh161 G_33_262478049452966 Model

v -39.1974 0 -63.105
vt 1543.21 2484.45
v -33.8393 0 -72.0273
vt 1332.26 2835.72
f 2080/6530/1 2081/6531/1 176/512/1 175/511/1 174/510/1 173/509/1 172/508/1 171/507/1 

vt -1745.15 0
vn -0.857292 0 -0.514831
vt -1335.41 0
v -39.1974 4.22336 -63.105
vt -1335.41 166.274
v -33.8393 4.22336 -72.0273
vt -1745.15 166.274
f 2081/6532/1101 2080/6533/1101 2082/6534/1101 2083/6535/1101 

vt -1443.4 0
v -41.701 4.22336 -58.5096
vt -1237.37 166.274
vt -1443.4 166.274
f 2080/6536/95 171/546/95 2084/6537/95 2082/6538/95 

vt -2538.96 0
vn -0.475031 0 0.879969
vt -2260.07 0
v -35.4676 4.22336 -55.1446
vt -2260.07 166.274
vt -2538.96 166.274
f 171/6539/1102 172/6540/1102 2085/6541/1102 2084/6542/1102 

vt 1252.82 0
vn 0.88116 0 0.472818
vt 1817.3 0
v -28.6883 4.22336 -67.7786
vt 1817.3 166.274
vt 1252.82 166.274
f 172/6543/1103 173/6544/1103 2086/6545/1103 2085/6546/1103 

vt 2280.01 0
vn 0.484061 0 -0.875034
vt 2307.16 0
v -29.2918 4.22336 -68.1124
vt 2307.16 166.274
vt 2280.01 166.274
f 173/6547/1104 174/6548/1104 2087/6549/1104 2086/6550/1104 

vt 1854.17 0
vn 0.888655 0 0.458577
vt 2049.28 0
v -27.0192 4.22336 -72.5164
vt 2049.28 166.274
vt 1854.17 166.274
f 174/6551/1105 175/6552/1105 2088/6553/1105 2087/6554/1105 

vt 2291.08 0
vn 0.47451 0 -0.88025
vt 2511.59 0
v -31.9496 4.22336 -75.1741
vt 2511.59 166.274
vt 2291.08 166.274
f 175/6555/1106 176/6556/1106 2089/6557/1106 2088/6558/1106 

vt -1889.67 0
vt -1889.67 166.274
f 176/6559/1101 2081/6532/1101 2083/6535/1101 2089/6560/1101 

vt -1332.26 2835.72
vt -1543.21 2484.45
f 2083/6561/20 2082/6562/20 2084/594/20 2085/593/20 2086/592/20 2087/591/20 2088/590/20 2089/589/20 

g Mesh162 G_23_275775051151435 Model

v -62.5263 0 -46.5386
vt 2461.67 1832.23
v -60.4948 0 -50.9156
vt 2381.69 2004.55
v -60.36 0 -51.3136
vt 2376.38 2020.22
v -52.9132 0 -45.9532
vt 2083.19 1809.18
v -54.8313 0 -41.666
vt 2158.71 1640.39
v -61.0052 0 -44.5392
vt 2401.78 1753.51
v -61.3262 0 -43.8844
vt 2414.42 1727.73
v -61.7492 0 -44.0796
vt 2431.07 1735.42
v -63.3291 0 -44.8088
vt 2493.27 1764.13
f 2090/6563/1 2091/6564/1 2092/6565/1 2093/6566/1 2094/6567/1 2095/6568/1 2096/6569/1 2097/6570/1 2098/6571/1 

vt -815.585 0
vn -0.907064 0 -0.420992
vt -625.605 0
v -62.5263 3.84978 -46.5386
vt -625.605 151.566
v -60.4948 3.84978 -50.9156
vt -815.585 151.566
f 2091/6572/1107 2090/6573/1107 2099/6574/1107 2100/6575/1107 

vt -550.529 0
v -63.3291 3.84978 -44.8088
vt -550.529 151.566
f 2090/6573/1107 2098/6576/1107 2101/6577/1107 2099/6574/1107 

vt -3003.06 0
vn -0.419058 0 0.907959
vt -2934.55 0
v -61.7492 3.84978 -44.0796
vt -2934.55 151.566
vt -3003.06 151.566
f 2098/6578/1108 2097/6579/1108 2102/6580/1108 2101/6581/1108 

vt -2916.21 0
v -61.3262 3.84978 -43.8844
vt -2916.21 151.566
f 2097/6579/1108 2096/6582/1108 2103/6583/1108 2102/6580/1108 

vt 488.644 0
vn 0.897921 0 0.440157
vt 517.354 0
v -61.0052 3.84978 -44.5392
vt 517.354 151.566
vt 488.644 151.566
f 2096/6584/1109 2095/6585/1109 2104/6586/1109 2103/6587/1109 

vt -2917.38 0
vn -0.421928 0 0.906629
vt -2649.28 0
v -54.8313 3.84978 -41.666
vt -2649.28 151.566
vt -2917.38 151.566
f 2095/6588/1110 2094/6589/1110 2105/6590/1110 2104/6591/1110 

vt 615.739 0
vn 0.912803 0 0.4084
vt 800.649 0
v -52.9132 3.84978 -45.9532
vt 800.649 151.566
vt 615.739 151.566
f 2094/6592/1111 2093/6593/1111 2106/6594/1111 2105/6595/1111 

vt 2747.67 0
vn 0.584213 0 -0.811601
vt 3108.91 0
v -60.36 3.84978 -51.3136
vt 3108.91 151.566
vt 2747.67 151.566
f 2093/6596/1112 2092/6597/1112 2107/6598/1112 2106/6599/1112 

vt -1151.08 0
vn -0.947145 0 -0.320807
vt -1134.54 0
vt -1134.54 151.566
vt -1151.08 151.566
f 2092/6600/1113 2091/6601/1113 2100/6602/1113 2107/6603/1113 

vt -2381.69 2004.55
vt -2461.67 1832.23
vt -2493.27 1764.13
vt -2431.07 1735.42
vt -2414.42 1727.73
vt -2401.78 1753.51
vt -2158.71 1640.39
vt -2083.19 1809.18
vt -2376.38 2020.22
f 2100/6604/20 2099/6605/20 2101/6606/20 2102/6607/20 2103/6608/20 2104/6609/20 2105/6610/20 2106/6611/20 2107/6612/20 

g Mesh163 G_32_179465195190076 Model

v -69.5755 0 -50.195
vt 2739.19 1976.18
v -69.4916 0 -50.393
vt 2735.89 1983.98
v -68.7025 0 -52.2557
vt 2704.82 2057.31
v -66.3792 0 -51.3762
vt 2613.35 2022.69
v -63.3099 0 -50.2142
vt 2492.52 1976.94
v -64.1042 0 -48.0016
vt 2523.79 1889.83
f 2108/6613/1 2109/6614/1 2110/6615/1 2111/6616/1 2112/6617/1 2113/6618/1 

vt -759.494 0
vn -0.920769 0 -0.390108
vt -751.025 0
v -69.5755 3.9732 -50.195
vt -751.025 156.425
v -69.4916 3.9732 -50.393
vt -759.494 156.425
f 2109/6619/1114 2108/6620/1114 2114/6621/1114 2115/6622/1114 

vt -3277.83 0
vn -0.372096 0 0.928194
vt -3045.76 0
v -64.1042 3.9732 -48.0016
vt -3045.76 156.425
vt -3277.83 156.425
f 2108/6623/1115 2113/6624/1115 2116/6625/1115 2114/6626/1115 

vt 925.997 0
vn 0.941195 0 0.337865
vt 1018.55 0
v -63.3099 3.9732 -50.2142
vt 1018.55 156.425
vt 925.997 156.425
f 2113/6627/1116 2112/6628/1116 2117/6629/1116 2116/6630/1116 

vt 3031 0
vn 0.35405 0 -0.935226
vt 3160.21 0
v -66.3792 3.9732 -51.3762
vt 3160.21 156.425
vt 3031 156.425
f 2112/6631/1117 2111/6632/1117 2118/6633/1117 2117/6634/1117 

vt 3258.01 0
v -68.7025 3.9732 -52.2557
vt 3258.01 156.425
f 2111/6632/1117 2110/6635/1117 2119/6636/1117 2118/6633/1117 

vt -839.138 0
vt -839.138 156.425
f 2110/6637/1114 2109/6619/1114 2115/6622/1114 2119/6638/1114 

vt -2735.89 1983.98
vt -2739.19 1976.18
vt -2523.79 1889.83
vt -2492.52 1976.94
vt -2613.35 2022.69
vt -2704.82 2057.31
f 2115/6639/20 2114/6640/20 2116/6641/20 2117/6642/20 2118/6643/20 2119/6644/20 

g Mesh164 G_19_586579328282387 Model

v -69.0571 0 -36.0503
vt 2718.78 1419.3
v -76.9614 0 -31.3162
vt 3029.98 1232.92
v -74.676 0 -37.967
vt 2940 1494.76
f 2120/6645/1 1791/5646/1 1790/5645/1 1789/5644/1 2121/6646/1 2122/6647/1 

vt 98.2349 0
v -69.0571 3.25561 -36.0503
vt 98.2349 128.174
v -71.5887 3.25561 -30.7973
vt -131.34 128.174
f 1791/5667/965 2120/6648/965 2123/6649/965 2124/6650/965 

vt 3031.42 0
vn 0.322858 0 -0.946447
vt 3265.15 0
v -74.676 3.25561 -37.967
vt 3265.15 128.174
vt 3031.42 128.174
f 2120/6651/1118 2122/6652/1118 2125/6653/1118 2123/6654/1118 

vt -458.197 0
vn -0.945722 0 -0.324978
vt -181.325 0
v -76.9614 3.25561 -31.3162
vt -181.325 128.174
vt -458.197 128.174
f 2122/6655/1119 2121/6656/1119 2126/6657/1119 2125/6658/1119 

vt -3271.13 0
v -75.8393 3.25561 -30.8499
vt -3223.29 128.174
vt -3271.13 128.174
f 2121/6659/961 1789/5650/961 2127/6660/961 2126/6661/961 

vt -172.387 0
vn 0.904819 0 0.425797
vt -110.825 0
v -75.1735 3.25561 -32.2647
vt -110.825 128.174
vt -172.387 128.174
f 1789/6662/1120 1790/6663/1120 2128/6664/1120 2127/6665/1120 

vt -3220.21 0
vn -0.378836 0 0.925464
vt -3067.71 0
vt -3067.71 128.174
vt -3220.21 128.174
f 1790/6666/1121 1791/6667/1121 2124/6668/1121 2128/6669/1121 

vt -2718.78 1419.3
vt -2940 1494.76
vt -3029.98 1232.92
f 2124/5683/20 2123/6670/20 2125/6671/20 2126/6672/20 2127/5678/20 2128/5684/20 

g Mesh165 G_17_08717012020688 Model

v -69.5755 0 -27.726
vt 2739.19 1091.57
v -68.9592 0 -27.4435
vt 2714.93 1080.45
v -70.0378 0 -25.646
vt 2757.39 1009.68
v -69.4632 0 -25.3844
vt 2734.77 999.385
v -70.4133 0 -23.3557
vt 2772.18 919.517
v -76.8844 0 -26.3345
vt 3026.94 1036.79
f 1788/5643/1 1794/5649/1 1803/5686/1 2129/6673/1 2130/6674/1 2131/6675/1 2132/6676/1 2133/6677/1 2134/6678/1 

vt 3048.49 0
vn 0.391059 0 -0.920365
vt 3186.53 0
v -74.9842 2.30038 -30.4945
vt 3186.53 90.5661
v -71.757 2.30038 -29.1233
vt 3048.49 90.5661
f 1794/6679/1122 1788/6680/1122 2135/6681/1122 2136/6682/1122 

vt 134.561 0
vn -0.909596 0 -0.415494
vt 314.618 0
v -76.8844 2.30038 -26.3345
vt 314.618 90.5661
vt 134.561 90.5661
f 1788/6683/1123 2134/6684/1123 2137/6685/1123 2135/6686/1123 

vt -3183.15 0
vn -0.418144 0 0.908381
vt -2902.68 0
v -70.4133 2.30038 -23.3557
vt -2902.68 90.5661
vt -3183.15 90.5661
f 2134/6687/1124 2133/6688/1124 2138/6689/1124 2137/6690/1124 

vt -343.08 0
vn 0.905597 0 0.42414
vt -254.887 0
v -69.4632 2.30038 -25.3844
vt -254.887 90.5661
vt -343.08 90.5661
f 2133/6691/1125 2132/6692/1125 2139/6693/1125 2138/6694/1125 

vt 2903.05 0
vn 0.414377 0 -0.910105
vt 2927.91 0
v -70.0378 2.30038 -25.646
vt 2927.91 90.5661
vt 2903.05 90.5661
f 2132/6695/1126 2131/6696/1126 2140/6697/1126 2139/6698/1126 

vt -552.869 0
vn 0.857493 0 0.514496
vt -470.34 0
v -68.9592 2.30038 -27.4435
vt -470.34 90.5661
vt -552.869 90.5661
f 2131/6699/1127 2130/6700/1127 2141/6701/1127 2140/6702/1127 

vt 2918.22 0
vn 0.416655 0 -0.909065
vt 2944.91 0
v -69.5755 2.30038 -27.726
vt 2944.91 90.5661
vt 2918.22 90.5661
f 2130/6703/1128 2129/6704/1128 2142/6705/1128 2141/6706/1128 

vt -279.423 0
v -69.3774 2.30038 -28.1122
vt -262.333 90.5661
vt -279.423 90.5661
f 2129/6707/687 1803/5694/687 2143/6708/687 2142/6709/687 

vt 2946.69 0
vt 2946.69 90.5661
f 1803/6710/1122 1794/6679/1122 2136/6682/1122 2143/6711/1122 

vt -3026.94 1036.79
vt -2772.18 919.517
vt -2734.77 999.385
vt -2757.39 1009.68
vt -2714.93 1080.45
vt -2739.19 1091.57
f 2136/5680/20 2135/5679/20 2137/6712/20 2138/6713/20 2139/6714/20 2140/6715/20 2141/6716/20 2142/6717/20 2143/5701/20 

g Mesh166 G_31_523206716916356 Model

v -139.393 0 16.6744
vt 5487.92 -656.473
v -153.689 0 15.1647
vt 6050.74 -597.034
v -154.955 0 15.031
vt 6100.58 -591.771
v -138.623 0 8.76533
vt 5457.59 -345.092
f 2144/6718/1 2145/6719/1 2146/6720/1 1147/3658/1 1146/3657/1 1145/3656/1 2147/6721/1 

vt -5954.57 0
vn -0.105026 0 0.994469
vt -5388.62 0
v -139.393 3.67817 16.6744
vt -5388.62 144.81
v -153.689 3.67817 15.1647
vt -5954.57 144.81
f 2145/6722/1129 2144/6723/1129 2148/6724/1129 2149/6725/1129 

vt -1185.4 0
vn 0.99529 0 0.0969438
vt -872.546 0
v -138.623 3.67817 8.76533
vt -872.546 144.81
vt -1185.4 144.81
f 2144/6726/1130 2147/6727/1130 2150/6728/1130 2148/6729/1130 

vt 5364.72 0
vn 0.131589 0 -0.991304
vt 5479.97 0
v -141.525 3.67817 8.38014
vt 5479.97 144.81
vt 5364.72 144.81
f 2147/6730/1131 1145/6731/1131 2151/6732/1131 2150/6733/1131 

vt 1484.04 0
vn -0.978036 0 -0.208434
vt 1547.09 0
v -141.858 3.67817 9.94656
vt 1547.09 144.81
vt 1484.04 144.81
f 1145/6734/1132 1146/6735/1132 2152/6736/1132 2151/6737/1132 

vt 5504.96 0
vn 0.112997 0 -0.993595
vt 5987.9 0
v -154.047 3.67817 8.56045
vt 5987.9 144.81
vt 5504.96 144.81
f 1146/6738/1133 1147/6739/1133 2153/6740/1133 2152/6741/1133 

vt 1176.62 0
vn -0.990296 0 -0.138977
vt 1433.86 0
v -154.955 3.67817 15.031
vt 1433.86 144.81
vt 1176.62 144.81
f 1147/6742/1134 2146/6743/1134 2154/6744/1134 2153/6745/1134 

vt -6004.68 0
vt -6004.68 144.81
f 2146/6746/1129 2145/6722/1129 2149/6725/1129 2154/6747/1129 

vt -6050.74 -597.034
vt -5487.92 -656.473
vt -5457.59 -345.092
vt -6100.58 -591.771
f 2149/6748/20 2148/6749/20 2150/6750/20 2151/3709/20 2152/3708/20 2153/3707/20 2154/6751/20 

g Mesh167 G_36_05720255104777 Model

v -151.824 0 21.5499
vt 5977.34 -848.423
v -154.109 0 21.327
vt 6067.26 -839.645
v -156.393 0 21.104
vt 6157.19 -830.867
v -156.405 0 20.4733
vt 6157.7 -806.035
v -156.072 0 17.8027
vt 6144.55 -700.893
v -155.642 0 17.8605
vt 6127.62 -703.168
v -155.494 0 16.1271
vt 6121.81 -634.927
v -155.417 0 15.5189
vt 6118.77 -610.979
v -153.799 0 15.7371
vt 6055.08 -619.573
v -150.159 0 16.1544
vt 5911.77 -636.001
v -150.18 0 16.5053
vt 5912.59 -649.814
v -151.026 0 16.392
vt 5945.9 -645.353
f 2155/6752/1 2156/6753/1 2157/6754/1 2158/6755/1 2159/6756/1 2160/6757/1 2161/6758/1 2162/6759/1 2163/6760/1 2164/6761/1 2165/6762/1 2166/6763/1 

vt -5957 0
vn -0.097149 0 0.99527
vt -5866.64 0
v -151.824 4.52712 21.5499
vt -5866.64 178.233
v -154.109 4.52712 21.327
vt -5957 178.233
f 2156/6764/1135 2155/6765/1135 2167/6766/1135 2168/6767/1135 

vt -1753.1 0
vn 0.988223 0 0.153023
vt -1547.61 0
v -151.026 4.52712 16.392
vt -1547.61 178.233
vt -1753.1 178.233
f 2155/6768/1136 2166/6769/1136 2169/6770/1136 2167/6771/1136 

vt -5807.58 0
vn -0.132761 0 0.991148
vt -5773.98 0
v -150.18 4.52712 16.5053
vt -5773.98 178.233
vt -5807.58 178.233
f 2166/6772/1137 2165/6773/1137 2170/6774/1137 2169/6775/1137 

vt -996.577 0
vn 0.998268 0 0.0588386
vt -982.74 0
v -150.159 4.52712 16.1544
vt -982.74 178.233
vt -996.577 178.233
f 2165/6776/1138 2164/6777/1138 2171/6778/1138 2170/6779/1138 

vt 5800.87 0
vn 0.113893 0 -0.993493
vt 5945.12 0
v -153.799 4.52712 15.7371
vt 5945.12 178.233
vt 5800.87 178.233
f 2164/6780/1139 2163/6781/1139 2172/6782/1139 2171/6783/1139 

vt 5917.87 0
vn 0.133709 0 -0.991021
vt 5982.14 0
v -155.417 4.52712 15.5189
vt 5982.14 178.233
vt 5917.87 178.233
f 2163/6784/1140 2162/6785/1140 2173/6786/1140 2172/6787/1140 

vt 1374.93 0
vn -0.992075 0 -0.125645
vt 1399.07 0
v -155.494 4.52712 16.1271
vt 1399.07 178.233
vt 1374.93 178.233
f 2162/6788/1141 2161/6789/1141 2174/6790/1141 2173/6791/1141 

vt 1152.24 0
vn -0.996391 0 -0.0848778
vt 1220.73 0
v -155.642 4.52712 17.8605
vt 1220.73 178.233
vt 1152.24 178.233
f 2161/6792/1142 2160/6793/1142 2175/6794/1142 2174/6795/1142 

vt 5979.46 0
vn 0.133133 0 -0.991098
vt 5996.54 0
v -156.072 4.52712 17.8027
vt 5996.54 178.233
vt 5979.46 178.233
f 2160/6796/1143 2159/6797/1143 2176/6798/1143 2175/6799/1143 

vt 1457.62 0
vt 1563.58 0
v -156.405 4.52712 20.4733
vt 1563.58 178.233
vt 1457.62 178.233
f 2159/6800/1086 2158/6801/1086 2177/6802/1086 2176/6803/1086 

vt 680.547 0
vn -0.999793 0 0.020352
vt 705.384 0
v -156.393 4.52712 21.104
vt 705.384 178.233
vt 680.547 178.233
f 2158/6804/1144 2157/6805/1144 2178/6806/1144 2177/6807/1144 

vt -6047.35 0
vt -6047.35 178.233
f 2157/6808/1135 2156/6764/1135 2168/6767/1135 2178/6809/1135 

vt -6067.26 -839.645
vt -5977.34 -848.423
vt -5945.9 -645.353
vt -5912.59 -649.814
vt -5911.77 -636.001
vt -6055.08 -619.573
vt -6118.77 -610.979
vt -6121.81 -634.927
vt -6127.62 -703.168
vt -6144.55 -700.893
vt -6157.7 -806.035
vt -6157.19 -830.867
f 2168/6810/20 2167/6811/20 2169/6812/20 2170/6813/20 2171/6814/20 2172/6815/20 2173/6816/20 2174/6817/20 2175/6818/20 2176/6819/20 2177/6820/20 2178/6821/20 

g Mesh168 G_22_66901549924455 Model

v -129.378 0 -97.6062
vt 5093.64 3842.76
v -133.901 0 -99.6077
vt 5271.71 3921.56
v -136.294 0 -100.666
vt 5365.89 3963.24
v -135.159 0 -103.378
vt 5321.24 4069.98
v -128.364 0 -98.8517
vt 5053.71 3891.8
v -129.057 0 -97.4522
vt 5081 3836.7
f 2179/6822/1 2180/6823/1 2181/6824/1 2182/6825/1 2183/6826/1 2184/6827/1 

vt -6407.72 0
vn -0.404669 0 0.914463
vt -6212.99 0
v -129.378 3.75862 -97.6062
vt -6212.99 147.977
v -133.901 3.75862 -99.6077
vt -6407.72 147.977
f 2180/6828/1145 2179/6829/1145 2185/6830/1145 2186/6831/1145 

vt -6254.92 0
vn -0.432731 0 0.901523
vt -6240.9 0
v -129.057 3.75862 -97.4522
vt -6240.9 147.977
vt -6254.92 147.977
f 2179/6832/1146 2184/6833/1146 2187/6834/1146 2185/6835/1146 

vt 1182.36 0
vn 0.896065 0 0.443922
vt 1243.85 0
v -128.364 3.75862 -98.8517
vt 1243.85 147.977
vt 1182.36 147.977
f 2184/6836/1147 2183/6837/1147 2188/6838/1147 2187/6839/1147 

vt 6363.53 0
vn 0.554337 0 -0.832292
vt 6684.97 0
v -135.159 3.75862 -103.378
vt 6684.97 147.977
vt 6363.53 147.977
f 2183/6840/1148 2182/6841/1148 2189/6842/1148 2188/6843/1148 

vt -1701.12 0
vn -0.922532 0 -0.38592
vt -1585.41 0
v -136.294 3.75862 -100.666
vt -1585.41 147.977
vt -1701.12 147.977
f 2182/6844/1149 2181/6845/1149 2190/6846/1149 2189/6847/1149 

vt -6510.71 0
vt -6510.71 147.977
f 2181/6848/1145 2180/6828/1145 2186/6831/1145 2190/6849/1145 

vt -5271.71 3921.56
vt -5093.64 3842.76
vt -5081 3836.7
vt -5053.71 3891.8
vt -5321.24 4069.98
vt -5365.89 3963.24
f 2186/6850/20 2185/6851/20 2187/6852/20 2188/6853/20 2189/6854/20 2190/6855/20 

g Mesh169 G_26_82667842941512 Model

v -128.889 0 -71.8968
vt 5074.37 2830.58
v -130.284 0 -79.4545
vt 5129.28 3128.13
v -129.25 0 -79.9135
vt 5088.58 3146.2
v -126.271 0 -78.4241
vt 4971.31 3087.56
f 2191/6856/1 9/9/1 8/8/1 7/7/1 2192/6857/1 2193/6858/1 2194/6859/1 

vt -6184 0
vn -0.404364 0 0.914598
vt -5785.6 0
v -128.889 4.09477 -71.8968
vt -5785.6 161.211
v -138.144 4.09477 -75.9887
vt -6184 161.211
f 9/6860/1150 2191/6861/1150 2195/6862/1150 2196/6863/1150 

vt 738.382 0
vn 0.928143 0 0.372224
vt 1015.26 0
v -126.271 4.09477 -78.4241
vt 1015.26 161.211
vt 738.382 161.211
f 2191/6864/1151 2194/6865/1151 2197/6866/1151 2195/6867/1151 

vt 5827.28 0
vt 5958.39 0
v -129.25 4.09477 -79.9135
vt 5958.39 161.211
vt 5827.28 161.211
f 2194/6868/471 2193/6869/471 2198/6870/471 2197/6871/471 

vt 3373.64 0
vn -0.405875 0 -0.913929
vt 3418.16 0
v -130.284 4.09477 -79.4545
vt 3418.16 161.211
vt 3373.64 161.211
f 2193/6872/1152 2192/6873/1152 2199/6874/1152 2198/6875/1152 

vt 5929.46 0
vn 0.376377 0 -0.926467
vt 6173.89 0
v -136.036 4.09477 -81.7912
vt 6173.89 161.211
vt 5929.46 161.211
f 2192/6876/1153 7/6877/1153 2200/6878/1153 2199/6879/1153 

vt -722.773 0
vn -0.910865 0 -0.412703
vt -480.258 0
v -138.578 4.09477 -76.1804
vt -480.258 161.211
vt -722.773 161.211
f 7/6880/1154 8/6881/1154 2201/6882/1154 2200/6883/1154 

vt -6202.67 0
vt -6202.67 161.211
f 8/6884/1150 9/6860/1150 2196/6863/1150 2201/6885/1150 

vt -5074.37 2830.58
vt -4971.31 3087.56
vt -5088.58 3146.2
vt -5129.28 3128.13
f 2196/102/20 2195/6886/20 2197/6887/20 2198/6888/20 2199/6889/20 2200/104/20 2201/103/20 

g Mesh170 G_33_81620800758356 Model

v -189.717 0 -83.5617
vt 7469.19 3289.83
v -199.706 0 -86.9559
vt 7862.46 3423.46
v -198.798 0 -90.3969
vt 7826.7 3558.93
v -196.458 0 -96.364
vt 7734.57 3793.86
v -190.87 0 -94.467
vt 7514.56 3719.17
v -191.82 0 -91.5011
vt 7551.96 3602.4
v -187.403 0 -89.9732
vt 7378.07 3542.25
v -187.277 0 -90.3458
vt 7373.09 3556.92
v -186.649 0 -90.0855
vt 7348.38 3546.67
v -186.983 0 -88.6732
vt 7361.52 3491.07
v -186.443 0 -88.0569
vt 7340.29 3466.81
v -187.291 0 -84.8214
vt 7373.65 3339.42
v -188.806 0 -84.3335
vt 7433.3 3320.21
v -189.268 0 -83.409
vt 7451.5 3283.82
f 2202/6890/1 2203/6891/1 2204/6892/1 2205/6893/1 2206/6894/1 2207/6895/1 2208/6896/1 2209/6897/1 2210/6898/1 2211/6899/1 2212/6900/1 2213/6901/1 2214/6902/1 2215/6903/1 

vt -8545.85 0
vn -0.321725 0 0.946833
vt -8130.5 0
v -189.717 4.1706 -83.5617
vt -8130.5 164.197
v -199.706 4.1706 -86.9559
vt -8545.85 164.197
f 2203/6904/1155 2202/6905/1155 2216/6906/1155 2217/6907/1155 

vt -8111.81 0
v -189.268 4.1706 -83.409
vt -8111.81 164.197
f 2202/6905/1155 2215/6908/1155 2218/6909/1155 2216/6906/1155 

vt -395.273 0
vt -354.582 0
v -188.806 4.1706 -84.3335
vt -354.582 164.197
vt -395.273 164.197
f 2215/6910/555 2214/6911/555 2219/6912/555 2218/6913/555 

vt -6057.71 0
vn 0.306531 0 0.951861
vt -5995.05 0
v -187.291 4.1706 -84.8214
vt -5995.05 164.197
vt -6057.71 164.197
f 2214/6914/1156 2213/6915/1156 2220/6916/1156 2219/6917/1156 

vt 1362.28 0
vn 0.967372 0 0.253359
vt 1493.96 0
v -186.443 4.1706 -88.0569
vt 1493.96 164.197
vt 1362.28 164.197
f 2213/6918/1157 2212/6919/1157 2221/6920/1157 2220/6921/1157 

vt 7442.65 0
vn 0.752577 0 -0.658505
vt 7474.89 0
v -186.983 4.1706 -88.6732
vt 7474.89 164.197
vt 7442.65 164.197
f 2212/6922/1158 2211/6923/1158 2222/6924/1158 2221/6925/1158 

vt 1704.12 0
vn 0.973185 0 0.230025
vt 1761.26 0
v -186.649 4.1706 -90.0855
vt 1761.26 164.197
vt 1704.12 164.197
f 2211/6926/1159 2210/6927/1159 2223/6928/1159 2222/6929/1159 

vt 8146.38 0
vn 0.382906 0 -0.923787
vt 8173.14 0
v -187.277 4.1706 -90.3458
vt 8173.14 164.197
vt 8146.38 164.197
f 2210/6930/1160 2209/6931/1160 2224/6932/1160 2223/6933/1160 

vt -998.185 0
vn -0.946931 0 -0.321435
vt -982.695 0
v -187.403 4.1706 -89.9732
vt -982.695 164.197
vt -998.185 164.197
f 2209/6934/1161 2208/6935/1161 2225/6936/1161 2224/6937/1161 

vt 8130.7 0
vn 0.326922 0 -0.945051
vt 8314.7 0
v -191.82 4.1706 -91.5011
vt 8314.7 164.197
vt 8130.7 164.197
f 2208/6938/1162 2207/6939/1162 2226/6940/1162 2225/6941/1162 

vt 1126.76 0
vn 0.952328 0 0.305075
vt 1249.37 0
v -190.87 4.1706 -94.467
vt 1249.37 164.197
vt 1126.76 164.197
f 2207/6942/1163 2206/6943/1163 2227/6944/1163 2226/6945/1163 

vt 8311.25 0
vn 0.321444 0 -0.946928
vt 8543.6 0
v -196.458 4.1706 -96.364
vt 8543.6 164.197
vt 8311.25 164.197
f 2206/6946/1164 2205/6947/1164 2228/6948/1164 2227/6949/1164 

vt -708.264 0
vn -0.930977 0 -0.365079
vt -455.92 0
v -198.798 4.1706 -90.3969
vt -455.92 164.197
vt -708.264 164.197
f 2205/6950/1165 2204/6951/1165 2229/6952/1165 2228/6953/1165 

vt -1443.3 0
vn -0.966876 0 -0.255248
vt -1303.18 0
vt -1303.18 164.197
vt -1443.3 164.197
f 2204/6954/1166 2203/6955/1166 2217/6956/1166 2229/6957/1166 

vt -7862.46 3423.46
vt -7469.19 3289.83
vt -7451.5 3283.82
vt -7433.3 3320.21
vt -7373.65 3339.42
vt -7340.29 3466.81
vt -7361.52 3491.07
vt -7348.38 3546.67
vt -7373.09 3556.92
vt -7378.07 3542.25
vt -7551.96 3602.4
vt -7514.56 3719.17
vt -7734.57 3793.86
vt -7826.7 3558.93
f 2217/6958/20 2216/6959/20 2218/6960/20 2219/6961/20 2220/6962/20 2221/6963/20 2222/6964/20 2223/6965/20 2224/6966/20 2225/6967/20 2226/6968/20 2227/6969/20 2228/6970/20 2229/6971/20 

g Mesh171 G_37_90039787048555 Model

f 1948/6121/1 1951/6124/1 1950/6123/1 1949/6122/1 

vt 13126.3 0
v -281.535 2.87077 -180.016
vt 13126.3 113.022
v -275.978 2.87077 -176.97
vt 12876.8 113.022
f 1951/6163/1040 1948/6972/1040 2230/6973/1040 2231/6974/1040 

vt -496.081 0
vn -0.862211 0 -0.506549
vt -308.474 0
v -283.949 2.87077 -175.908
vt -308.474 113.022
vt -496.081 113.022
f 1948/6975/1167 1949/6976/1167 2232/6977/1167 2230/6978/1167 

vt -13100.1 0
vn -0.450317 0 0.892869
vt -12839.7 0
v -278.043 2.87077 -172.929
vt -12839.7 113.022
vt -13100.1 113.022
f 1949/6979/1168 1950/6980/1168 2233/6981/1168 2232/6982/1168 

vt 1080.88 0
vn 0.890453 0 0.455075
vt 1259.53 0
vt 1259.53 113.022
vt 1080.88 113.022
f 1950/6983/1169 1951/6984/1169 2231/6985/1169 2233/6986/1169 

f 2231/6187/20 2230/6178/20 2232/6189/20 2233/6188/20 

g Mesh172 G_45_98567195885309 Model

v -292.308 0 -51.8208
vt 11508.2 2040.19
v -290.075 0 -51.4167
vt 11420.3 2024.28
v -291.409 0 -44.7848
vt 11472.8 1763.18
v -301.706 0 -46.7364
vt 11878.2 1840.01
v -300.62 0 -53.0374
vt 11835.4 2088.09
v -300.551 0 -53.4386
vt 11832.7 2103.88
f 2234/6987/1 2235/6988/1 2236/6989/1 2237/6990/1 2238/6991/1 2239/6992/1 

vt 11598.2 0
vn 0.178061 0 -0.98402
vt 11687.5 0
v -292.308 8.73611 -51.8208
vt 11687.5 343.941
v -290.075 8.73611 -51.4167
vt 11598.2 343.941
f 2235/6993/1170 2234/6994/1170 2240/6995/1170 2241/6996/1170 

vt 11685.7 0
vn 0.192588 0 -0.98128
vt 12016.4 0
v -300.551 8.73611 -53.4386
vt 12016.4 343.941
vt 11685.7 343.941
f 2234/6997/1171 2239/6998/1171 2242/6999/1171 2240/7000/1171 

vt -62.8318 0
vn -0.98546 0 -0.169907
vt -46.8054 0
v -300.62 8.73611 -53.0374
vt -46.8054 343.941
vt -62.8318 343.941
f 2239/7001/1172 2238/7002/1172 2243/7003/1172 2242/7004/1172 

vt -46.8055 0
vt 204.927 0
v -301.706 8.73611 -46.7364
vt 204.927 343.941
vt -46.8055 343.941
f 2238/7005/1172 2237/7006/1172 2244/7007/1172 2243/7008/1172 

vt -12013.1 0
vn -0.186211 0 0.98251
vt -11600.5 0
v -291.409 8.73611 -44.7848
vt -11600.5 343.941
vt -12013.1 343.941
f 2237/7009/1173 2236/7010/1173 2245/7011/1173 2244/7012/1173 

vt -533.995 0
vn 0.980361 0 0.19721
vt -267.664 0
vt -267.664 343.941
vt -533.995 343.941
f 2236/7013/1174 2235/7014/1174 2241/7015/1174 2245/7016/1174 

vt -11420.3 2024.28
vt -11508.2 2040.19
vt -11832.7 2103.88
vt -11835.4 2088.09
vt -11878.2 1840.01
vt -11472.8 1763.18
f 2241/7017/20 2240/7018/20 2242/7019/20 2243/7020/20 2244/7021/20 2245/7022/20 

g Mesh173 G_32_50485187343532 Model

v -288.714 0 -51.1705
vt 11366.7 2014.59
v -286.915 0 -50.845
vt 11295.9 2001.77
v -283.5 0 -50.0104
vt 11161.4 1968.91
v -284.052 0 -47.1215
vt 11183.1 1855.18
v -289.303 0 -48.0203
vt 11389.9 1890.56
f 2246/7023/1 2247/7024/1 2248/7025/1 2249/7026/1 2250/7027/1 

vt 11471.8 0
vt 11543.8 0
v -288.714 6.35454 -51.1705
vt 11543.8 250.179
v -286.915 6.35454 -50.845
vt 11471.8 250.179
f 2247/7028/1170 2246/7029/1170 2251/7030/1170 2252/7031/1170 

vt 108.748 0
vn -0.982967 0 -0.183784
vt 234.922 0
v -289.303 6.35454 -48.0203
vt 234.922 250.179
vt 108.748 250.179
f 2246/7032/1175 2250/7033/1175 2253/7034/1175 2251/7035/1175 

vt -11545.6 0
vn -0.168696 0 0.985668
vt -11335.8 0
v -284.052 6.35454 -47.1215
vt -11335.8 250.179
vt -11545.6 250.179
f 2250/7036/1176 2249/7037/1176 2254/7038/1176 2253/7039/1176 

vt -277.031 0
vn 0.982224 0 0.187714
vt -161.238 0
v -283.5 6.35454 -50.0104
vt -161.238 250.179
vt -277.031 250.179
f 2249/7040/1177 2248/7041/1177 2255/7042/1177 2254/7043/1177 

vt 11309.8 0
vn 0.237377 0 -0.971418
vt 11448.2 0
vt 11448.2 250.179
vt 11309.8 250.179
f 2248/7044/1178 2247/7045/1178 2252/7046/1178 2255/7047/1178 

vt -11295.9 2001.77
vt -11366.7 2014.59
vt -11389.9 1890.56
vt -11183.1 1855.18
vt -11161.4 1968.91
f 2252/7048/20 2251/7049/20 2253/7050/20 2254/7051/20 2255/7052/20 

g Mesh174 G_24_2833471536201 Model

v -143.847 0 -58.5646
vt 5663.26 2305.69
v -144.879 0 -51.3936
vt 5703.9 2023.37
v -150.888 0 -52.3119
vt 5940.46 2059.52
v -149.424 0 -62.9173
vt 5882.84 2477.06
v -144.827 0 -62.378
vt 5701.87 2455.83
v -144.699 0 -63.0713
vt 5696.82 2483.12
v -143.223 0 -62.8017
vt 5638.68 2472.51
v -143.287 0 -62.4551
vt 5641.21 2458.86
f 2256/7053/1 2257/7054/1 2258/7055/1 2259/7056/1 2260/7057/1 2261/7058/1 2262/7059/1 2263/7060/1 

vt 1190.02 0
vn 0.989797 0 0.142483
vt 1475.25 0
v -143.847 3.56094 -58.5646
vt 1475.25 140.195
v -144.879 3.56094 -51.3936
vt 1190.02 140.195
f 2257/7061/1179 2256/7062/1179 2264/7063/1179 2265/7064/1179 

vt 1630 0
v -143.287 3.56094 -62.4551
vt 1630 140.195
f 2256/7062/1179 2263/7065/1179 2266/7066/1179 2264/7063/1179 

vt 1390.55 0
vn 0.983282 0 0.182089
vt 1404.43 0
v -143.223 3.56094 -62.8017
vt 1404.43 140.195
vt 1390.55 140.195
f 2263/7067/1180 2262/7068/1180 2267/7069/1180 2266/7070/1180 

vt 5991.11 0
vn 0.179638 0 -0.983733
vt 6050.21 0
v -144.699 3.56094 -63.0713
vt 6050.21 140.195
vt 5991.11 140.195
f 2262/7071/1181 2261/7072/1181 2268/7073/1181 2267/7074/1181 

vt -1404.28 0
vn -0.983282 0 -0.182089
vt -1376.52 0
v -144.827 3.56094 -62.378
vt -1376.52 140.195
vt -1404.28 140.195
f 2261/7075/1182 2260/7076/1182 2269/7077/1182 2268/7078/1182 

vt 5949.18 0
vn 0.116519 0 -0.993188
vt 6131.39 0
v -149.424 3.56094 -62.9173
vt 6131.39 140.195
vt 5949.18 140.195
f 2260/7079/1183 2259/7080/1183 2270/7081/1183 2269/7082/1183 

vt -1649.51 0
vn -0.99061 0 -0.136719
vt -1228.01 0
v -150.888 3.56094 -52.3119
vt -1228.01 140.195
vt -1649.51 140.195
f 2259/7083/1184 2258/7084/1184 2271/7085/1184 2270/7086/1184 

vt -6183.42 0
vn -0.151074 0 0.988522
vt -5944.11 0
vt -5944.11 140.195
vt -6183.42 140.195
f 2258/7087/1185 2257/7088/1185 2265/7089/1185 2271/7090/1185 

vt -5703.9 2023.37
vt -5663.26 2305.69
vt -5641.21 2458.86
vt -5638.68 2472.51
vt -5696.82 2483.12
vt -5701.87 2455.83
vt -5882.84 2477.06
vt -5940.46 2059.52
f 2265/7091/20 2264/7092/20 2266/7093/20 2267/7094/20 2268/7095/20 2269/7096/20 2270/7097/20 2271/7098/20 

g Mesh175 G_31_05369460390246 Model

v -232.014 0 -198.635
vt 9134.4 7820.27
v -231.218 0 -201.691
vt 9103.06 7940.58
v -223.18 0 -199.123
vt 8786.62 7839.48
f 389/1179/1 388/1178/1 400/1214/1 2272/7099/1 2273/7100/1 2274/7101/1 

vt -10825.5 0
vt -10743.4 0
v -224.207 2.83202 -195.887
vt -10743.4 111.497
v -226.194 2.83202 -196.517
vt -10825.5 111.497
f 388/7102/657 389/7103/657 2275/7104/657 2276/7105/657 

vt 4679.71 0
vn 0.953124 0 0.302579
vt 4813.35 0
v -223.18 2.83202 -199.123
vt 4813.35 111.497
vt 4679.71 111.497
f 389/7106/1186 2274/7107/1186 2277/7108/1186 2275/7109/1186 

vt 10755.7 0
vn 0.304334 0 -0.952565
vt 11087.8 0
v -231.218 2.83202 -201.691
vt 11087.8 111.497
vt 10755.7 111.497
f 2274/7110/1187 2273/7111/1187 2278/7112/1187 2277/7113/1187 

vt -5389.33 0
vn -0.967704 0 -0.252091
vt -5265.01 0
v -232.014 2.83202 -198.635
vt -5265.01 111.497
vt -5389.33 111.497
f 2273/7114/1188 2272/7115/1188 2279/7116/1188 2278/7117/1188 

vt -11396.2 0
vn -0.373968 0 0.927441
vt -11261 0
v -228.83 2.83202 -197.351
vt -11261 111.497
vt -11396.2 111.497
f 2272/7118/1189 400/7119/1189 2280/7120/1189 2279/7121/1189 

vt -10934.3 0
vt -10934.3 111.497
f 400/7122/657 388/7102/657 2276/7105/657 2280/7123/657 

vt -8786.62 7839.48
vt -9103.06 7940.58
vt -9134.4 7820.27
f 2276/1207/20 2275/1212/20 2277/7124/20 2278/7125/20 2279/7126/20 2280/1230/20 

g Mesh176 G_24_521979115318093 Model

v -77.2938 0 -94.5282
vt 3043.06 3721.58
v -74.7833 0 -93.0736
vt 2944.22 3664.32
v -80.717 0 -82.0657
vt 3177.83 3230.93
v -89.6275 0 -86.9447
vt 3528.64 3423.02
v -88.4463 0 -89.795
vt 3482.14 3535.24
v -89.4735 0 -90.4884
vt 3522.58 3562.53
v -84.9026 0 -98.9367
vt 3342.62 3895.15
v -83.5146 0 -98.1325
vt 3287.98 3863.48
v -88.3404 0 -89.0857
vt 3477.97 3507.31
v -82.1518 0 -86.0299
vt 3234.32 3387
f 2281/7127/1 2282/7128/1 2283/7129/1 2284/7130/1 2285/7131/1 2286/7132/1 2287/7133/1 2288/7134/1 2289/7135/1 2290/7136/1 

vt 4384.53 0
vn 0.501327 0 -0.865258
vt 4498.76 0
v -77.2938 3.69016 -94.5282
vt 4498.76 145.282
v -74.7833 3.69016 -93.0736
vt 4384.53 145.282
f 2282/7137/1190 2281/7138/1190 2291/7139/1190 2292/7140/1190 

vt -1720.73 0
vn -0.868163 0 -0.49628
vt -1335.34 0
v -82.1518 3.69016 -86.0299
vt -1335.34 145.282
vt -1720.73 145.282
f 2281/7141/1191 2290/7142/1191 2293/7143/1191 2291/7144/1191 

vt 4399.62 0
vn 0.442743 0 -0.896648
vt 4671.35 0
v -88.3404 3.69016 -89.0857
vt 4671.35 145.282
vt 4399.62 145.282
f 2290/7145/1192 2289/7146/1192 2294/7147/1192 2293/7148/1192 

vt 1457.67 0
vn 0.88232 0 0.470649
vt 1861.35 0
v -83.5146 3.69016 -98.1325
vt 1861.35 145.282
vt 1457.67 145.282
f 2289/7149/1193 2288/7150/1193 2295/7151/1193 2294/7152/1193 

vt 4781.82 0
vt 4844.97 0
v -84.9026 3.69016 -98.9367
vt 4844.97 145.282
vt 4781.82 145.282
f 2288/7153/1190 2287/7154/1190 2296/7155/1190 2295/7156/1190 

vt -1835.28 0
vn -0.879525 0 -0.475852
vt -1457.11 0
v -89.4735 3.69016 -90.4884
vt -1457.11 145.282
vt -1835.28 145.282
f 2287/7157/1194 2286/7158/1194 2297/7159/1194 2296/7160/1194 

vt -4912.82 0
vn -0.559473 0 0.828849
vt -4864.03 0
v -88.4463 3.69016 -89.795
vt -4864.03 145.282
vt -4912.82 145.282
f 2286/7161/1195 2285/7162/1195 2298/7163/1195 2297/7164/1195 

vt -1932.79 0
vn -0.923814 0 -0.382842
vt -1811.32 0
v -89.6275 3.69016 -86.9447
vt -1811.32 145.282
vt -1932.79 145.282
f 2285/7165/1196 2284/7166/1196 2299/7167/1196 2298/7168/1196 

vt -4739.02 0
vn -0.480268 0 0.877122
vt -4339.06 0
v -80.717 3.69016 -82.0657
vt -4339.06 145.282
vt -4739.02 145.282
f 2284/7169/1197 2283/7170/1197 2300/7171/1197 2299/7172/1197 

vt 1336.19 0
vn 0.880259 0 0.474494
vt 1828.53 0
vt 1828.53 145.282
vt 1336.19 145.282
f 2283/7173/1198 2282/7174/1198 2292/7175/1198 2300/7176/1198 

vt -2944.22 3664.32
vt -3043.06 3721.58
vt -3234.32 3387
vt -3477.97 3507.31
vt -3287.98 3863.48
vt -3342.62 3895.15
vt -3522.58 3562.53
vt -3482.14 3535.24
vt -3528.64 3423.02
vt -3177.83 3230.93
f 2292/7177/20 2291/7178/20 2293/7179/20 2294/7180/20 2295/7181/20 2296/7182/20 2297/7183/20 2298/7184/20 2299/7185/20 2300/7186/20 

g Mesh177 G_25_496282201499156 Model

v -138.428 0 -153.722
vt 5449.93 6052.04
v -136.453 0 -156.939
vt 5372.16 6178.7
v -132.755 0 -154.756
vt 5226.58 6092.76
v -134.821 0 -151.507
vt 5307.93 5964.85
v -136.917 0 -152.794
vt 5390.45 6015.52
f 2301/7187/1 2302/7188/1 2303/7189/1 2304/7190/1 2305/7191/1 

vt -2454.63 0
vn -0.852197 0 -0.523222
vt -2306.01 0
v -138.428 3.23827 -153.722
vt -2306.01 127.491
v -136.453 3.23827 -156.939
vt -2454.63 127.491
f 2302/7192/1199 2301/7193/1199 2306/7194/1199 2307/7195/1199 

vt -7811.08 0
vn -0.523262 0 0.852172
vt -7741.28 0
v -136.917 3.23827 -152.794
vt -7741.28 127.491
vt -7811.08 127.491
f 2301/7196/1200 2305/7197/1200 2308/7198/1200 2306/7199/1200 

vt -7644.44 0
v -134.821 3.23827 -151.507
vt -7644.44 127.491
f 2305/7197/1200 2304/7200/1200 2309/7201/1200 2308/7198/1200 

vt 2184.97 0
vn 0.843826 0 0.536617
vt 2336.56 0
v -132.755 3.23827 -154.756
vt 2336.56 127.491
vt 2184.97 127.491
f 2304/7202/1201 2303/7203/1201 2310/7204/1201 2309/7205/1201 

vt 7598.06 0
vn 0.508326 0 -0.861165
vt 7767.11 0
vt 7767.11 127.491
vt 7598.06 127.491
f 2303/7206/1202 2302/7207/1202 2307/7208/1202 2310/7209/1202 

vt -5372.16 6178.7
vt -5449.93 6052.04
vt -5390.45 6015.52
vt -5307.93 5964.85
vt -5226.58 6092.76
f 2307/7210/20 2306/7211/20 2308/7212/20 2309/7213/20 2310/7214/20 

g Mesh178 G_14_96725047756246 Model

v -135.599 0 -132.306
vt 5338.55 5208.91
v -135.426 0 -132.606
vt 5331.74 5220.73
v -129.876 0 -129.17
vt 5113.23 5085.45
v -130.13 0 -128.711
vt 5123.21 5067.38
v -137.448 0 -116.822
vt 5411.34 4599.29
v -142.943 0 -120.083
vt 5627.69 4727.69
f 2311/7215/1 2312/7216/1 2313/7217/1 2314/7218/1 2315/7219/1 2316/7220/1 

vt -1859.1 0
vn -0.866281 0 -0.499558
vt -1845.47 0
v -135.599 3.81045 -132.306
vt -1845.47 150.018
v -135.426 3.81045 -132.606
vt -1859.1 150.018
f 2312/7221/1203 2311/7222/1203 2317/7223/1203 2318/7224/1203 

vt -1715.46 0
vn -0.857175 0 -0.515025
vt -1154.05 0
v -142.943 3.81045 -120.083
vt -1154.05 150.018
vt -1715.46 150.018
f 2311/7225/1204 2316/7226/1204 2319/7227/1204 2317/7228/1204 

vt -7252.41 0
vn -0.510353 0 0.859965
vt -7000.83 0
v -137.448 3.81045 -116.822
vt -7000.83 150.018
vt -7252.41 150.018
f 2316/7229/1205 2315/7230/1205 2320/7231/1205 2319/7232/1205 

vt 1080.11 0
vn 0.851595 0 0.5242
vt 1629.77 0
v -130.13 3.81045 -128.711
vt 1629.77 150.018
vt 1080.11 150.018
f 2315/7233/1206 2314/7234/1206 2321/7235/1206 2320/7236/1206 

vt 1958.13 0
vn 0.87531 0 0.483563
vt 1978.78 0
v -129.876 3.81045 -129.17
vt 1978.78 150.018
vt 1958.13 150.018
f 2314/7237/1207 2313/7238/1207 2322/7239/1207 2321/7240/1207 

vt 7024.4 0
vn 0.526383 0 -0.850248
vt 7281.4 0
vt 7281.4 150.018
vt 7024.4 150.018
f 2313/7241/1208 2312/7242/1208 2318/7243/1208 2322/7244/1208 

vt -5331.74 5220.73
vt -5338.55 5208.91
vt -5627.69 4727.69
vt -5411.34 4599.29
vt -5123.21 5067.38
vt -5113.23 5085.45
f 2318/7245/20 2317/7246/20 2319/7247/20 2320/7248/20 2321/7249/20 2322/7250/20 

g Mesh179 G_31_417779146351588 Model

v -75.5041 0 -115.705
vt 2972.6 4555.32
v -70.6733 0 -114.61
vt 2782.41 4512.22
v -70.3427 0 -111.545
vt 2769.4 4391.54
v -70.8306 0 -110.492
vt 2788.61 4350.09
v -76.2745 0 -113.445
vt 3002.93 4466.35
f 2323/7251/1 118/346/1 117/345/1 116/344/1 2324/7252/1 2325/7253/1 2326/7254/1 2327/7255/1 

vt -2559.88 0
v -75.5041 3.2693 -115.705
vt -2559.88 128.712
v -71.6791 3.2693 -122.663
vt -2872.49 128.712
f 118/382/67 2323/7256/67 2328/7257/67 2329/7258/67 

vt -3352.47 0
vt -3258.48 0
v -76.2745 3.2693 -113.445
vt -3258.48 128.712
vt -3352.47 128.712
f 2323/7259/331 2327/7260/331 2330/7261/331 2328/7262/331 

vt -4769.22 0
vn -0.476817 0 0.879002
vt -4525.39 0
v -70.8306 3.2693 -110.492
vt -4525.39 128.712
vt -4769.22 128.712
f 2327/7263/1209 2326/7264/1209 2331/7265/1209 2330/7266/1209 

vt 2774.38 0
vn 0.907311 0 0.420461
vt 2820.06 0
v -70.3427 3.2693 -111.545
vt 2820.06 128.712
vt 2774.38 128.712
f 2326/7267/1210 2325/7268/1210 2332/7269/1210 2331/7270/1210 

vt 4663.18 0
vn 0.994234 0 -0.107232
vt 4784.57 0
v -70.6733 3.2693 -114.61
vt 4784.57 128.712
vt 4663.18 128.712
f 2325/7271/1211 2324/7272/1211 2333/7273/1211 2332/7274/1211 

vt 143.111 0
vn 0.547659 0 0.836702
vt 276.023 0
v -67.8486 3.2693 -116.459
vt 276.023 128.712
vt 143.111 128.712
f 2324/7275/1212 116/7276/1212 2334/7277/1212 2333/7278/1212 

vt 2807.33 0
vn 0.884304 0 0.466912
vt 2950.23 0
v -66.1538 3.2693 -119.669
vt 2950.23 128.712
vt 2807.33 128.712
f 116/7279/1213 117/7280/1213 2335/7281/1213 2334/7282/1213 

vt 4534.47 0
vn 0.476411 0 -0.879223
vt 4781.89 0
vt 4781.89 128.712
vt 4534.47 128.712
f 117/7283/1214 118/7284/1214 2329/7285/1214 2335/7286/1214 

vt -2972.6 4555.32
vt -3002.93 4466.35
vt -2788.61 4350.09
vt -2769.4 4391.54
vt -2782.41 4512.22
f 2329/437/20 2328/7287/20 2330/7288/20 2331/7289/20 2332/7290/20 2333/7291/20 2334/439/20 2335/438/20 

g Mesh180 G_37_647642775687515 Model

v -40.1732 0 -83.6738
vt 1581.62 3294.25
v -43.3328 0 -78.0411
vt 1706.02 3072.48
v -48.2107 0 -69.345
vt 1898.06 2730.12
v -52.422 0 -71.7075
vt 2063.86 2823.13
v -44.6927 0 -85.8309
vt 1759.56 3379.17
f 2336/7292/1 2337/7293/1 2338/7294/1 2339/7295/1 2340/7296/1 

vt 1845.07 0
vn 0.872159 0 0.489222
vt 2099.34 0
v -40.1732 7.26347 -83.6738
vt 2099.34 285.963
v -43.3328 7.26347 -78.0411
vt 1845.07 285.963
f 2337/7297/1215 2336/7298/1215 2341/7299/1215 2342/7300/1215 

vt 2846.31 0
vn 0.43073 0 -0.902481
vt 3043.47 0
v -44.6927 7.26347 -85.8309
vt 3043.47 285.963
vt 2846.31 285.963
f 2336/7301/1216 2340/7302/1216 2343/7303/1216 2341/7304/1216 

vt -2119.56 0
vn -0.877224 0 -0.480081
vt -1485.7 0
v -52.422 7.26347 -71.7075
vt -1485.7 285.963
vt -2119.56 285.963
f 2340/7305/1217 2339/7306/1217 2344/7307/1217 2343/7308/1217 

vt -3181.2 0
vn -0.489251 0 0.872143
vt -2991.09 0
v -48.2107 7.26347 -69.345
vt -2991.09 285.963
vt -3181.2 285.963
f 2339/7309/1218 2338/7310/1218 2345/7311/1218 2344/7312/1218 

vt 1452.53 0
vt 1452.53 285.963
f 2338/7313/1215 2337/7297/1215 2342/7300/1215 2345/7314/1215 

vt -1706.02 3072.48
vt -1581.62 3294.25
vt -1759.56 3379.17
vt -2063.86 2823.13
vt -1898.06 2730.12
f 2342/7315/20 2341/7316/20 2343/7317/20 2344/7318/20 2345/7319/20 

g Mesh181 G_22_109659068156763 Model

v -217.993 0 -162.792
vt 8582.4 6409.14
v -227.623 0 -144.278
vt 8961.52 5680.22
v -226.621 0 -143.841
vt 8922.09 5663.03
v -229.086 0 -135.881
vt 9019.15 5349.63
v -247.216 0 -142.044
vt 9732.9 5592.27
v -245.906 0 -147.487
vt 9681.34 5806.59
v -244.571 0 -147.102
vt 9628.77 5791.43
v -243.467 0 -151.93
vt 9585.3 5981.49
v -231.808 0 -146.358
vt 9126.31 5762.11
v -222.025 0 -164.949
vt 8741.13 6494.06
f 2346/7320/1 2347/7321/1 2348/7322/1 2349/7323/1 2350/7324/1 2351/7325/1 2352/7326/1 2353/7327/1 2354/7328/1 2355/7329/1 

vt 904.241 0
vn 0.887177 0 0.46143
vt 1725.86 0
v -217.993 4.9577 -162.792
vt 1725.86 195.185
v -227.623 4.9577 -144.278
vt 904.241 195.185
f 2347/7330/1219 2346/7331/1219 2356/7332/1219 2357/7333/1219 

vt 10590.9 0
vn 0.471754 0 -0.88173
vt 10770.9 0
v -222.025 4.9577 -164.949
vt 10770.9 195.185
vt 10590.9 195.185
f 2346/7334/1220 2355/7335/1220 2358/7336/1220 2356/7337/1220 

vt -1676.17 0
vn -0.884945 0 -0.465696
vt -849.062 0
v -231.808 4.9577 -146.358
vt -849.062 195.185
vt -1676.17 195.185
f 2355/7338/1221 2354/7339/1221 2359/7340/1221 2358/7341/1221 

vt 10719 0
vn 0.431245 0 -0.902235
vt 11227.7 0
v -243.467 4.9577 -151.93
vt 11227.7 195.185
vt 10719 195.185
f 2354/7342/1222 2353/7343/1222 2360/7344/1222 2359/7345/1222 

vt -3693.73 0
vn -0.974826 0 -0.222966
vt -3498.75 0
v -244.571 4.9577 -147.102
vt -3498.75 195.185
vt -3693.73 195.185
f 2353/7346/1223 2352/7347/1223 2361/7348/1223 2360/7349/1223 

vt 10856.7 0
vn 0.277161 0 -0.960824
vt 10911.4 0
v -245.906 4.9577 -147.487
vt 10911.4 195.185
vt 10856.7 195.185
f 2352/7350/1224 2351/7351/1224 2362/7352/1224 2361/7353/1224 

vt -3381.13 0
vn -0.972262 0 -0.233893
vt -3160.69 0
v -247.216 4.9577 -142.044
vt -3160.69 195.185
vt -3381.13 195.185
f 2351/7354/1225 2350/7355/1225 2363/7356/1225 2362/7357/1225 

vt -11014.9 0
vn -0.321855 0 0.946789
vt -10261 0
v -229.086 4.9577 -135.881
vt -10261 195.185
vt -11014.9 195.185
f 2350/7358/1226 2349/7359/1226 2364/7360/1226 2363/7361/1226 

vt 2442.18 0
vn 0.955244 0 0.295818
vt 2770.27 0
v -226.621 4.9577 -143.841
vt 2770.27 195.185
vt 2442.18 195.185
f 2349/7362/1227 2348/7363/1227 2365/7364/1227 2364/7365/1227 

vt 10441.7 0
vn 0.399585 0 -0.916696
vt 10484.7 0
vt 10484.7 195.185
vt 10441.7 195.185
f 2348/7366/1228 2347/7367/1228 2357/7368/1228 2365/7369/1228 

vt -8961.52 5680.22
vt -8582.4 6409.14
vt -8741.13 6494.06
vt -9126.31 5762.11
vt -9585.3 5981.49
vt -9628.77 5791.43
vt -9681.34 5806.59
vt -9732.9 5592.27
vt -9019.15 5349.63
vt -8922.09 5663.03
f 2357/7370/20 2356/7371/20 2358/7372/20 2359/7373/20 2360/7374/20 2361/7375/20 2362/7376/20 2363/7377/20 2364/7378/20 2365/7379/20 

g Mesh182 G_37_533868577625476 Model

v -99.4433 0 -52.6297
vt 3915.09 2072.03
v -101.035 0 -44.1556
vt 3977.77 1738.41
v -110.973 0 -45.9275
vt 4369.02 1808.17
v -109.33 0 -54.4529
vt 4304.32 2143.81
f 2366/7380/1 2367/7381/1 2368/7382/1 2369/7383/1 

vt 974.03 0
vn 0.982805 0 0.184648
vt 1313.49 0
v -99.4433 4.49831 -52.6297
vt 1313.49 177.099
v -101.035 4.49831 -44.1556
vt 974.03 177.099
f 2367/7384/1229 2366/7385/1229 2370/7386/1229 2371/7387/1229 

vt 4225.95 0
vn 0.181357 0 -0.983417
vt 4621.74 0
v -109.33 4.49831 -54.4529
vt 4621.74 177.099
vt 4225.95 177.099
f 2366/7388/1230 2369/7389/1230 2372/7390/1230 2370/7391/1230 

vt -1290.31 0
vn -0.981922 0 -0.189286
vt -948.485 0
v -110.973 4.49831 -45.9275
vt -948.485 177.099
vt -1290.31 177.099
f 2369/7392/1231 2368/7393/1231 2373/7394/1231 2372/7395/1231 

vt -4618.57 0
vn -0.175526 0 0.984475
vt -4221.15 0
vt -4221.15 177.099
vt -4618.57 177.099
f 2368/7396/1232 2367/7397/1232 2371/7398/1232 2373/7399/1232 

vt -3977.77 1738.41
vt -3915.09 2072.03
vt -4304.32 2143.81
vt -4369.02 1808.17
f 2371/7400/20 2370/7401/20 2372/7402/20 2373/7403/20 

g Mesh183 G_30_149821443768744 Model

v -234.578 0 -105.143
vt 9235.37 4139.49
v -247.79 0 -109.47
vt 9755.52 4309.84
v -245.543 0 -116.429
vt 9667.06 4583.81
f 1510/4809/1 2374/7404/1 2375/7405/1 2376/7406/1 1512/4811/1 1511/4810/1 

vt 2037.48 0
vn 0.976187 0 0.21693
vt 2056.12 0
v -234.476 4.50008 -105.605
vt 2056.12 177.168
v -234.578 4.50008 -105.143
vt 2037.48 177.168
f 2374/7407/1233 1510/7408/1233 2377/7409/1233 2378/7410/1233 

vt 966.679 0
vn 0.946833 0 0.321726
vt 1235.35 0
v -232.28 4.50008 -112.067
vt 1235.35 177.168
vt 966.679 177.168
f 1510/7411/1234 1511/7412/1234 2379/7413/1234 2377/7414/1234 

vt 10096.5 0
vn 0.336733 0 -0.9416
vt 10459.4 0
v -240.96 4.50008 -115.171
vt 10459.4 177.168
vt 10096.5 177.168
f 1511/7415/1235 1512/7416/1235 2380/7417/1235 2379/7418/1235 

vt 10348.5 0
vn 0.264717 0 -0.964326
vt 10535.6 0
v -245.543 4.50008 -116.429
vt 10535.6 177.168
vt 10348.5 177.168
f 1512/7419/1236 2376/7420/1236 2381/7421/1236 2380/7422/1236 

vt -1391.78 0
vn -0.951626 0 -0.307259
vt -1103.88 0
v -247.79 4.50008 -109.47
vt -1103.88 177.168
vt -1391.78 177.168
f 2376/7423/1237 2375/7424/1237 2382/7425/1237 2381/7426/1237 

vt -10612.4 0
vn -0.311236 0 0.950333
vt -10065 0
vt -10065 177.168
vt -10612.4 177.168
f 2375/7427/1238 2374/7428/1238 2378/7429/1238 2382/7430/1238 

vt -9235.37 4139.49
vt -9667.06 4583.81
vt -9755.52 4309.84
f 2378/7431/20 2377/4840/20 2379/4839/20 2380/4844/20 2381/7432/20 2382/7433/20 

g Mesh184 G_32_59859990754357 Model

v -214.363 0 -109.162
vt 8439.48 4297.71
v -209.593 0 -107.377
vt 8251.69 4227.44
v -208.906 0 -109.277
vt 8224.64 4302.26
v -206.473 0 -108.417
vt 8128.85 4268.39
v -207.179 0 -106.343
vt 8156.65 4186.75
v -207.423 0 -106.427
vt 8166.26 4190.04
v -208.373 0 -103.153
vt 8203.67 4061.14
v -200.849 0 -100.932
vt 7907.45 3973.69
v -203.289 0 -92.6502
vt 8003.49 3647.65
v -209.734 0 -94.6018
vt 8257.25 3724.48
v -209.259 0 -96.5406
vt 8238.54 3800.81
v -212.469 0 -97.6062
vt 8364.92 3842.76
v -211.737 0 -100.341
vt 8336.1 3950.43
v -217.643 0 -102.421
vt 8568.63 4032.32
v -218.157 0 -100.161
vt 8588.85 3943.36
v -222.574 0 -101.497
vt 8762.74 3995.93
v -221.906 0 -103.756
vt 8736.45 4084.89
v -225.424 0 -104.861
vt 8874.96 4128.37
v -223.228 0 -112.269
vt 8788.52 4420.03
v -217.091 0 -110.202
vt 8546.89 4338.65
v -216.205 0 -112.731
vt 8512.01 4438.23
v -213.47 0 -111.691
vt 8404.34 4397.29
f 2383/7434/1 2384/7435/1 2385/7436/1 2386/7437/1 2387/7438/1 2388/7439/1 2389/7440/1 2390/7441/1 2391/7442/1 2392/7443/1 2393/7444/1 2394/7445/1 2395/7446/1 2396/7447/1 2397/7448/1 2398/7449/1 2399/7450/1 2400/7451/1 2401/7452/1 2402/7453/1 2403/7454/1 2404/7455/1 

vt 9209.86 0
vn 0.350433 0 -0.936588
vt 9410.37 0
v -214.363 3.99958 -109.162
vt 9410.37 157.464
v -209.593 3.99958 -107.377
vt 9209.86 157.464
f 2384/7456/1239 2383/7457/1239 2405/7458/1239 2406/7459/1239 

vt 1245.11 0
vn 0.943035 0 0.332695
vt 1350.71 0
v -213.47 3.99958 -111.691
vt 1350.71 157.464
vt 1245.11 157.464
f 2383/7460/1240 2404/7461/1240 2407/7462/1240 2405/7463/1240 

vt 9418.51 0
vn 0.355448 0 -0.934696
vt 9533.71 0
v -216.205 3.99958 -112.731
vt 9533.71 157.464
vt 9418.51 157.464
f 2404/7464/1241 2403/7465/1241 2408/7466/1241 2407/7467/1241 

vt -1374.97 0
vn -0.943784 0 -0.330564
vt -1269.45 0
v -217.091 3.99958 -110.202
vt -1269.45 157.464
vt -1374.97 157.464
f 2403/7468/1242 2402/7469/1242 2409/7470/1242 2408/7471/1242 

vt 9484.68 0
vn 0.3192 0 -0.947687
vt 9739.64 0
v -223.228 3.99958 -112.269
vt 9739.64 157.464
vt 9484.68 157.464
f 2402/7472/1243 2401/7473/1243 2410/7474/1243 2409/7475/1243 

vt -1740.63 0
vn -0.958781 0 -0.284145
vt -1436.43 0
v -225.424 3.99958 -104.861
vt -1436.43 157.464
vt -1740.63 157.464
f 2401/7476/1244 2400/7477/1244 2411/7478/1244 2410/7479/1244 

vt -9703.96 0
vn -0.299464 0 0.954107
vt -9558.79 0
v -221.906 3.99958 -103.756
vt -9558.79 157.464
vt -9703.96 157.464
f 2400/7480/1245 2399/7481/1245 2412/7482/1245 2411/7483/1245 

vt -1442.05 0
vn -0.959018 0 -0.283346
vt -1349.28 0
v -222.574 3.99958 -101.497
vt -1349.28 157.464
vt -1442.05 157.464
f 2399/7484/1246 2398/7485/1246 2413/7486/1246 2412/7487/1246 

vt -9544.17 0
vn -0.28939 0 0.957211
vt -9362.51 0
v -218.157 3.99958 -100.161
vt -9362.51 157.464
vt -9544.17 157.464
f 2398/7488/1247 2397/7489/1247 2414/7490/1247 2413/7491/1247 

vt 1941.83 0
vn 0.975133 0 0.221621
vt 2033.06 0
v -217.643 3.99958 -102.421
vt 2033.06 157.464
vt 1941.83 157.464
f 2397/7492/1248 2396/7493/1248 2415/7494/1248 2414/7495/1248 

vt -9421.52 0
vn -0.332177 0 0.943217
vt -9175 0
v -211.737 3.99958 -100.341
vt -9175 157.464
vt -9421.52 157.464
f 2396/7496/1249 2395/7497/1249 2416/7498/1249 2415/7499/1249 

vt -1661.19 0
vn -0.966009 0 -0.258509
vt -1549.74 0
v -212.469 3.99958 -97.6062
vt -1549.74 157.464
vt -1661.19 157.464
f 2395/7500/1250 2394/7501/1250 2417/7502/1250 2416/7503/1250 

vt -9149.64 0
vn -0.315089 0 0.949062
vt -9016.48 0
v -209.259 3.99958 -96.5406
vt -9016.48 157.464
vt -9149.64 157.464
f 2394/7504/1251 2393/7505/1251 2418/7506/1251 2417/7507/1251 

vt -1730.89 0
vn -0.971267 0 -0.237993
vt -1652.3 0
v -209.734 3.99958 -94.6018
vt -1652.3 157.464
vt -1730.89 157.464
f 2393/7508/1252 2392/7509/1252 2419/7510/1252 2418/7511/1252 

vt -8982.26 0
vn -0.289796 0 0.957089
vt -8717.12 0
v -203.289 3.99958 -92.6502
vt -8717.12 157.464
vt -8982.26 157.464
f 2392/7512/1253 2391/7513/1253 2420/7514/1253 2419/7515/1253 

vt 1237.46 0
vn 0.959247 0 0.282569
vt 1577.35 0
v -200.849 3.99958 -100.932
vt 1577.35 157.464
vt 1237.46 157.464
f 2391/7516/1254 2390/7517/1254 2421/7518/1254 2420/7519/1254 

vt 8708.98 0
vn 0.283141 0 -0.959078
vt 9017.83 0
v -208.373 3.99958 -103.153
vt 9017.83 157.464
vt 8708.98 157.464
f 2390/7520/1255 2389/7521/1255 2422/7522/1255 2421/7523/1255 

vt 1613.88 0
vn 0.960379 0 0.278698
vt 1748.1 0
v -207.423 3.99958 -106.427
vt 1748.1 157.464
vt 1613.88 157.464
f 2389/7524/1256 2388/7525/1256 2423/7526/1256 2422/7527/1256 

vt -9082.88 0
vn -0.323688 0 0.946164
vt -9072.73 0
v -207.179 3.99958 -106.343
vt -9072.73 157.464
vt -9082.88 157.464
f 2388/7528/1257 2387/7529/1257 2424/7530/1257 2423/7531/1257 

vt 1333.72 0
vn 0.946612 0 0.322376
vt 1419.96 0
v -206.473 3.99958 -108.417
vt 1419.96 157.464
vt 1333.72 157.464
f 2387/7532/1258 2386/7533/1258 2425/7534/1258 2424/7535/1258 

vt 9086.76 0
vn 0.333341 0 -0.942806
vt 9188.36 0
v -208.906 3.99958 -109.277
vt 9188.36 157.464
vt 9086.76 157.464
f 2386/7536/1259 2385/7537/1259 2426/7538/1259 2425/7539/1259 

vt -1249.99 0
vn -0.940441 0 -0.339957
vt -1170.44 0
vt -1170.44 157.464
vt -1249.99 157.464
f 2385/7540/1260 2384/7541/1260 2406/7542/1260 2426/7543/1260 

vt -8251.69 4227.44
vt -8439.48 4297.71
vt -8404.34 4397.29
vt -8512.01 4438.23
vt -8546.89 4338.65
vt -8788.52 4420.03
vt -8874.96 4128.37
vt -8736.45 4084.89
vt -8762.74 3995.93
vt -8588.85 3943.36
vt -8568.63 4032.32
vt -8336.1 3950.43
vt -8364.92 3842.76
vt -8238.54 3800.81
vt -8257.25 3724.48
vt -8003.49 3647.65
vt -7907.45 3973.69
vt -8203.67 4061.14
vt -8166.26 4190.04
vt -8156.65 4186.75
vt -8128.85 4268.39
vt -8224.64 4302.26
f 2406/7544/20 2405/7545/20 2407/7546/20 2408/7547/20 2409/7548/20 2410/7549/20 2411/7550/20 2412/7551/20 2413/7552/20 2414/7553/20 2415/7554/20 2416/7555/20 2417/7556/20 2418/7557/20 2419/7558/20 2420/7559/20 2421/7560/20 2422/7561/20 2423/7562/20 2424/7563/20 2425/7564/20 2426/7565/20 

g Mesh185 G_24_620822919440002 Model

v -200.538 0 -87.431
vt 7895.19 3442.16
v -200.929 0 -85.6912
vt 7910.61 3373.67
v -200.66 0 -85.6848
vt 7899.99 3373.42
v -201.173 0 -83.6048
vt 7920.21 3291.53
v -203.87 0 -84.1826
vt 8026.36 3314.28
v -203.433 0 -85.6335
vt 8009.18 3371.4
v -203.844 0 -85.749
vt 8025.35 3375.95
v -203.651 0 -86.5451
vt 8017.77 3407.29
v -203.228 0 -86.4295
vt 8001.09 3402.74
v -202.791 0 -88.0473
vt 7983.9 3466.43
f 2427/7566/1 2428/7567/1 2429/7568/1 2430/7569/1 2431/7570/1 2432/7571/1 2433/7572/1 2434/7573/1 2435/7574/1 2436/7575/1 

vt 1554.17 0
vn 0.97559 0 0.219598
vt 1624.38 0
v -200.538 1.9562 -87.431
vt 1624.38 77.0159
v -200.929 1.9562 -85.6912
vt 1554.17 77.0159
f 2428/7576/1261 2427/7577/1261 2437/7578/1261 2438/7579/1261 

vt 8523.58 0
vn 0.263815 0 -0.964573
vt 8615.56 0
v -202.791 1.9562 -88.0473
vt 8615.56 77.0159
vt 8523.58 77.0159
f 2427/7580/1262 2436/7581/1262 2439/7582/1262 2437/7583/1262 

vt -1266.73 0
vn -0.965468 0 -0.260523
vt -1200.76 0
v -203.228 1.9562 -86.4295
vt -1200.76 77.0159
vt -1266.73 77.0159
f 2436/7584/1263 2435/7585/1263 2440/7586/1263 2439/7587/1263 

vt 8614.48 0
vn 0.263117 0 -0.964764
vt 8631.77 0
v -203.651 1.9562 -86.5451
vt 8631.77 77.0159
vt 8614.48 77.0159
f 2435/7588/1264 2434/7589/1264 2441/7590/1264 2440/7591/1264 

vt -1426.35 0
vn -0.971959 0 -0.235151
vt -1394.11 0
v -203.844 1.9562 -85.749
vt -1394.11 77.0159
vt -1426.35 77.0159
f 2434/7592/1265 2433/7593/1265 2442/7594/1265 2441/7595/1265 

vt -8639.64 0
vt -8622.83 0
v -203.433 1.9562 -85.6335
vt -8622.83 77.0159
vt -8639.64 77.0159
f 2433/7596/221 2432/7597/221 2443/7598/221 2442/7599/221 

vt -920.778 0
vn -0.957593 0 -0.288125
vt -861.128 0
v -203.87 1.9562 -84.1826
vt -861.128 77.0159
vt -920.778 77.0159
f 2432/7600/1266 2431/7601/1266 2444/7602/1266 2443/7603/1266 

vt -8542.64 0
vn -0.209529 0 0.977802
vt -8434.07 0
v -201.173 1.9562 -83.6048
vt -8434.07 77.0159
vt -8542.64 77.0159
f 2431/7604/1267 2430/7605/1267 2445/7606/1267 2444/7607/1267 

vt 1296.97 0
vn 0.970843 0 0.239714
vt 1381.32 0
v -200.66 1.9562 -85.6848
vt 1381.32 77.0159
vt 1296.97 77.0159
f 2430/7608/1268 2429/7609/1268 2446/7610/1268 2445/7611/1268 

vt 7978.05 0
vn 0.0238028 0 -0.999717
vt 7988.67 0
vt 7988.67 77.0159
vt 7978.05 77.0159
f 2429/7612/1269 2428/7613/1269 2438/7614/1269 2446/7615/1269 

vt -7910.61 3373.67
vt -7895.19 3442.16
vt -7983.9 3466.43
vt -8001.09 3402.74
vt -8017.77 3407.29
vt -8025.35 3375.95
vt -8009.18 3371.4
vt -8026.36 3314.28
vt -7920.21 3291.53
vt -7899.99 3373.42
f 2438/7616/20 2437/7617/20 2439/7618/20 2440/7619/20 2441/7620/20 2442/7621/20 2443/7622/20 2444/7623/20 2445/7624/20 2446/7625/20 

g Mesh186 G_23_745547805008897 Model

v -209.018 0 -69.8923
vt 8229.07 2751.67
v -215.952 0 -71.2019
vt 8502.03 2803.23
v -215.72 0 -71.8953
vt 8492.93 2830.52
v -226.223 0 -74.3989
vt 8906.42 2929.09
v -225.504 0 -77.2878
vt 8878.12 3042.83
v -223.321 0 -76.7614
vt 8792.18 3022.1
v -223.026 0 -78.1737
vt 8780.56 3077.71
v -220.458 0 -77.6345
vt 8679.46 3056.48
v -218.956 0 -84.0542
vt 8620.32 3309.22
v -206.45 0 -81.2424
vt 8127.97 3198.52
f 2447/7626/1 2448/7627/1 2449/7628/1 2450/7629/1 2451/7630/1 2452/7631/1 2453/7632/1 2454/7633/1 2455/7634/1 2456/7635/1 

vt -8874.6 0
vn -0.185607 0 0.982624
vt -8596.81 0
v -209.018 3.16251 -69.8923
vt -8596.81 124.508
v -215.952 3.16251 -71.2019
vt -8874.6 124.508
f 2448/7636/1270 2447/7637/1270 2457/7638/1270 2458/7639/1270 

vt 867.949 0
vn 0.975349 0 0.220667
vt 1326.1 0
v -206.45 3.16251 -81.2424
vt 1326.1 124.508
vt 867.949 124.508
f 2447/7640/1271 2456/7641/1271 2459/7642/1271 2457/7643/1271 

vt 8631.64 0
vn 0.219369 0 -0.975642
vt 9136.28 0
v -218.956 3.16251 -84.0542
vt 9136.28 124.508
vt 8631.64 124.508
f 2456/7644/1272 2455/7645/1272 2460/7646/1272 2459/7647/1272 

vt -1258.08 0
vn -0.973697 0 -0.227845
vt -998.51 0
v -220.458 3.16251 -77.6345
vt -998.51 124.508
vt -1258.08 124.508
f 2455/7648/1273 2454/7649/1273 2461/7650/1273 2460/7651/1273 

vt 9122.34 0
vn 0.205517 0 -0.978653
vt 9225.64 0
v -223.026 3.16251 -78.1737
vt 9225.64 124.508
vt 9122.34 124.508
f 2454/7652/1274 2453/7653/1274 2462/7654/1274 2461/7655/1274 

vt -1215.49 0
vn -0.978832 0 -0.204665
vt -1158.68 0
v -223.321 3.16251 -76.7614
vt -1158.68 124.508
vt -1215.49 124.508
f 2453/7656/1275 2452/7657/1275 2463/7658/1275 2462/7659/1275 

vt 9255.66 0
vn 0.234454 0 -0.972127
vt 9344.06 0
v -225.504 3.16251 -77.2878
vt 9344.06 124.508
vt 9255.66 124.508
f 2452/7660/1276 2451/7661/1276 2464/7662/1276 2463/7663/1276 

vt -808.498 0
vn -0.970396 0 -0.241521
vt -691.293 0
v -226.223 3.16251 -74.3989
vt -691.293 124.508
vt -808.498 124.508
f 2451/7664/1277 2450/7665/1277 2465/7666/1277 2464/7667/1277 

vt -9342.88 0
vn -0.231888 0 0.972742
vt -8917.8 0
v -215.72 3.16251 -71.8953
vt -8917.8 124.508
vt -9342.88 124.508
f 2450/7668/1278 2449/7669/1278 2466/7670/1278 2465/7671/1278 

vt 0.432266 0
vn -0.948683 0 -0.316228
vt 29.2052 0
vt 29.2052 124.508
vt 0.432266 124.508
f 2449/7672/1279 2448/7673/1279 2458/7674/1279 2466/7675/1279 

vt -8502.03 2803.23
vt -8229.07 2751.67
vt -8127.97 3198.52
vt -8620.32 3309.22
vt -8679.46 3056.48
vt -8780.56 3077.71
vt -8792.18 3022.1
vt -8878.12 3042.83
vt -8906.42 2929.09
vt -8492.93 2830.52
f 2458/7676/20 2457/7677/20 2459/7678/20 2460/7679/20 2461/7680/20 2462/7681/20 2463/7682/20 2464/7683/20 2465/7684/20 2466/7685/20 

g Mesh187 G_35_83227564948511 Model

v -213.846 0 -57.3353
vt 8419.13 2257.3
v -215.181 0 -57.6178
vt 8471.7 2268.42
v -215.464 0 -55.2553
vt 8482.82 2175.41
v -218.468 0 -55.8973
vt 8601.11 2200.68
v -218.597 0 -54.7418
vt 8606.16 2155.19
v -221.139 0 -55.1783
vt 8706.25 2172.37
v -220.805 0 -56.3338
vt 8693.11 2217.87
v -224.272 0 -56.9245
vt 8829.59 2241.12
v -223.861 0 -59.364
vt 8813.41 2337.16
v -225.684 0 -59.6978
vt 8885.19 2350.31
v -224.143 0 -66.8622
vt 8824.53 2632.37
v -212.254 0 -64.4484
vt 8356.45 2537.34
f 2467/7686/1 2468/7687/1 2469/7688/1 2470/7689/1 2471/7690/1 2472/7691/1 2473/7692/1 2474/7693/1 2475/7694/1 2476/7695/1 2477/7696/1 2478/7697/1 

vt -8757.75 0
vn -0.206959 0 0.97835
vt -8704.02 0
v -213.846 3.65569 -57.3353
vt -8704.02 143.925
v -215.181 3.65569 -57.6178
vt -8757.75 143.925
f 2468/7698/1280 2467/7699/1280 2479/7700/1280 2480/7701/1280 

vt 363.867 0
vn 0.975854 0 0.218422
vt 650.837 0
v -212.254 3.65569 -64.4484
vt 650.837 143.925
vt 363.867 143.925
f 2467/7702/1281 2478/7703/1281 2481/7704/1281 2479/7705/1281 

vt 8694.22 0
vn 0.198965 0 -0.980007
vt 9171.85 0
v -224.143 3.65569 -66.8622
vt 9171.85 143.925
vt 8694.22 143.925
f 2478/7706/1282 2477/7707/1282 2482/7708/1282 2481/7709/1282 

vt -718.201 0
vn -0.977648 0 -0.210247
vt -429.689 0
v -225.684 3.65569 -59.6978
vt -429.689 143.925
vt -718.201 143.925
f 2477/7710/1283 2476/7711/1283 2483/7712/1283 2482/7713/1283 

vt -9163.2 0
vn -0.180104 0 0.983647
vt -9090.22 0
v -223.861 3.65569 -59.364
vt -9090.22 143.925
vt -9163.2 143.925
f 2476/7714/1284 2475/7715/1284 2484/7716/1284 2483/7717/1284 

vt -840.956 0
vn -0.986112 0 -0.166082
vt -743.56 0
v -224.272 3.65569 -56.9245
vt -743.56 143.925
vt -840.956 143.925
f 2475/7718/1285 2474/7719/1285 2485/7720/1285 2484/7721/1285 

vt -9080.56 0
vn -0.16795 0 0.985795
vt -8942.12 0
v -220.805 3.65569 -56.3338
vt -8942.12 143.925
vt -9080.56 143.925
f 2474/7722/1286 2473/7723/1286 2486/7724/1286 2485/7725/1286 

vt 281.944 0
vn -0.960714 0 -0.27754
vt 329.299 0
v -221.139 3.65569 -55.1783
vt 329.299 143.925
vt 281.944 143.925
f 2473/7726/1287 2472/7727/1287 2487/7728/1287 2486/7729/1287 

vt -8948.31 0
vn -0.16924 0 0.985575
vt -8846.76 0
v -218.597 3.65569 -54.7418
vt -8846.76 143.925
vt -8948.31 143.925
f 2472/7730/1288 2471/7731/1288 2488/7732/1288 2487/7733/1288 

vt 1191.61 0
vn 0.993884 0 0.110432
vt 1237.39 0
v -218.468 3.65569 -55.8973
vt 1237.39 143.925
vt 1191.61 143.925
f 2471/7734/1289 2470/7735/1289 2489/7736/1289 2488/7737/1289 

vt -8871.08 0
vn -0.208958 0 0.977925
vt -8750.13 0
v -215.464 3.65569 -55.2553
vt -8750.13 143.925
vt -8871.08 143.925
f 2470/7738/1290 2469/7739/1290 2490/7740/1290 2489/7741/1290 

vt 1152.94 0
vn 0.992928 0 0.11872
vt 1246.62 0
vt 1246.62 143.925
vt 1152.94 143.925
f 2469/7742/1291 2468/7743/1291 2480/7744/1291 2490/7745/1291 

vt -8471.7 2268.42
vt -8419.13 2257.3
vt -8356.45 2537.34
vt -8824.53 2632.37
vt -8885.19 2350.31
vt -8813.41 2337.16
vt -8829.59 2241.12
vt -8693.11 2217.87
vt -8706.25 2172.37
vt -8606.16 2155.19
vt -8601.11 2200.68
vt -8482.82 2175.41
f 2480/7746/20 2479/7747/20 2481/7748/20 2482/7749/20 2483/7750/20 2484/7751/20 2485/7752/20 2486/7753/20 2487/7754/20 2488/7755/20 2489/7756/20 2490/7757/20 

g Mesh188 G_39_45195839504687 Model

v -216.709 0 -53.8045
vt 8531.85 2118.29
v -216.979 0 -52.4178
vt 8542.47 2063.69
v -216.208 0 -52.2766
vt 8512.14 2058.13
v -217.518 0 -45.8825
vt 8563.7 1806.4
v -222.911 0 -47.0124
vt 8776.01 1850.88
v -221.447 0 -53.6376
vt 8718.38 2111.72
v -220.959 0 -53.5862
vt 8699.17 2109.69
v -220.676 0 -54.7161
vt 8688.05 2154.18
f 2491/7758/1 2492/7759/1 2493/7760/1 2494/7761/1 2495/7762/1 2496/7763/1 2497/7764/1 2498/7765/1 

vt 395.255 0
vn 0.981615 0 0.19087
vt 450.87 0
v -216.709 2.76652 -53.8045
vt 450.87 108.918
v -216.979 2.76652 -52.4178
vt 395.255 108.918
f 2492/7766/1292 2491/7767/1292 2499/7768/1292 2500/7769/1292 

vt 8789.54 0
vn 0.223938 0 -0.974603
vt 8949.81 0
v -220.676 2.76652 -54.7161
vt 8949.81 108.918
vt 8789.54 108.918
f 2491/7770/1293 2498/7771/1293 2501/7772/1293 2499/7773/1293 

vt 17.3039 0
vn -0.970143 0 -0.242536
vt 63.156 0
v -220.959 2.76652 -53.5862
vt 63.156 108.918
vt 17.3039 108.918
f 2498/7774/1294 2497/7775/1294 2502/7776/1294 2501/7777/1294 

vt 8872.23 0
vn 0.104685 0 -0.994505
vt 8891.54 0
v -221.447 2.76652 -53.6376
vt 8891.54 108.918
vt 8872.23 108.918
f 2497/7778/1295 2496/7779/1295 2503/7780/1295 2502/7781/1295 

vt -181.192 0
vn -0.976453 0 -0.215728
vt 85.9305 0
v -222.911 2.76652 -47.0124
vt 85.9305 108.918
vt -181.192 108.918
f 2496/7782/1296 2495/7783/1296 2504/7784/1296 2503/7785/1296 

vt -8969.05 0
vn -0.205071 0 0.978747
vt -8752.14 0
v -217.518 2.76652 -45.8825
vt -8752.14 108.918
vt -8969.05 108.918
f 2495/7786/1297 2494/7787/1297 2505/7788/1297 2504/7789/1297 

vt 51.3229 0
vn 0.979662 0 0.200654
vt 308.283 0
v -216.208 2.76652 -52.2766
vt 308.283 108.918
vt 51.3229 108.918
f 2494/7790/1298 2493/7791/1298 2506/7792/1298 2505/7793/1298 

vt 8743.74 0
vn 0.180328 0 -0.983607
vt 8774.57 0
vt 8774.57 108.918
vt 8743.74 108.918
f 2493/7794/1299 2492/7795/1299 2500/7796/1299 2506/7797/1299 

vt -8542.47 2063.69
vt -8531.85 2118.29
vt -8688.05 2154.18
vt -8699.17 2109.69
vt -8718.38 2111.72
vt -8776.01 1850.88
vt -8563.7 1806.4
vt -8512.14 2058.13
f 2500/7798/20 2499/7799/20 2501/7800/20 2502/7801/20 2503/7802/20 2504/7803/20 2505/7804/20 2506/7805/20 

g Mesh189 G_28_161018685492465 Model

v -301.093 0 -180.032
vt 11854.1 7087.88
v -303.128 0 -181.201
vt 11934.2 7133.88
v -303.391 0 -180.86
vt 11944.5 7120.49
v -306.681 0 -182.729
vt 12074.1 7194.04
v -301.905 0 -191.061
vt 11886 7522.1
v -302.907 0 -191.652
vt 11925.5 7545.35
v -300.968 0 -194.721
vt 11849.1 7666.16
v -301.353 0 -195.016
vt 11864.3 7677.79
v -293.136 0 -208.24
vt 11540.8 8198.44
v -292.879 0 -207.984
vt 11530.7 8188.33
v -288.77 0 -214.224
vt 11368.9 8434
v -283.002 0 -209.961
vt 11141.8 8266.18
f 2507/7806/1 2508/7807/1 2509/7808/1 2510/7809/1 2511/7810/1 2512/7811/1 2513/7812/1 2514/7813/1 2515/7814/1 2516/7815/1 2517/7816/1 2518/7817/1 

vt -13901.7 0
vn -0.497906 0 0.867231
vt -13809.3 0
v -301.093 4.85809 -180.032
vt -13809.3 191.263
v -303.128 4.85809 -181.201
vt -13901.7 191.263
f 2508/7818/1300 2507/7819/1300 2519/7820/1300 2520/7821/1300 

vt -66.2743 0
vn 0.855804 0 0.517301
vt 1310.56 0
v -283.002 4.85809 -209.961
vt 1310.56 191.263
vt -66.2743 191.263
f 2507/7822/1301 2518/7823/1301 2521/7824/1301 2519/7825/1301 

vt 13873.3 0
vn 0.594328 0 -0.804223
vt 14155.7 0
v -288.77 4.85809 -214.224
vt 14155.7 191.263
vt 13873.3 191.263
f 2518/7826/1302 2517/7827/1302 2522/7828/1302 2521/7829/1302 

vt -792.026 0
vn -0.835209 0 -0.549932
vt -497.887 0
v -292.879 4.85809 -207.984
vt -497.887 191.263
vt -792.026 191.263
f 2517/7830/1303 2516/7831/1303 2523/7832/1303 2522/7833/1303 

vt 13943.4 0
vn 0.707107 0 -0.707107
vt 13957.7 0
v -293.136 4.85809 -208.24
vt 13957.7 191.263
vt 13943.4 191.263
f 2516/7834/1304 2515/7835/1304 2524/7836/1304 2523/7837/1304 

vt -872.72 0
vn -0.849385 0 -0.527773
vt -259.742 0
v -301.353 4.85809 -195.016
vt -259.742 191.263
vt -872.72 191.263
f 2515/7838/1305 2514/7839/1305 2525/7840/1305 2524/7841/1305 

vt -14087 0
vn -0.608432 0 0.793606
vt -14067.9 0
v -300.968 4.85809 -194.721
vt -14067.9 191.263
vt -14087 191.263
f 2514/7842/1306 2513/7843/1306 2526/7844/1306 2525/7845/1306 

vt -152.082 0
vn -0.845405 0 -0.534126
vt -9.17728 0
v -302.907 4.85809 -191.652
vt -9.17728 191.263
vt -152.082 191.263
f 2513/7846/1307 2512/7847/1307 2527/7848/1307 2526/7849/1307 

vt -14105.1 0
vt -14059.3 0
v -301.905 4.85809 -191.061
vt -14059.3 191.263
vt -14105.1 191.263
f 2512/7850/195 2511/7851/195 2528/7852/195 2527/7853/195 

vt -615.247 0
vn -0.867584 0 -0.49729
vt -237.113 0
v -306.681 4.85809 -182.729
vt -237.113 191.263
vt -615.247 191.263
f 2511/7854/1308 2510/7855/1308 2529/7856/1308 2528/7857/1308 

vt -14051.7 0
vn -0.493762 0 0.869597
vt -13902.8 0
v -303.391 4.85809 -180.86
vt -13902.8 191.263
vt -14051.7 191.263
f 2510/7858/1309 2509/7859/1309 2530/7860/1309 2529/7861/1309 

vt -1676.54 0
vn 0.790957 0 0.611872
vt -1659.6 0
vt -1659.6 191.263
vt -1676.54 191.263
f 2509/7862/1310 2508/7863/1310 2520/7864/1310 2530/7865/1310 

vt -11934.2 7133.88
vt -11854.1 7087.88
vt -11141.8 8266.18
vt -11368.9 8434
vt -11530.7 8188.33
vt -11540.8 8198.44
vt -11864.3 7677.79
vt -11849.1 7666.16
vt -11925.5 7545.35
vt -11886 7522.1
vt -12074.1 7194.04
vt -11944.5 7120.49
f 2520/7866/20 2519/7867/20 2521/7868/20 2522/7869/20 2523/7870/20 2524/7871/20 2525/7872/20 2526/7873/20 2527/7874/20 2528/7875/20 2529/7876/20 2530/7877/20 

g Mesh190 G_30_51059634669127 Model

v -245.768 0 -174.03
vt 9675.9 6851.57
v -246.583 0 -172.438
vt 9708 6788.89
v -246.808 0 -172.406
vt 9716.85 6787.62
v -247.63 0 -170.846
vt 9749.2 6726.21
v -247.315 0 -170.666
vt 9736.82 6719.13
v -248.477 0 -168.387
vt 9782.56 6629.4
v -262.575 0 -176.887
vt 10337.6 6964.04
f 1770/5579/1 2531/7878/1 2532/7879/1 2533/7880/1 2534/7881/1 2535/7882/1 2536/7883/1 2537/7884/1 1773/5582/1 1772/5581/1 1771/5580/1 

vt 11834.6 0
vn 0.527683 0 -0.849441
vt 11854.2 0
v -246.192 4.27993 -174.293
vt 11854.2 168.501
v -245.768 4.27993 -174.03
vt 11834.6 168.501
f 2531/7885/1311 1770/7886/1311 2538/7887/1311 2539/7888/1311 

vt 11873.9 0
vn 0.563324 0 -0.826236
vt 12187.2 0
v -252.769 4.27993 -178.777
vt 12187.2 168.501
vt 11873.9 168.501
f 1770/7889/1312 1771/7890/1312 2540/7891/1312 2538/7892/1312 

vt 1065.4 0
vn 0.863779 0 0.503871
vt 1262.03 0
v -250.252 4.27993 -183.091
vt 1262.03 168.501
vt 1065.4 168.501
f 1771/7893/1313 1772/7894/1313 2541/7895/1313 2540/7896/1313 

vt 12167.6 0
vn 0.52304 0 -0.852308
vt 12439.7 0
v -256.143 4.27993 -186.706
vt 12439.7 168.501
vt 12167.6 168.501
f 1772/7897/1314 1773/7898/1314 2542/7899/1314 2541/7900/1314 

vt -161.189 0
v -262.575 4.27993 -176.887
vt -161.189 168.501
vt -623.34 168.501
f 1773/5598/953 2537/7901/953 2543/7902/953 2542/7903/953 

vt -12448.7 0
vn -0.51633 0 0.85639
vt -11800.6 0
v -248.477 4.27993 -168.387
vt -11800.6 168.501
vt -12448.7 168.501
f 2537/7904/1315 2536/7905/1315 2544/7906/1315 2543/7907/1315 

vt 1462.55 0
vn 0.890886 0 0.454227
vt 1563.26 0
v -247.315 4.27993 -170.666
vt 1563.26 168.501
vt 1462.55 168.501
f 2536/7908/1316 2535/7909/1316 2545/7910/1316 2544/7911/1316 

vt 11787.5 0
vt 11801.8 0
v -247.63 4.27993 -170.846
vt 11801.8 168.501
vt 11787.5 168.501
f 2535/7912/690 2534/7913/690 2546/7914/690 2545/7915/690 

vt 1407.5 0
vn 0.88476 0 0.466047
vt 1476.91 0
v -246.808 4.27993 -172.406
vt 1476.91 168.501
vt 1407.5 168.501
f 2534/7916/1317 2533/7917/1317 2547/7918/1317 2546/7919/1317 

vt -8659.28 0
vn 0.141421 0 0.989949
vt -8650.34 0
v -246.583 4.27993 -172.438
vt -8650.34 168.501
vt -8659.28 168.501
f 2533/7920/1318 2532/7921/1318 2548/7922/1318 2547/7923/1318 

vt 1617.67 0
vn 0.890079 0 0.455807
vt 1688.09 0
vt 1688.09 168.501
vt 1617.67 168.501
f 2532/7924/1319 2531/7925/1319 2539/7926/1319 2548/7927/1319 

vt -9675.9 6851.57
vt -10337.6 6964.04
vt -9782.56 6629.4
vt -9736.82 6719.13
vt -9749.2 6726.21
vt -9716.85 6787.62
vt -9708 6788.89
f 2539/7928/20 2538/5638/20 2540/5637/20 2541/5636/20 2542/5635/20 2543/7929/20 2544/7930/20 2545/7931/20 2546/7932/20 2547/7933/20 2548/7934/20 

g Mesh191 G_27_771543995918357 Model

v -263.974 0 -132.745
vt 10392.7 5226.16
v -285.365 0 -139.472
vt 11234.8 5491.04
v -281.77 0 -151.619
vt 11093.3 5969.23
v -270.163 0 -148.126
vt 10636.3 5831.74
v -270.831 0 -145.712
vt 10662.6 5736.71
v -261.355 0 -142.708
vt 10289.6 5618.42
f 2549/7935/1 2550/7936/1 2551/7937/1 2552/7938/1 2553/7939/1 2554/7940/1 

vt -12364.7 0
vn -0.300035 0 0.953928
vt -11481.9 0
v -263.974 4.09708 -132.745
vt -11481.9 161.302
v -285.365 4.09708 -139.472
vt -12364.7 161.302
f 2550/7941/1320 2549/7942/1320 2555/7943/1320 2556/7944/1320 

vt 2412.11 0
vn 0.967139 0 0.254248
vt 2817.7 0
v -261.355 4.09708 -142.708
vt 2817.7 161.302
vt 2412.11 161.302
f 2549/7945/1321 2554/7946/1321 2557/7947/1321 2555/7948/1321 

vt 11506.5 0
vn 0.302244 0 -0.953231
vt 11897.8 0
v -270.831 4.09708 -145.712
vt 11897.8 161.302
vt 11506.5 161.302
f 2554/7949/1322 2553/7950/1322 2558/7951/1322 2557/7952/1322 

vt 2686.6 0
vn 0.963811 0 0.266586
vt 2785.2 0
v -270.163 4.09708 -148.126
vt 2785.2 161.302
vt 2686.6 161.302
f 2553/7953/1323 2552/7954/1323 2559/7955/1323 2558/7956/1323 

vt 11865.5 0
vn 0.288125 0 -0.957593
vt 12342.7 0
v -281.77 4.09708 -151.619
vt 12342.7 161.302
vt 11865.5 161.302
f 2552/7957/1324 2551/7958/1324 2560/7959/1324 2559/7960/1324 

vt -2575.36 0
vn -0.95888 0 -0.283812
vt -2076.67 0
vt -2076.67 161.302
vt -2575.36 161.302
f 2551/7961/1325 2550/7962/1325 2556/7963/1325 2560/7964/1325 

vt -11234.8 5491.04
vt -10392.7 5226.16
vt -10289.6 5618.42
vt -10662.6 5736.71
vt -10636.3 5831.74
vt -11093.3 5969.23
f 2556/7965/20 2555/7966/20 2557/7967/20 2558/7968/20 2559/7969/20 2560/7970/20 

g Mesh192 G_21_274965891072046 Model

v -303.128 0 -153.801
vt 11934.2 6055.17
v -305.003 0 -148.101
vt 12008 5830.73
v -308.007 0 -149.102
vt 12126.3 5870.16
v -306.152 0 -154.803
vt 12053.2 6094.6
f 2561/7971/1 2562/7972/1 2563/7973/1 2564/7974/1 

vt 1787.97 0
vn 0.949959 0 0.312374
vt 2024.23 0
v -303.128 2.86255 -153.801
vt 2024.23 112.699
v -305.003 2.86255 -148.101
vt 1787.97 112.699
f 2562/7975/1326 2561/7976/1326 2565/7977/1326 2566/7978/1326 

vt 13232.8 0
vn 0.314413 0 -0.949286
vt 13358.2 0
v -306.152 2.86255 -154.803
vt 13358.2 112.699
vt 13232.8 112.699
f 2561/7979/1327 2564/7980/1327 2567/7981/1327 2565/7982/1327 

vt -2065.25 0
vn -0.950908 0 -0.309473
vt -1829.22 0
v -308.007 2.86255 -149.102
vt -1829.22 112.699
vt -2065.25 112.699
f 2564/7983/1328 2563/7984/1328 2568/7985/1328 2567/7986/1328 

vt -13360.3 0
vn -0.316228 0 0.948683
vt -13235.6 0
vt -13235.6 112.699
vt -13360.3 112.699
f 2563/7987/1329 2562/7988/1329 2566/7989/1329 2568/7990/1329 

vt -12008 5830.73
vt -11934.2 6055.17
vt -12053.2 6094.6
vt -12126.3 5870.16
f 2566/7991/20 2565/7992/20 2567/7993/20 2568/7994/20 

g Mesh193 G_29_369405754073235 Model

v -308.482 0 -149.192
vt 12145 5873.7
v -315.826 0 -151.387
vt 12434.1 5960.14
v -314.376 0 -155.958
vt 12377 6140.09
v -306.762 0 -153.853
vt 12077.2 6057.19
f 2569/7995/1 2570/7996/1 2571/7997/1 2572/7998/1 

vt -13620.3 0
vn -0.286426 0 0.958102
vt -13318.5 0
v -308.482 3.1893 -149.192
vt -13318.5 125.563
v -315.826 3.1893 -151.387
vt -13620.3 125.563
f 2570/7999/1330 2569/8000/1330 2573/8001/1330 2574/8002/1330 

vt 1304.39 0
vn 0.938122 0 0.346304
vt 1499.99 0
v -306.762 3.1893 -153.853
vt 1499.99 125.563
vt 1304.39 125.563
f 2569/8003/1331 2572/8004/1331 2575/8005/1331 2573/8006/1331 

vt 13254.8 0
vn 0.266554 0 -0.96382
vt 13565.9 0
v -314.376 3.1893 -155.958
vt 13565.9 125.563
vt 13254.8 125.563
f 2572/8007/1332 2571/8008/1332 2576/8009/1332 2575/8010/1332 

vt -2107.8 0
vn -0.953137 0 -0.302541
vt -1919 0
vt -1919 125.563
vt -2107.8 125.563
f 2571/8011/1333 2570/8012/1333 2574/8013/1333 2576/8014/1333 

vt -12434.1 5960.14
vt -12145 5873.7
vt -12077.2 6057.19
vt -12377 6140.09
f 2574/8015/20 2573/8016/20 2575/8017/20 2576/8018/20 

g Mesh194 G_27_170970981518373 Model

v -295.701 0 -72.5148
vt 11641.8 2854.91
v -300.297 0 -73.5162
vt 11822.7 2894.34
v -300.066 0 -74.5691
vt 11813.6 2935.79
v -303.969 0 -75.4935
vt 11967.3 2972.19
v -302.993 0 -80.4238
vt 11928.9 3166.29
v -298.782 0 -79.8332
vt 11763.1 3143.04
v -298.577 0 -81.1172
vt 11755 3193.59
v -298.23 0 -80.9631
vt 11741.3 3187.52
v -297.947 0 -82.6451
vt 11730.2 3253.74
v -293.903 0 -81.9132
vt 11571 3224.93
f 2577/8019/1 2578/8020/1 2579/8021/1 2580/8022/1 2581/8023/1 2582/8024/1 2583/8025/1 2584/8026/1 2585/8027/1 2586/8028/1 

vt -12167.9 0
vn -0.212883 0 0.977078
vt -11982.7 0
v -295.701 3.03627 -72.5148
vt -11982.7 119.538
v -300.297 3.03627 -73.5162
vt -12167.9 119.538
f 2578/8029/1334 2577/8030/1334 2587/8031/1334 2588/8032/1334 

vt 617.16 0
vn 0.982197 0 0.187852
vt 993.886 0
v -293.903 3.03627 -81.9132
vt 993.886 119.538
vt 617.16 119.538
f 2577/8033/1335 2586/8034/1335 2589/8035/1335 2587/8036/1335 

vt 11960.3 0
vt 12122.1 0
v -297.947 3.03627 -82.6451
vt 12122.1 119.538
vt 11960.3 119.538
f 2586/8037/1170 2585/8038/1170 2590/8039/1170 2589/8040/1170 

vt -1266.05 0
vn -0.98619 0 -0.16562
vt -1198.91 0
v -298.23 3.03627 -80.9631
vt -1198.91 119.538
vt -1266.05 119.538
f 2585/8041/1336 2584/8042/1336 2591/8043/1336 2590/8044/1336 

vt 12023.9 0
vn 0.406138 0 -0.913812
vt 12038.9 0
v -298.577 3.03627 -81.1172
vt 12038.9 119.538
vt 12023.9 119.538
f 2584/8045/1337 2583/8046/1337 2592/8047/1337 2591/8048/1337 

vt -1296.3 0
vn -0.987441 0 -0.157991
vt -1245.11 0
v -298.782 3.03627 -79.8332
vt -1245.11 119.538
vt -1296.3 119.538
f 2583/8049/1338 2582/8050/1338 2593/8051/1338 2592/8052/1338 

vn 0.138885 0 -0.990309
vt 12253 0
v -302.993 3.03627 -80.4238
vt 12253 119.538
vt 12085.6 119.538
f 2582/5593/1339 2581/8053/1339 2594/8054/1339 2593/8055/1339 

vt -790.046 0
vn -0.980972 0 -0.194151
vt -592.173 0
v -303.969 3.03627 -75.4935
vt -592.173 119.538
vt -790.046 119.538
f 2581/8056/1340 2580/8057/1340 2595/8058/1340 2594/8059/1340 

vt -12330.1 0
vn -0.230466 0 0.97308
vt -12172.2 0
v -300.066 3.03627 -74.5691
vt -12172.2 119.538
vt -12330.1 119.538
f 2580/8060/1341 2579/8061/1341 2596/8062/1341 2595/8063/1341 

vt -334.59 0
vt -292.153 0
vt -292.153 119.538
vt -334.59 119.538
f 2579/8064/1015 2578/8065/1015 2588/8066/1015 2596/8067/1015 

vt -11822.7 2894.34
vt -11641.8 2854.91
vt -11571 3224.93
vt -11730.2 3253.74
vt -11741.3 3187.52
vt -11755 3193.59
vt -11763.1 3143.04
vt -11928.9 3166.29
vt -11967.3 2972.19
vt -11813.6 2935.79
f 2588/8068/20 2587/8069/20 2589/8070/20 2590/8071/20 2591/8072/20 2592/8073/20 2593/8074/20 2594/8075/20 2595/8076/20 2596/8077/20 

g Mesh195 G_24_270239508644305 Model

v -305.099 0 -89.8994
vt 12011.8 3539.34
v -306.101 0 -84.2243
vt 12051.2 3315.92
v -316.655 0 -86.253
vt 12466.7 3395.79
v -315.242 0 -92.2875
vt 12411.1 3633.37
f 2597/8078/1 2598/8079/1 2599/8080/1 2600/8081/1 

vt 1171.14 0
vn 0.984784 0 0.173785
vt 1398.02 0
v -305.099 3.24775 -89.8994
vt 1398.02 127.864
v -306.101 3.24775 -84.2243
vt 1171.14 127.864
f 2598/8082/1342 2597/8083/1342 2601/8084/1342 2602/8085/1342 

vt 12503.2 0
vn 0.229177 0 -0.973385
vt 12913.5 0
v -315.242 3.24775 -92.2875
vt 12913.5 127.864
vt 12503.2 127.864
f 2597/8086/1343 2600/8087/1343 2603/8088/1343 2601/8089/1343 

vt -709.466 0
vn -0.973688 0 -0.227884
vt -465.466 0
v -316.655 3.24775 -86.253
vt -465.466 127.864
vt -709.466 127.864
f 2600/8090/1344 2599/8091/1344 2604/8092/1344 2603/8093/1344 

vt -12883.6 0
vn -0.188759 0 0.982023
vt -12460.5 0
vt -12460.5 127.864
vt -12883.6 127.864
f 2599/8094/1345 2598/8095/1345 2602/8096/1345 2604/8097/1345 

vt -12051.2 3315.92
vt -12011.8 3539.34
vt -12411.1 3633.37
vt -12466.7 3395.79
f 2602/8098/20 2601/8099/20 2603/8100/20 2604/8101/20 

g Mesh196 G_31_94315876043485 Model

v -225.864 0 -165.155
vt 8892.27 6502.15
v -228.74 0 -153.085
vt 9005.5 6026.99
v -230.306 0 -150.389
vt 9067.17 5920.83
v -233.516 0 -151.262
vt 9193.54 5955.21
v -232.206 0 -155.833
vt 9141.98 6135.16
v -241.271 0 -158.196
vt 9498.86 6228.17
v -238.446 0 -168.518
vt 9387.65 6634.59
f 2605/8102/1 2606/8103/1 2607/8104/1 2608/8105/1 2609/8106/1 2610/8107/1 2611/8108/1 

vt 3775.28 0
vn 0.972762 0 0.231807
vt 4263.75 0
v -225.864 3.58987 -165.155
vt 4263.75 141.333
v -228.74 3.58987 -153.085
vt 3775.28 141.333
f 2606/8109/1346 2605/8110/1346 2612/8111/1346 2613/8112/1346 

vt 10269.9 0
vn 0.258276 0 -0.966071
vt 10782.7 0
v -238.446 3.58987 -168.518
vt 10782.7 141.333
vt 10269.9 141.333
f 2605/8113/1347 2611/8114/1347 2614/8115/1347 2612/8116/1347 

vt -3921.66 0
vn -0.964542 0 -0.263929
vt -3500.31 0
v -241.271 3.58987 -158.196
vt -3500.31 141.333
vt -3921.66 141.333
f 2611/8117/1348 2610/8118/1348 2615/8119/1348 2614/8120/1348 

vt -10762.5 0
vn -0.252199 0 0.967675
vt -10393.8 0
v -232.206 3.58987 -155.833
vt -10393.8 141.333
vt -10762.5 141.333
f 2610/8121/1349 2609/8122/1349 2616/8123/1349 2615/8124/1349 

vn -0.96132 0 -0.275434
vt -3192.64 0
v -233.516 3.58987 -151.262
vt -3192.64 141.333
vt -3379.84 141.333
f 2609/1531/1350 2608/8125/1350 2617/8126/1350 2616/8127/1350 

vt -10434.3 0
vn -0.262464 0 0.964942
vt -10303.3 0
v -230.306 3.58987 -150.389
vt -10303.3 141.333
vt -10434.3 141.333
f 2608/8128/1351 2607/8129/1351 2618/8130/1351 2617/8131/1351 

vt 564.84 0
vn 0.864674 0 0.502334
vt 687.606 0
vt 687.606 141.333
vt 564.84 141.333
f 2607/8132/1352 2606/8133/1352 2613/8134/1352 2618/8135/1352 

vt -9005.5 6026.99
vt -8892.27 6502.15
vt -9387.65 6634.59
vt -9498.86 6228.17
vt -9141.98 6135.16
vt -9193.54 5955.21
vt -9067.17 5920.83
f 2613/8136/20 2612/8137/20 2614/8138/20 2615/8139/20 2616/8140/20 2617/8141/20 2618/8142/20 

g Mesh197 G_38_28677954228205 Model

v -320.343 0 44.4814
vt 12611.9 -1751.24
v -319.202 0 44.7186
vt 12567 -1760.57
v -322.143 0 58.8263
vt 12682.8 -2316
v -330.643 0 57.0801
vt 13017.4 -2247.25
v -330.292 0 55.438
vt 13003.6 -2182.6
v -323.065 0 57.0127
vt 12719.1 -2244.6
f 2619/8143/1 2620/8144/1 2621/8145/1 2622/8146/1 2623/8147/1 2624/8148/1 

vt 11945.5 0
vn 0.203567 0 -0.979061
vt 11991.3 0
v -320.343 2.51832 44.4814
vt 11991.3 99.1465
v -319.202 2.51832 44.7186
vt 11945.5 99.1465
f 2620/8149/1353 2619/8150/1353 2625/8151/1353 2626/8152/1353 

vt 4388.38 0
vn -0.977212 0 -0.212263
vt 4893.24 0
v -323.065 2.51832 57.0127
vt 4893.24 99.1465
vt 4388.38 99.1465
f 2619/8153/1354 2624/8154/1354 2627/8155/1354 2625/8156/1354 

vt 11949.7 0
vn 0.212878 0 -0.977079
vt 12241 0
v -330.292 2.51832 55.438
vt 12241 99.1465
vt 11949.7 99.1465
f 2624/8157/1355 2623/8158/1355 2628/8159/1355 2627/8160/1355 

vt 4849.91 0
vn -0.977954 0 -0.20882
vt 4916.02 0
v -330.643 2.51832 57.0801
vt 4916.02 99.1465
vt 4849.91 99.1465
f 2623/8161/1356 2622/8162/1356 2629/8163/1356 2628/8164/1356 

vt -12298.9 0
vn -0.201235 0 0.979543
vt -11957.3 0
v -322.143 2.51832 58.8263
vt -11957.3 99.1465
vt -12298.9 99.1465
f 2622/8165/1357 2621/8166/1357 2630/8167/1357 2629/8168/1357 

vt -4855.67 0
vn 0.978952 0 0.204089
vt -4288.3 0
vt -4288.3 99.1465
vt -4855.67 99.1465
f 2621/8169/1358 2620/8170/1358 2626/8171/1358 2630/8172/1358 

vt -12567 -1760.57
vt -12611.9 -1751.24
vt -12719.1 -2244.6
vt -13003.6 -2182.6
vt -13017.4 -2247.25
vt -12682.8 -2316
f 2626/8173/20 2625/8174/20 2627/8175/20 2628/8176/20 2629/8177/20 2630/8178/20 

g Mesh198 G_28_175420244720495 Model

v -317.47 0 36.4086
vt 12498.8 -1433.41
v -316.881 0 33.9842
vt 12475.6 -1337.96
v -298.326 0 37.9012
vt 11745.1 -1492.17
v -299.816 0 44.2439
vt 11803.8 -1741.89
v -304.335 0 43.1911
vt 11981.7 -1700.44
v -303.228 0 38.6267
vt 11938.1 -1520.73
v -316.17 0 35.6993
vt 12447.6 -1405.48
v -316.34 0 36.7938
vt 12454.3 -1448.58
f 2631/8179/1 2632/8180/1 2633/8181/1 2634/8182/1 2635/8183/1 2636/8184/1 2637/8185/1 2638/8186/1 

vt 4245.52 0
vn -0.971731 0 -0.236091
vt 4343.75 0
v -317.47 2.60818 36.4086
vt 4343.75 102.684
v -316.881 2.60818 33.9842
vt 4245.52 102.684
f 2632/8187/1359 2631/8188/1359 2639/8189/1359 2640/8190/1359 

vt -11367.7 0
vn -0.322674 0 0.94651
vt -11320.7 0
v -316.34 2.60818 36.7938
vt -11320.7 102.684
vt -11367.7 102.684
f 2631/8191/1360 2638/8192/1360 2641/8193/1360 2639/8194/1360 

vt -3344.14 0
vn 0.988136 0 0.153581
vt -3300.53 0
v -316.17 2.60818 35.6993
vt -3300.53 102.684
vt -3344.14 102.684
f 2638/8195/1361 2637/8196/1361 2642/8197/1361 2641/8198/1361 

vt -11830.9 0
vn -0.220617 0 0.97536
vt -11308.4 0
v -303.228 2.60818 38.6267
vt -11308.4 102.684
vt -11830.9 102.684
f 2637/8199/1362 2636/8200/1362 2643/8201/1362 2642/8202/1362 

vt 4292.58 0
vn -0.971807 0 -0.235776
vt 4477.49 0
v -304.335 2.60818 43.1911
vt 4477.49 102.684
vt 4292.58 102.684
f 2636/8203/1363 2635/8204/1363 2644/8205/1363 2643/8206/1363 

vt -11283.5 0
vn -0.22688 0 0.973923
vt -11100.8 0
v -299.816 2.60818 44.2439
vt -11100.8 102.684
vt -11283.5 102.684
f 2635/8207/1364 2634/8208/1364 2645/8209/1364 2644/8210/1364 

vt -4394.1 0
vn 0.97352 0 0.2286
vt -4137.6 0
v -298.326 2.60818 37.9012
vt -4137.6 102.684
vt -4394.1 102.684
f 2634/8211/1365 2633/8212/1365 2646/8213/1365 2645/8214/1365 

vt 11183.6 0
vn 0.206556 0 -0.978435
vt 11930.2 0
vt 11930.2 102.684
vt 11183.6 102.684
f 2633/8215/1366 2632/8216/1366 2640/8217/1366 2646/8218/1366 

vt -12475.6 -1337.96
vt -12498.8 -1433.41
vt -12454.3 -1448.58
vt -12447.6 -1405.48
vt -11938.1 -1520.73
vt -11981.7 -1700.44
vt -11803.8 -1741.89
vt -11745.1 -1492.17
f 2640/8219/20 2639/8220/20 2641/8221/20 2642/8222/20 2643/8223/20 2644/8224/20 2645/8225/20 2646/8226/20 

g Mesh199 G_32_122401707267514 Model

v -318.043 0 39.1572
vt 12521.4 -1541.62
v -324.04 0 37.9975
vt 12757.5 -1495.97
v -323.886 0 37.3042
vt 12751.4 -1468.67
v -325.814 0 36.8501
vt 12827.3 -1450.79
v -324.737 0 32.3257
vt 12784.9 -1272.67
f 2632/8180/1 2631/8179/1 2647/8227/1 2648/8228/1 2649/8229/1 2650/8230/1 2651/8231/1 

vt -4343.75 0
vn 0.971731 0 0.236091
vt -4245.52 0
v -316.881 2.63815 33.9842
vt -4245.52 103.864
v -317.47 2.63815 36.4086
vt -4343.75 103.864
f 2631/8232/1367 2632/8233/1367 2652/8234/1367 2653/8235/1367 

vt 12246.3 0
v -324.737 2.63815 32.3257
vt 12246.3 103.864
vt 11930.2 103.864
f 2632/8216/1366 2651/8236/1366 2654/8237/1366 2652/8238/1366 

vt 4199.31 0
vn -0.972806 0 -0.231621
vt 4382.41 0
v -325.814 2.63815 36.8501
vt 4382.41 103.864
vt 4199.31 103.864
f 2651/8239/1368 2650/8240/1368 2655/8241/1368 2654/8242/1368 

vt -12153 0
vn -0.229283 0 0.97336
vt -12075 0
v -323.886 2.63815 37.3042
vt -12075 103.864
vt -12153 103.864
f 2650/8243/1369 2649/8244/1369 2656/8245/1369 2655/8246/1369 

vt 4199.87 0
vn -0.976187 0 -0.21693
vt 4227.83 0
v -324.04 2.63815 37.9975
vt 4227.83 103.864
vt 4199.87 103.864
f 2649/8247/1370 2648/8248/1370 2657/8249/1370 2656/8250/1370 

vt -12241.5 0
vn -0.189835 0 0.981816
vt -12001 0
v -318.043 2.63815 39.1572
vt -12001 103.864
vt -12241.5 103.864
f 2648/8251/1371 2647/8252/1371 2658/8253/1371 2657/8254/1371 

vt -4064.64 0
vt -3954.11 0
vt -3954.11 103.864
vt -4064.64 103.864
f 2647/8255/1358 2631/8256/1358 2653/8257/1358 2658/8258/1358 

vt -12784.9 -1272.67
vt -12827.3 -1450.79
vt -12751.4 -1468.67
vt -12757.5 -1495.97
vt -12521.4 -1541.62
f 2653/8220/20 2652/8219/20 2654/8259/20 2655/8260/20 2656/8261/20 2657/8262/20 2658/8263/20 

g Mesh200 G_35_816153977273196 Model

v -322.169 0 29.5781
vt 12683.8 -1164.49
v -306.736 0 33.4813
vt 12076.2 -1318.16
v -307.224 0 35.6383
vt 12095.4 -1403.08
v -322.862 0 32.1973
vt 12711.1 -1267.61
f 2659/8264/1 2660/8265/1 2661/8266/1 2662/8267/1 

vt 11384.4 0
vn 0.245192 0 -0.969475
vt 12011.1 0
v -322.169 2.65167 29.5781
vt 12011.1 104.396
v -306.736 2.65167 33.4813
vt 11384.4 104.396
f 2660/8268/1372 2659/8269/1372 2663/8270/1372 2664/8271/1372 

vt 4371.41 0
vn -0.966705 0 -0.255893
vt 4478.09 0
v -322.862 2.65167 32.1973
vt 4478.09 104.396
vt 4371.41 104.396
f 2659/8272/1373 2662/8273/1373 2665/8274/1373 2663/8275/1373 

vt -12141.8 0
vn -0.214892 0 0.976638
vt -11511.3 0
v -307.224 2.65167 35.6383
vt -11511.3 104.396
vt -12141.8 104.396
f 2662/8276/1374 2661/8277/1374 2666/8278/1374 2665/8279/1374 

vt -4036.97 0
vn 0.97536 0 0.220617
vt -3949.9 0
vt -3949.9 104.396
vt -4036.97 104.396
f 2661/8280/1375 2660/8281/1375 2664/8282/1375 2666/8283/1375 

vt -12076.2 -1318.16
vt -12683.8 -1164.49
vt -12711.1 -1267.61
vt -12095.4 -1403.08
f 2664/8284/20 2663/8285/20 2665/8286/20 2666/8287/20 

g Mesh201 G_30_09170910586968 Model

v -293.047 0 -4.27141
vt 11537.3 168.166
v -300.461 0 -5.19436
vt 11829.2 204.502
v -299.459 0 -5.04028
vt 11789.7 198.436
v -298.894 0 -5.60522
vt 11767.5 220.678
f 2667/8288/1 1451/4607/1 1450/4606/1 1449/4605/1 1448/4604/1 1447/4603/1 2668/8289/1 2669/8290/1 2670/8291/1 

vt -2033.54 0
vn 0.981837 0 0.189727
vt -2023.82 0
v -293.047 3.97229 -4.27141
vt -2023.82 156.389
v -293.094 3.97229 -4.02918
vt -2033.54 156.389
f 1451/8292/1376 2667/8293/1376 2671/8294/1376 2672/8295/1376 

vt 11285.7 0
vn 0.222403 0 -0.974955
vt 11521.9 0
v -298.894 3.97229 -5.60522
vt 11521.9 156.389
vt 11285.7 156.389
f 2667/8296/1377 2670/8297/1377 2673/8298/1377 2671/8299/1377 

vt 8164.83 0
vn -0.707107 0 -0.707107
vt 8196.29 0
v -299.459 3.97229 -5.04028
vt 8196.29 156.389
vt 8164.83 156.389
f 2670/8300/1378 2669/8301/1378 2674/8302/1378 2673/8303/1378 

vt 11682.8 0
vn 0.152057 0 -0.988372
vt 11722.7 0
v -300.461 3.97229 -5.19436
vt 11722.7 156.389
vt 11682.8 156.389
f 2669/8304/1379 2668/8305/1379 2675/8306/1379 2674/8307/1379 

vt 2621.81 0
vn -0.97116 0 -0.238429
vt 2813.3 0
v -301.621 3.97229 -0.470595
vt 2813.3 156.389
vt 2621.81 156.389
f 2668/8308/1380 1447/8309/1380 2676/8310/1380 2675/8311/1380 

vn -0.97116 0 -0.238428
vt 2969.5 0
v -302.566 3.97229 3.38239
vt 2969.5 156.389
f 1447/8309/1381 1448/8312/1381 2677/8313/1381 2676/8310/1381 

vt -11663.2 0
vn -0.192684 0 0.981261
vt -11379.9 0
v -295.505 3.97229 4.76905
vt -11379.9 156.389
vt -11663.2 156.389
f 1448/8314/1382 1449/8315/1382 2678/8316/1382 2677/8317/1382 

vt -2710.53 0
vn 0.976121 0 0.217229
vt -2352.17 0
v -293.527 3.97229 -4.11584
vt -2352.17 156.389
vt -2710.53 156.389
f 1449/8318/1383 1450/8319/1383 2679/8320/1383 2678/8321/1383 

vt -11363.6 0
vt -11346.2 0
vt -11346.2 156.389
vt -11363.6 156.389
f 1450/8322/896 1451/8323/896 2672/8324/896 2679/8325/896 

vt -11537.3 168.166
vt -11767.5 220.678
vt -11789.7 198.436
vt -11829.2 204.502
f 2672/4743/20 2671/8326/20 2673/8327/20 2674/8328/20 2675/8329/20 2676/4747/20 2677/4746/20 2678/4745/20 2679/4744/20 

g Mesh202 G_24_19987558859132 Model

v -301.581 0 -28.5782
vt 11873.3 1125.13
v -288.588 0 -25.7278
vt 11361.7 1012.91
f 1710/5400/1 2680/8330/1 2681/8331/1 1897/5964/1 1896/5963/1 1895/5962/1 1894/5961/1 1711/5401/1 

vt 1531.36 0
vn -0.975186 0 -0.221386
vt 1786.52 0
v -303.016 4.01323 -22.258
vt 1786.52 158.001
v -301.581 4.01323 -28.5782
vt 1531.36 158.001
f 2680/8332/1384 1710/8333/1384 2682/8334/1384 2683/8335/1384 

vt -11821.7 0
v -300.941 4.01323 -21.7798
vt -11737.9 158.001
vt -11821.7 158.001
f 1710/8336/1009 1711/5968/1009 2684/8337/1009 2682/8338/1009 

vt -1766.01 0
vn 0.975577 0 0.219659
vt -1580.91 0
v -299.909 4.01323 -26.3666
vt -1580.91 158.001
vt -1766.01 158.001
f 1711/8339/1385 1894/8340/1385 2685/8341/1385 2684/8342/1385 

vt -11760.6 0
vn -0.211046 0 0.977476
vt -11487.5 0
v -293.129 4.01323 -24.9029
vt -11487.5 158.001
vt -11760.6 158.001
f 1894/8343/1386 1895/8344/1386 2686/8345/1386 2685/8346/1386 

vt -1516.75 0
vn 0.976744 0 0.214407
vt -1474.31 0
v -292.898 4.01323 -25.9557
vt -1474.31 158.001
vt -1516.75 158.001
f 1895/8347/1387 1896/8348/1387 2687/8349/1387 2686/8350/1387 

vt -11504.5 0
vn -0.198731 0 0.980054
vt -11337.3 0
v -288.735 4.01323 -25.1115
vt -11337.3 158.001
vt -11504.5 158.001
f 1896/8351/1388 1897/8352/1388 2688/8353/1388 2687/8354/1388 

vt -1687.08 0
vn 0.972479 0 0.23299
vt -1662.13 0
v -288.588 4.01323 -25.7278
vt -1662.13 158.001
vt -1687.08 158.001
f 1897/8355/1389 2681/8356/1389 2689/8357/1389 2688/8358/1389 

vt 11314.9 0
vn 0.214273 0 -0.976774
vt 11838.6 0
vt 11838.6 158.001
vt 11314.9 158.001
f 2681/8359/1390 2680/8360/1390 2683/8361/1390 2689/8362/1390 

vt -11873.3 1125.13
vt -11361.7 1012.91
f 2683/8363/20 2682/5431/20 2684/5430/20 2685/6010/20 2686/6009/20 2687/6008/20 2688/6007/20 2689/8364/20 

g Mesh203 G_29_420063262510507 Model

v -302.48 0 -12.516
vt 11908.7 492.758
f 1722/5438/1 2690/8365/1 1707/5397/1 1706/5396/1 1723/5439/1 

vt -11764.2 0
v -289.161 3.86457 -9.78002
vt -11228.9 152.149
v -302.48 3.86457 -12.516
vt -11764.2 152.149
f 2690/8366/930 1722/5452/930 2691/8367/930 2692/8368/930 

vt -1777.24 0
vn 0.981915 0 0.189323
vt -1502.41 0
v -287.84 3.86457 -16.6343
vt -1502.41 152.149
vt -1777.24 152.149
f 1722/8369/1391 1723/8370/1391 2693/8371/1391 2691/8372/1391 

vt 11076.2 0
vt 11090.9 0
v -288.199 3.86457 -16.737
vt 11090.9 152.149
vt 11076.2 152.149
f 1723/8373/996 1706/8374/996 2694/8375/996 2693/8376/996 

vt 11256.3 0
vn 0.195479 0 -0.980708
vt 11779 0
v -301.218 3.86457 -19.332
vt 11779 152.149
vt 11256.3 152.149
f 1706/8377/1392 1707/8378/1392 2695/8379/1392 2694/8380/1392 

vt 1409.82 0
vn -0.9833 0 -0.18199
vt 1682.72 0
vt 1682.72 152.149
vt 1409.82 152.149
f 1707/8381/1393 2690/8382/1393 2692/8383/1393 2695/8384/1393 

vt -11908.7 492.758
f 2692/8385/20 2691/5464/20 2693/5463/20 2694/5435/20 2695/5434/20 

g Mesh204 G_28_06051121980875 Model

v -306.226 0 -20.8264
vt 12056.1 819.936
f 1707/5397/1 2690/8365/1 1445/4601/1 1444/4600/1 1443/4599/1 2696/8386/1 1709/5399/1 1708/5398/1 

vt -1682.72 0
vn 0.9833 0 0.18199
vt -1409.82 0
v -301.218 3.88954 -19.332
vt -1409.82 153.132
v -302.48 3.88954 -12.516
vt -1682.72 153.132
f 2690/8387/1394 1707/8388/1394 2697/8389/1394 2698/8390/1394 

vt 11866.6 0
v -303.401 3.88954 -19.7671
vt 11866.6 153.132
vt 11779 153.132
f 1707/8378/1392 1708/8391/1392 2699/8392/1392 2697/8393/1392 

vt -1056.36 0
vn 0.988254 0 0.152823
vt -1040.75 0
v -303.34 3.88954 -20.1591
vt -1040.75 153.132
vt -1056.36 153.132
f 1708/8394/1395 1709/8395/1395 2700/8396/1395 2699/8397/1395 

vt 11814.3 0
vn 0.225306 0 -0.974288
vt 11930.9 0
v -306.226 3.88954 -20.8264
vt 11930.9 153.132
vt 11814.3 153.132
f 1709/8398/1396 2696/8399/1396 2701/8400/1396 2700/8401/1396 

vt 1560.39 0
vn -0.980581 0 -0.196116
vt 1579.92 0
v -306.323 3.88954 -20.34
vt 1579.92 153.132
vt 1560.39 153.132
f 2696/8402/1397 1443/8403/1397 2702/8404/1397 2701/8405/1397 

vt 1849.07 0
v -307.664 3.88954 -13.6363
vt 1849.07 153.132
f 1443/8403/1397 1444/8406/1397 2703/8407/1397 2702/8404/1397 

vt -11839.2 0
vn -0.258736 0 0.965948
vt -11795.2 0
v -306.585 3.88954 -13.3474
vt -11795.2 153.132
vt -11839.2 153.132
f 1444/8408/1398 1445/8409/1398 2704/8410/1398 2703/8411/1398 

vt -11934.5 0
vn -0.198473 0 0.980106
vt -11769.5 0
vt -11769.5 153.132
vt -11934.5 153.132
f 1445/8412/1399 2690/8413/1399 2698/8414/1399 2704/8415/1399 

vt -12056.1 819.936
f 2698/8385/20 2697/5434/20 2699/5433/20 2700/5432/20 2701/8416/20 2702/4751/20 2703/4750/20 2704/4749/20 

g Mesh205 G_30_873489198949315 Model

v -327.619 0 42.9188
vt 12898.4 -1689.72
v -326.509 0 37.7183
vt 12854.7 -1484.97
v -326.021 0 37.7183
vt 12835.5 -1484.97
f 2647/8227/1 2620/8144/1 2619/8143/1 2705/8417/1 2706/8418/1 2707/8419/1 2650/8230/1 2649/8229/1 2648/8228/1 

v -318.043 3.27061 39.1572
vt -4064.64 128.764
v -319.202 3.27061 44.7186
vt -4288.3 128.764
f 2620/8170/1358 2647/8255/1358 2708/8420/1358 2709/8421/1358 

vt 12001 0
vn 0.189835 0 -0.981816
vt 12241.5 0
v -324.04 3.27061 37.9975
vt 12241.5 128.764
vt 12001 128.764
f 2647/8422/1400 2648/8423/1400 2710/8424/1400 2708/8425/1400 

vt -4227.83 0
vt -4199.87 0
v -323.886 3.27061 37.3042
vt -4199.87 128.764
vt -4227.83 128.764
f 2648/8426/1233 2649/8427/1233 2711/8428/1233 2710/8429/1233 

vt 12075 0
vn 0.229283 0 -0.97336
vt 12153 0
v -325.814 3.27061 36.8501
vt 12153 128.764
vt 12075 128.764
f 2649/8430/1401 2650/8431/1401 2712/8432/1401 2711/8433/1401 

vt 4417.55 0
v -326.021 3.27061 37.7183
vt 4417.55 128.764
vt 4382.41 128.764
f 2650/8240/1368 2707/8434/1368 2713/8435/1368 2712/8436/1368 

vt 12835.5 0
vn 0 0 -1
vt 12854.7 0
v -326.509 3.27061 37.7183
vt 12854.7 128.764
vt 12835.5 128.764
f 2707/8437/1402 2706/8438/1402 2714/8439/1402 2713/8440/1402 

vt 4136.55 0
vt 4345.91 0
v -327.619 3.27061 42.9188
vt 4345.91 128.764
vt 4136.55 128.764
f 2706/8441/1356 2705/8442/1356 2715/8443/1356 2714/8444/1356 

vt -12256.1 0
vn -0.209967 0 0.977708
vt -11963.1 0
v -320.343 3.27061 44.4814
vt -11963.1 128.764
vt -12256.1 128.764
f 2705/8445/1403 2619/8446/1403 2716/8447/1403 2715/8448/1403 

vt -11991.3 0
vn -0.203567 0 0.979061
vt -11945.5 0
vt -11945.5 128.764
vt -11991.3 128.764
f 2619/8449/1404 2620/8450/1404 2709/8451/1404 2716/8452/1404 

vt -12835.5 -1484.97
vt -12854.7 -1484.97
vt -12898.4 -1689.72
f 2709/8173/20 2708/8263/20 2710/8262/20 2711/8261/20 2712/8260/20 2713/8453/20 2714/8454/20 2715/8455/20 2716/8174/20 

g Mesh206 G_30_090418544145844 Model

v -217.351 0 60.9127
vt 8557.13 -2398.14
v -228.945 0 51.572
vt 9013.59 -2030.39
v -220.266 0 53.4466
vt 8671.88 -2104.2
v -215.99 0 54.0918
vt 8503.55 -2129.6
f 2717/8456/1 1331/4261/1 1330/4260/1 1329/4259/1 1328/4258/1 2718/8457/1 2719/8458/1 2720/8459/1 

vt -4395.99 0
v -217.351 5.52166 60.9127
vt -4395.99 217.388
v -218.852 5.52166 66.9348
vt -4640.33 217.388
f 1331/4287/742 2717/8460/742 2721/8461/742 2722/8462/742 

vt -4026.17 0
vn 0.980669 0 0.195672
vt -3752.34 0
v -215.99 5.52166 54.0918
vt -3752.34 217.388
vt -4026.17 217.388
f 2717/8463/1405 2720/8464/1405 2723/8465/1405 2721/8466/1405 

vt 8090.59 0
vn 0.149212 0 -0.988805
vt 8260.83 0
v -220.266 5.52166 53.4466
vt 8260.83 217.388
vt 8090.59 217.388
f 2720/8467/1406 2719/8468/1406 2724/8469/1406 2723/8470/1406 

vt 8032.22 0
vn 0.211109 0 -0.977463
vt 8381.81 0
v -228.945 5.52166 51.572
vt 8381.81 217.388
vt 8032.22 217.388
f 2719/8471/1407 2718/8472/1407 2725/8473/1407 2724/8474/1407 

vt 3967.29 0
vn -0.975403 0 -0.220427
v -233.412 5.52166 71.3399
vt 4765.18 217.388
vt 3967.29 217.388
f 2718/8475/1408 1328/4270/1408 2726/8476/1408 2725/8477/1408 

vt -8479.7 0
vn -0.191897 0 0.981415
vt -8161.95 0
v -225.491 5.52166 72.8887
vt -8161.95 217.388
vt -8479.7 217.388
f 1328/8478/1409 1329/8479/1409 2727/8480/1409 2726/8481/1409 

vt -4677.95 0
vn 0.977493 0 0.21097
vt -4390.43 0
v -223.951 5.52166 65.75
vt -4390.43 217.388
vt -4677.95 217.388
f 1329/8482/1410 1330/8483/1410 2728/8484/1410 2727/8485/1410 

vt -8002.23 0
vn -0.226341 0 0.974048
vt -7796.14 0
vt -7796.14 217.388
vt -8002.23 217.388
f 1330/8486/1411 1331/8487/1411 2722/8488/1411 2728/8489/1411 

vt -8557.13 -2398.14
vt -8503.55 -2129.6
vt -8671.88 -2104.2
vt -9013.59 -2030.39
f 2722/4304/20 2721/8490/20 2723/8491/20 2724/8492/20 2725/8493/20 2726/4299/20 2727/4298/20 2728/4305/20 

g Mesh207 G_31_581603795200497 Model

v -193.585 0 63.4999
vt 7621.47 -2499.99
v -190.575 0 64.0848
vt 7502.94 -2523.02
v -191.839 0 71.9482
vt 7552.72 -2832.61
v -191.364 0 72.0188
vt 7534.02 -2835.39
v -192.776 0 81.4622
vt 7589.62 -3207.17
v -201.058 0 79.8573
vt 7915.66 -3143.99
v -198.618 0 62.5241
vt 7819.62 -2461.58
f 2729/8494/1 2730/8495/1 2731/8496/1 2732/8497/1 2733/8498/1 2734/8499/1 2735/8500/1 

vt 6883.99 0
vn 0.190728 0 -0.981643
vt 7004.74 0
v -193.585 3.75784 63.4999
vt 7004.74 147.946
v -190.575 3.75784 64.0848
vt 6883.99 147.946
f 2730/8501/1412 2729/8502/1412 2736/8503/1412 2737/8504/1412 

vt 7006.31 0
vn 0.190333 0 -0.98172
vt 7208.15 0
v -198.618 3.75784 62.5241
vt 7208.15 147.946
vt 7006.31 147.946
f 2729/8505/1413 2735/8506/1413 2738/8507/1413 2736/8508/1413 

vt 3527.35 0
vn -0.990241 0 -0.139367
vt 4216.49 0
v -201.058 3.75784 79.8573
vt 4216.49 147.946
vt 3527.35 147.946
f 2735/8509/1414 2734/8510/1414 2739/8511/1414 2738/8512/1414 

vt -7172.9 0
vn -0.190259 0 0.981734
vt -6840.8 0
v -192.776 3.75784 81.4622
vt -6840.8 147.946
vt -7172.9 147.946
f 2734/8513/1415 2733/8514/1415 2740/8515/1415 2739/8516/1415 

vt -4294.5 0
vn 0.989 0 0.147913
vt -3918.58 0
v -191.364 3.75784 72.0188
vt -3918.58 147.946
vt -4294.5 147.946
f 2733/8517/1416 2732/8518/1416 2741/8519/1416 2740/8520/1416 

vt 7035.24 0
vn 0.147033 0 -0.989132
vt 7054.15 0
v -191.839 3.75784 71.9482
vt 7054.15 147.946
vt 7035.24 147.946
f 2732/8521/1417 2731/8522/1417 2742/8523/1417 2741/8524/1417 

vt -3995.78 0
vn 0.987316 0 0.158764
vt -3682.22 0
vt -3682.22 147.946
vt -3995.78 147.946
f 2731/8525/1418 2730/8526/1418 2737/8527/1418 2742/8528/1418 

vt -7502.94 -2523.02
vt -7621.47 -2499.99
vt -7819.62 -2461.58
vt -7915.66 -3143.99
vt -7589.62 -3207.17
vt -7534.02 -2835.39
vt -7552.72 -2832.61
f 2737/8529/20 2736/8530/20 2738/8531/20 2739/8532/20 2740/8533/20 2741/8534/20 2742/8535/20 

g Mesh208 G_42_37756779429048 Model

v -193.483 0 61.7794
vt 7617.42 -2432.26
v -198.593 0 60.932
vt 7818.61 -2398.9
v -198.182 0 57.2342
vt 7802.43 -2253.32
v -192.918 0 57.7735
vt 7595.18 -2274.55
v -192.943 0 61.1374
vt 7596.19 -2406.98
v -190.196 0 61.728
vt 7488.02 -2430.24
f 2730/8495/1 2729/8494/1 2743/8536/1 2744/8537/1 2745/8538/1 2746/8539/1 2747/8540/1 2748/8541/1 

vt -7004.74 0
vn -0.190728 0 0.981643
vt -6883.99 0
v -190.575 3.98437 64.0848
vt -6883.99 156.865
v -193.585 3.98437 63.4999
vt -7004.74 156.865
f 2729/8542/1419 2730/8543/1419 2749/8544/1419 2750/8545/1419 

vt -3588.24 0
v -190.196 3.98437 61.728
vt -3588.24 156.865
vt -3682.22 156.865
f 2730/8526/1418 2748/8546/1418 2751/8547/1418 2749/8548/1418 

vt 6810.08 0
vn 0.210153 0 -0.977669
vt 6920.72 0
v -192.943 3.98437 61.1374
vt 6920.72 156.865
vt 6810.08 156.865
f 2748/8549/1420 2747/8550/1420 2752/8551/1420 2751/8552/1420 

vt -2464.9 0
vn 0.999971 0 0.00763336
vt -2332.46 0
v -192.918 3.98437 57.7735
vt -2332.46 156.865
vt -2464.9 156.865
f 2747/8553/1421 2746/8554/1421 2753/8555/1421 2752/8556/1421 

vt 7323.85 0
vn 0.101906 0 -0.994794
vt 7532.19 0
v -198.182 3.98437 57.2342
vt 7532.19 156.865
vt 7323.85 156.865
f 2746/8557/1422 2745/8558/1422 2754/8559/1422 2753/8560/1422 

vt 3101.17 0
vt 3247.65 0
v -198.593 3.98437 60.932
vt 3247.65 156.865
vt 3101.17 156.865
f 2745/8561/756 2744/8562/756 2755/8563/756 2754/8564/756 

vt -7320.83 0
vn -0.163595 0 0.986528
vt -7116.89 0
v -193.483 3.98437 61.7794
vt -7116.89 156.865
vt -7320.83 156.865
f 2744/8565/1423 2743/8566/1423 2756/8567/1423 2755/8568/1423 

vt 2881.9 0
vn -0.998223 0 -0.0595954
vt 2949.76 0
vt 2949.76 156.865
vt 2881.9 156.865
f 2743/8569/1424 2729/8570/1424 2750/8571/1424 2756/8572/1424 

vt -7488.02 -2430.24
vt -7596.19 -2406.98
vt -7595.18 -2274.55
vt -7802.43 -2253.32
vt -7818.61 -2398.9
vt -7617.42 -2432.26
f 2750/8530/20 2749/8529/20 2751/8573/20 2752/8574/20 2753/8575/20 2754/8576/20 2755/8577/20 2756/8578/20 

g Mesh209 G_27_77053570395019 Model

v -170.353 0 85.0205
vt 6706.81 -3347.26
v -161.206 0 73.5435
vt 6346.69 -2895.42
v -163.047 0 86.1839
vt 6419.16 -3393.07
f 2757/8579/1 240/735/1 2758/8580/1 2759/8581/1 

vt 3737.77 0
vn -0.99042 0 -0.138087
vt 4241.32 0
v -170.353 3.39115 85.0205
vt 4241.32 133.51
v -168.587 3.39115 72.3527
vt 3737.77 133.51
f 240/8582/1425 2757/8583/1425 2760/8584/1425 2761/8585/1425 

vt -6097 0
vn -0.157254 0 0.987558
vt -5805.72 0
v -163.047 3.39115 86.1839
vt -5805.72 133.51
vt -6097 133.51
f 2757/8586/1426 2759/8587/1426 2762/8588/1426 2760/8589/1426 

vt -4282.71 0
vn 0.989562 0 0.144109
vt -3779.8 0
v -161.206 3.39115 73.5435
vt -3779.8 133.51
vt -4282.71 133.51
f 2759/8590/1427 2758/8591/1427 2763/8592/1427 2762/8593/1427 

vt 5804.46 0
vn 0.159284 0 -0.987233
vt 6098.81 0
vt 6098.81 133.51
vt 5804.46 133.51
f 2758/8594/1428 240/8595/1428 2761/8596/1428 2763/8597/1428 

vt -6706.81 -3347.26
vt -6419.16 -3393.07
vt -6346.69 -2895.42
f 2761/806/20 2760/8598/20 2762/8599/20 2763/8600/20 

g Mesh210 G_35_3298413343218 Model

v -160.124 0 73.7181
vt 6304.1 -2902.29
f 252/747/1 2764/8601/1 240/735/1 253/748/1 

vt -3787.87 0
v -159.215 3.72208 67.53
vt -3541.63 146.538
v -160.124 3.72208 73.7181
vt -3787.87 146.538
f 2764/8602/128 252/761/128 2765/8603/128 2766/8604/128 

vt 5795.25 0
vn 0.150923 0 -0.988546
vt 6133.99 0
v -167.72 3.72208 66.2315
vt 6133.99 146.538
vt 5795.25 146.538
f 252/8605/1429 253/8606/1429 2767/8607/1429 2765/8608/1429 

vt 3507.46 0
vn -0.990125 0 -0.140186
vt 3750.85 0
v -168.587 3.72208 72.3527
vt 3750.85 146.538
vt 3507.46 146.538
f 253/8609/1430 240/8610/1430 2768/8611/1430 2767/8612/1430 

vt -6098.81 0
vn -0.159284 0 0.987233
vt -5761.33 0
vt -5761.33 146.538
vt -6098.81 146.538
f 240/8613/1431 2764/8614/1431 2766/8615/1431 2768/8616/1431 

vt -6304.1 -2902.29
f 2766/8617/20 2765/808/20 2767/807/20 2768/806/20 

g Mesh211 G_27_806697306793378 Model

v -162.289 0 88.4533
vt 6389.34 -3482.41
v -170.635 0 87.041
vt 6717.9 -3426.81
f 2758/8580/1 2764/8601/1 2769/8618/1 2770/8619/1 2757/8579/1 2759/8581/1 

vt 5761.33 0
v -161.206 2.25448 73.5435
vt 5804.46 88.7592
v -160.124 2.25448 73.7181
vt 5761.33 88.7592
f 2764/8620/1428 2758/8594/1428 2771/8621/1428 2772/8622/1428 

vt 3779.8 0
vn -0.989562 0 -0.144109
vt 4282.71 0
v -163.047 2.25448 86.1839
vt 4282.71 88.7592
vt 3779.8 88.7592
f 2758/8623/1432 2759/8624/1432 2773/8625/1432 2771/8626/1432 

vt 5805.72 0
vn 0.157254 0 -0.987558
vt 6097 0
v -170.353 2.25448 85.0205
vt 6097 88.7592
vt 5805.72 88.7592
f 2759/8627/1433 2757/8628/1433 2774/8629/1433 2773/8630/1433 

vt 4321.64 0
v -170.635 2.25448 87.041
vt 4321.64 88.7592
vt 4241.32 88.7592
f 2757/8583/1425 2770/8631/1425 2775/8632/1425 2774/8633/1425 

vt -6051.93 0
vn -0.166858 0 0.985981
vt -5718.69 0
v -162.289 2.25448 88.4533
vt -5718.69 88.7592
vt -6051.93 88.7592
f 2770/8634/1434 2769/8635/1434 2776/8636/1434 2775/8637/1434 

vt -4374.22 0
vt -3787.87 88.7592
vt -4374.22 88.7592
f 2769/8638/128 2764/8602/128 2772/8639/128 2776/8640/128 

vt -6717.9 -3426.81
vt -6389.34 -3482.41
f 2772/8617/20 2771/8600/20 2773/8599/20 2774/8598/20 2775/8641/20 2776/8642/20 

g Mesh212 G_29_159888317119222 Model

f 2705/8417/1 2619/8143/1 2624/8148/1 2623/8147/1 

vt 11963.1 0
vn 0.209967 0 -0.977708
vt 12256.1 0
v -327.619 3.9274 42.9188
vt 12256.1 154.622
v -320.343 3.9274 44.4814
vt 11963.1 154.622
f 2619/8643/1435 2705/8644/1435 2777/8645/1435 2778/8646/1435 

v -330.292 3.9274 55.438
vt 4849.91 154.622
vt 4345.91 154.622
f 2705/8442/1356 2623/8161/1356 2779/8647/1356 2777/8648/1356 

vt -12241 0
vn -0.212878 0 0.977079
vt -11949.7 0
v -323.065 3.9274 57.0127
vt -11949.7 154.622
vt -12241 154.622
f 2623/8649/1436 2624/8650/1436 2780/8651/1436 2779/8652/1436 

vt -4893.24 0
vn 0.977212 0 0.212263
vt -4388.38 0
vt -4388.38 154.622
vt -4893.24 154.622
f 2624/8653/1437 2619/8654/1437 2778/8655/1437 2780/8656/1437 

f 2778/8174/20 2777/8455/20 2779/8176/20 2780/8175/20 

g Mesh213 G_38_18467303141845 Model

v -298.57 0 -42.785
vt 11754.7 1684.45
v -299.28 0 -39.8287
vt 11782.7 1568.06
v -305.067 0 -41.1159
vt 12010.5 1618.74
v -304.348 0 -44.2487
vt 11982.2 1742.08
f 2781/8657/1 2782/8658/1 2783/8659/1 2784/8660/1 

vt -1224.51 0
vn 0.972397 0 0.233333
vt -1104.81 0
v -298.57 3.86592 -42.785
vt -1104.81 152.202
v -299.28 3.86592 -39.8287
vt -1224.51 152.202
f 2782/8661/1438 2781/8662/1438 2785/8663/1438 2786/8664/1438 

vt 11808.4 0
vt 12043.1 0
v -304.348 3.86592 -44.2487
vt 12043.1 152.202
vt 11808.4 152.202
f 2781/8665/30 2784/8666/30 2787/8667/30 2785/8668/30 

vt 982.396 0
vt 1108.94 0
v -305.067 3.86592 -41.1159
vt 1108.94 152.202
vt 982.396 152.202
f 2784/8669/663 2783/8670/663 2788/8671/663 2787/8672/663 

vt -12075.5 0
vn -0.217102 0 0.976149
vt -11842.1 0
vt -11842.1 152.202
vt -12075.5 152.202
f 2783/8673/1439 2782/8674/1439 2786/8675/1439 2788/8676/1439 

vt -11782.7 1568.06
vt -11754.7 1684.45
vt -11982.2 1742.08
vt -12010.5 1618.74
f 2786/8677/20 2785/8678/20 2787/8679/20 2788/8680/20 

g Mesh214 G_37_900729801962456 Model

v -299.974 0 -36.7047
vt 11810 1445.07
v -297.729 0 -36.2819
vt 11721.6 1428.42
v -298.037 0 -34.0478
vt 11733.8 1340.46
v -300.451 0 -34.3303
vt 11828.8 1351.58
v -300.153 0 -35.8999
vt 11817 1413.38
f 2789/8681/1 2790/8682/1 2791/8683/1 2792/8684/1 2793/8685/1 

vt 11783.5 0
vn 0.185122 0 -0.982716
vt 11873.4 0
v -299.974 3.22126 -36.7047
vt 11873.4 126.821
v -297.729 3.22126 -36.2819
vt 11783.5 126.821
f 2790/8686/1440 2789/8687/1440 2794/8688/1440 2795/8689/1440 

vt 1151.29 0
vt 1183.75 0
v -300.153 3.22126 -35.8999
vt 1183.75 126.821
vt 1151.29 126.821
f 2789/8690/1370 2793/8691/1370 2796/8692/1370 2794/8693/1370 

vt 819.344 0
vn -0.982391 0 -0.186835
vt 882.248 0
v -300.451 3.22126 -34.3303
vt 882.248 126.821
vt 819.344 126.821
f 2793/8694/1441 2792/8695/1441 2797/8696/1441 2796/8697/1441 

vt -11905.7 0
vn -0.116228 0 0.993223
vt -11810 0
v -298.037 3.22126 -34.0478
vt -11810 126.821
vt -11905.7 126.821
f 2792/8698/1442 2791/8699/1442 2798/8700/1442 2797/8701/1442 

vt -275.377 0
vn 0.990621 0 0.136637
vt -186.589 0
vt -186.589 126.821
vt -275.377 126.821
f 2791/8702/1443 2790/8703/1443 2795/8704/1443 2798/8705/1443 

vt -11721.6 1428.42
vt -11810 1445.07
vt -11817 1413.38
vt -11828.8 1351.58
vt -11733.8 1340.46
f 2795/8706/20 2794/8707/20 2796/8708/20 2797/8709/20 2798/8710/20 

g Mesh215 G_25_16131922478218 Model

f 1730/5467/1 1604/5079/1 1603/5078/1 1602/5077/1 1601/5076/1 1731/5468/1 

vt 1202.68 0
v -328.024 4.99454 -52.5045
vt 1202.68 196.635
v -327.441 4.99454 -54.7784
vt 1110.26 196.635
f 1604/5115/877 1730/8711/877 2799/8712/877 2800/8713/877 

vt -12832.7 0
vn -0.345705 0 0.938343
vt -12791.7 0
v -327.048 4.99454 -52.145
vt -12791.7 196.635
vt -12832.7 196.635
f 1730/8714/1444 1731/8715/1444 2801/8716/1444 2799/8717/1444 

vt -13036.1 0
vn -0.176664 0 0.984271
vt -13016 0
v -326.547 4.99454 -52.0551
vt -13016 196.635
vt -13036.1 196.635
f 1731/8718/1445 1601/8719/1445 2802/8720/1445 2801/8721/1445 

vt -12782.7 0
vn 0.0325407 0 0.99947
vt -12755.5 0
v -325.857 4.99454 -52.0776
vt -12755.5 196.635
vt -12782.7 196.635
f 1601/8722/1446 1602/8723/1446 2803/8724/1446 2802/8725/1446 

vt -700.634 0
vn 0.977521 0 0.210838
vt -647.889 0
v -325.575 4.99454 -53.3872
vt -647.889 196.635
vt -700.634 196.635
f 1602/8726/1447 1603/8727/1447 2804/8728/1447 2803/8729/1447 

vt 11533.4 0
vn 0.597598 0 -0.801796
vt 11625.1 0
vt 11625.1 196.635
vt 11533.4 196.635
f 1603/8730/1448 1604/8731/1448 2800/8732/1448 2804/8733/1448 

f 2800/5146/20 2799/5493/20 2801/5492/20 2802/5149/20 2803/5148/20 2804/5147/20 

g Mesh216 G_34_61606735563928 Model

v -311.846 0 -55.4832
vt 12277.4 2184.38
v -305.532 0 -54.2346
vt 12028.8 2135.22
v -306.277 0 -51.1788
vt 12058.2 2014.91
v -305.239 0 -51.0328
vt 12017.3 2009.16
v -305.966 0 -47.343
vt 12045.9 1863.9
f 1609/5084/1 2805/8734/1 2806/8735/1 2807/8736/1 2808/8737/1 2809/8738/1 1598/5073/1 1610/5085/1 

vt 12469.9 0
v -319.569 5.97204 -56.916
vt 12779.1 235.12
v -311.846 5.97204 -55.4832
vt 12469.9 235.12
f 2805/8739/873 1609/5098/873 2810/8740/873 2811/8741/873 

vt -270.13 0
vn -0.987994 0 -0.154494
vt -18.9999 0
v -320.555 5.97204 -50.6139
vt -18.9999 235.12
vt -270.13 235.12
f 1609/8742/1449 1610/8743/1449 2812/8744/1449 2810/8745/1449 

vt -12714.4 0
vn -0.25252 0 0.967592
vt -12348.6 0
v -311.564 5.97204 -48.2675
vt -12348.6 235.12
vt -12714.4 235.12
f 1610/8746/1450 1598/8747/1450 2813/8748/1450 2812/8749/1450 

vt -12412 0
vn -0.162931 0 0.986637
vt -12188.6 0
v -305.966 5.97204 -47.343
vt -12188.6 235.12
vt -12412 235.12
f 1598/8750/1451 2809/8751/1451 2814/8752/1451 2813/8753/1451 

vt -497.787 0
vn 0.98117 0 0.193144
vt -349.734 0
v -305.239 5.97204 -51.0328
vt -349.734 235.12
vt -497.787 235.12
f 2809/8754/1452 2808/8755/1452 2815/8756/1452 2814/8757/1452 

vt 12180 0
vn 0.139359 0 -0.990242
vt 12221.3 0
v -306.277 5.97204 -51.1788
vt 12221.3 235.12
vt 12180 235.12
f 2808/8758/1453 2807/8759/1453 2816/8760/1453 2815/8761/1453 

vt -897.365 0
vn 0.971566 0 0.236768
vt -773.537 0
v -305.532 5.97204 -54.2346
vt -773.537 235.12
vt -897.365 235.12
f 2807/8762/1454 2806/8763/1454 2817/8764/1454 2816/8765/1454 

vt 12214.5 0
vn 0.194006 0 -0.981
vt 12467.9 0
vt 12467.9 235.12
vt 12214.5 235.12
f 2806/8766/1455 2805/8767/1455 2811/8768/1455 2817/8769/1455 

vt -12277.4 2184.38
vt -12045.9 1863.9
vt -12017.3 2009.16
vt -12058.2 2014.91
vt -12028.8 2135.22
f 2811/8770/20 2810/5141/20 2812/5140/20 2813/5139/20 2814/8771/20 2815/8772/20 2816/8773/20 2817/8774/20 

g Mesh217 G_37_59961501715259 Model

v -282.344 0 -59.6386
vt 11115.9 2347.98
v -283.474 0 -54.2089
vt 11160.4 2134.21
v -286.076 0 -54.7304
vt 11262.8 2154.74
v -291.557 0 -55.8287
vt 11478.6 2197.98
f 1627/5154/1 2818/8775/1 2819/8776/1 2820/8777/1 2821/8778/1 1629/5156/1 1628/5155/1 

vt 11359.3 0
vn 0.189008 0 -0.981976
vt 11756.1 0
v -292.24 5.71109 -61.5435
vt 11756.1 224.846
v -282.344 5.71109 -59.6386
vt 11359.3 224.846
f 2818/8779/1456 1627/8780/1456 2822/8781/1456 2823/8782/1456 

vt 11732.5 0
vn 0.141421 0 -0.98995
vt 11756.7 0
v -292.847 5.71109 -61.6301
vt 11756.7 224.846
vt 11732.5 224.846
f 1627/8783/1457 1628/8784/1457 2824/8785/1457 2822/8786/1457 

vt -201.416 0
vn -0.981942 0 -0.189182
vt 12.5658 0
v -293.875 5.71109 -56.2931
vt 12.5658 224.846
vt -201.416 224.846
f 1628/8787/1458 1629/8788/1458 2825/8789/1458 2824/8790/1458 

vt -11779.8 0
vn -0.196478 0 0.980508
vt -11686.8 0
v -291.557 5.71109 -55.8287
vt -11686.8 224.846
vt -11779.8 224.846
f 1629/8791/1459 2821/8792/1459 2826/8793/1459 2825/8794/1459 

vt -11466.7 0
v -286.076 5.71109 -54.7304
vt -11466.7 224.846
f 2821/8792/1459 2820/8795/1459 2827/8796/1459 2826/8793/1459 

vt -11362.2 0
v -283.474 5.71109 -54.2089
vt -11362.2 224.846
f 2820/8795/1459 2819/8797/1459 2828/8798/1459 2827/8796/1459 

vt -184.768 0
vn 0.979018 0 0.203774
vt 33.5818 0
vt 33.5818 224.846
vt -184.768 224.846
f 2819/8799/1460 2818/8800/1460 2823/8801/1460 2828/8802/1460 

vt -11115.9 2347.98
vt -11478.6 2197.98
vt -11262.8 2154.74
vt -11160.4 2134.21
f 2823/8803/20 2822/5195/20 2824/5194/20 2825/5193/20 2826/8804/20 2827/8805/20 2828/8806/20 

g Mesh218 G_32_38753260327014 Model

v -279.099 0 -59.0141
vt 10988.2 2323.39
v -280.306 0 -53.185
vt 11035.7 2093.9
v -282.206 0 -53.4674
vt 11110.5 2105.02
v -282.848 0 -50.1035
vt 11135.8 1972.58
v -282.071 0 -49.9209
vt 11105.2 1965.39
v -283.661 0 -42.4621
vt 11167.8 1671.73
v -298.339 0 -45.3658
vt 11745.6 1786.05
v -302.473 0 -46.2388
vt 11908.4 1820.43
v -302.294 0 -47.0862
vt 11901.3 1853.79
v -301.359 0 -53.1735
vt 11864.5 2093.45
f 2247/7024/1 2820/8777/1 2819/8776/1 2818/8775/1 2829/8807/1 2830/8808/1 2831/8809/1 2832/8810/1 2833/8811/1 2834/8812/1 2835/8813/1 2836/8814/1 2837/8815/1 2838/8816/1 2238/6991/1 2237/6990/1 2236/6989/1 2235/6988/1 2246/7023/1 2250/7027/1 2249/7026/1 2248/7025/1 

vt 270.488 0
vn -0.977481 0 -0.211022
vt 426.979 0
v -286.915 5.23356 -50.845
vt 426.979 206.046
v -286.076 5.23356 -54.7304
vt 270.488 206.046
f 2820/8817/1461 2247/8818/1461 2839/8819/1461 2840/8820/1461 

vt -11448.2 0
vn -0.237377 0 0.971418
vt -11309.8 0
v -283.5 5.23356 -50.0104
vt -11309.8 206.046
vt -11448.2 206.046
f 2247/8821/1462 2248/8822/1462 2841/8823/1462 2839/8824/1462 

vt 161.238 0
vn -0.982224 0 -0.187714
vt 277.031 0
v -284.052 5.23356 -47.1215
vt 277.031 206.046
vt 161.238 206.046
f 2248/8825/1463 2249/8826/1463 2842/8827/1463 2841/8828/1463 

vt 11335.8 0
vn 0.168696 0 -0.985668
vt 11545.6 0
v -289.303 5.23356 -48.0203
vt 11545.6 206.046
vt 11335.8 206.046
f 2249/8829/1464 2250/8830/1464 2843/8831/1464 2842/8832/1464 

vt -234.922 0
vn 0.982967 0 0.183784
vt -108.748 0
v -288.714 5.23356 -51.1705
vt -108.748 206.046
vt -234.922 206.046
f 2250/8833/1465 2246/8834/1465 2844/8835/1465 2843/8836/1465 

v -290.075 5.23356 -51.4167
vt 11598.2 206.046
vt 11543.8 206.046
f 2246/7029/1170 2235/6993/1170 2845/8837/1170 2844/8838/1170 

vt 267.664 0
vn -0.980361 0 -0.19721
vt 533.995 0
v -291.409 5.23356 -44.7848
vt 533.995 206.046
vt 267.664 206.046
f 2235/8839/1466 2236/8840/1466 2846/8841/1466 2845/8842/1466 

vt 11600.5 0
vn 0.186211 0 -0.98251
vt 12013.1 0
v -301.706 5.23356 -46.7364
vt 12013.1 206.046
vt 11600.5 206.046
f 2236/8843/1467 2237/8844/1467 2847/8845/1467 2846/8846/1467 

vt -204.927 0
vn 0.98546 0 0.169907
vt 46.8055 0
v -300.62 5.23356 -53.0374
vt 46.8055 206.046
vt -204.927 206.046
f 2237/8847/1468 2238/8848/1468 2848/8849/1468 2847/8850/1468 

vt 12017.9 0
vn 0.181184 0 -0.983449
vt 12047.4 0
v -301.359 5.23356 -53.1735
vt 12047.4 206.046
vt 12017.9 206.046
f 2238/8851/1469 2838/8852/1469 2849/8853/1469 2848/8854/1469 

vt -268.089 0
vn -0.98841 0 -0.151805
vt -25.6215 0
v -302.294 5.23356 -47.0862
vt -25.6215 206.046
vt -268.089 206.046
f 2838/8855/1470 2837/8856/1470 2850/8857/1470 2849/8858/1470 

vt 656.135 0
vn -0.978234 0 -0.207504
vt 690.24 0
v -302.473 5.23356 -46.2388
vt 690.24 206.046
vt 656.135 206.046
f 2837/8859/1471 2836/8860/1471 2851/8861/1471 2850/8862/1471 

vt -12027.6 0
vn -0.206623 0 0.978421
vt -11861.2 0
v -298.339 5.23356 -45.3658
vt -11861.2 206.046
vt -12027.6 206.046
f 2836/8863/1472 2835/8864/1472 2852/8865/1472 2851/8866/1472 

vt -11868.9 0
vn -0.194068 0 0.980988
vt -11279.9 0
v -283.661 5.23356 -42.4621
vt -11279.9 206.046
vt -11868.9 206.046
f 2835/8867/1473 2834/8868/1473 2853/8869/1473 2852/8870/1473 

vt -693.91 0
vn 0.978015 0 0.208537
vt -393.652 0
v -282.071 5.23356 -49.9209
vt -393.652 206.046
vt -693.91 206.046
f 2834/8871/1474 2833/8872/1474 2854/8873/1474 2853/8874/1474 

vt 11260.4 0
vn 0.228628 0 -0.973514
vt 11291.8 0
v -282.848 5.23356 -50.1035
vt 11291.8 206.046
vt 11260.4 206.046
f 2833/8875/1475 2832/8876/1475 2855/8877/1475 2854/8878/1475 

vt -149.861 0
vn 0.982273 0 0.187457
vt -15.0327 0
v -282.206 5.23356 -53.4674
vt -15.0327 206.046
vt -149.861 206.046
f 2832/8879/1476 2831/8880/1476 2856/8881/1476 2855/8882/1476 

vt -11299.2 0
vn -0.147033 0 0.989132
vt -11223.6 0
v -280.306 5.23356 -53.185
vt -11223.6 206.046
vt -11299.2 206.046
f 2831/8883/1477 2830/8884/1477 2857/8885/1477 2856/8886/1477 

vt -187.055 0
vn 0.979231 0 0.202748
vt 47.305 0
v -279.099 5.23356 -59.0141
vt 47.305 206.046
vt -187.055 206.046
f 2830/8887/1478 2829/8888/1478 2858/8889/1478 2857/8890/1478 

vt 11229.2 0
v -282.344 5.23356 -59.6386
vt 11359.3 206.046
vt 11229.2 206.046
f 2829/8891/1456 2818/8779/1456 2859/8892/1456 2858/8893/1456 

vt -33.5818 0
vn -0.979018 0 -0.203774
vt 184.768 0
v -283.474 5.23356 -54.2089
vt 184.768 206.046
vt -33.5818 206.046
f 2818/8894/1479 2819/8895/1479 2860/8896/1479 2859/8897/1479 

vt 11362.2 0
vn 0.196478 0 -0.980508
vt 11466.7 0
vt 11466.7 206.046
vt 11362.2 206.046
f 2819/8898/1480 2820/8899/1480 2840/8900/1480 2860/8901/1480 

vt -11864.5 2093.45
vt -11901.3 1853.79
vt -11908.4 1820.43
vt -11745.6 1786.05
vt -11167.8 1671.73
vt -11105.2 1965.39
vt -11135.8 1972.58
vt -11110.5 2105.02
vt -11035.7 2093.9
vt -10988.2 2323.39
f 2840/8805/20 2839/7048/20 2841/7052/20 2842/7051/20 2843/7050/20 2844/7049/20 2845/7017/20 2846/7022/20 2847/7021/20 2848/7020/20 2849/8902/20 2850/8903/20 2851/8904/20 2852/8905/20 2853/8906/20 2854/8907/20 2855/8908/20 2856/8909/20 2857/8910/20 2858/8911/20 2859/8803/20 2860/8806/20 

g Mesh219 G_38_401503619573134 Model

f 2820/8777/1 2247/7024/1 2246/7023/1 2235/6988/1 2234/6987/1 2821/8778/1 

vt -426.979 0
vn 0.977481 0 0.211022
vt -270.488 0
v -286.076 8.80019 -54.7304
vt -270.488 346.464
v -286.915 8.80019 -50.845
vt -426.979 346.464
f 2247/8912/1481 2820/8913/1481 2861/8914/1481 2862/8915/1481 

vt 11686.8 0
v -291.557 8.80019 -55.8287
vt 11686.8 346.464
vt 11466.7 346.464
f 2820/8899/1480 2821/8916/1480 2863/8917/1480 2861/8918/1480 

vt -48.3292 0
vn -0.982925 0 -0.184004
vt 112.203 0
v -292.308 8.80019 -51.8208
vt 112.203 346.464
vt -48.3292 346.464
f 2821/8919/1482 2234/8920/1482 2864/8921/1482 2863/8922/1482 

vt -11687.5 0
vn -0.178061 0 0.98402
vt -11598.2 0
v -290.075 8.80019 -51.4167
vt -11598.2 346.464
vt -11687.5 346.464
f 2234/8923/1483 2235/8924/1483 2865/8925/1483 2864/8926/1483 

vt -11543.8 0
v -288.714 8.80019 -51.1705
vt -11543.8 346.464
f 2235/8924/1483 2246/8927/1483 2866/8928/1483 2865/8925/1483 

vt -11471.8 0
vt -11471.8 346.464
f 2246/8927/1483 2247/8929/1483 2862/8930/1483 2866/8928/1483 

f 2862/7048/20 2861/8805/20 2863/8804/20 2864/7018/20 2865/7017/20 2866/7049/20 

g Mesh220 G_28_84755750867704 Model

v -276.069 0 -48.5114
vt 10868.9 1909.9
v -277.635 0 -41.27
vt 10930.5 1624.8
f 2834/8812/1 2833/8811/1 2867/8931/1 2868/8932/1 

vt 393.652 0
vn -0.978015 0 -0.208537
vt 693.91 0
v -283.661 3.6247 -42.4621
vt 693.91 142.705
v -282.071 3.6247 -49.9209
vt 393.652 142.705
f 2833/8933/1484 2834/8934/1484 2869/8935/1484 2870/8936/1484 

vt -11038 0
v -277.635 3.6247 -41.27
vt -11038 142.705
vt -11279.9 142.705
f 2834/8868/1473 2868/8937/1473 2871/8938/1473 2869/8939/1473 

vt -722.884 0
vn 0.977395 0 0.211422
vt -431.194 0
v -276.069 3.6247 -48.5114
vt -431.194 142.705
vt -722.884 142.705
f 2868/8940/1485 2867/8941/1485 2872/8942/1485 2871/8943/1485 

vt 11017.6 0
vt 11260.4 142.705
vt 11017.6 142.705
f 2867/8944/1475 2833/8875/1475 2870/8945/1475 2872/8946/1475 

vt -10930.5 1624.8
vt -10868.9 1909.9
f 2870/8907/20 2869/8906/20 2871/8947/20 2872/8948/20 

g Mesh221 G_29_642383024060774 Model

v -302.544 0 -12.1309
vt 11911.2 477.593
v -291.399 0 -9.87112
vt 11472.4 388.627
v -292.08 0 -6.64842
vt 11499.2 261.749
v -292.581 0 -6.68694
vt 11518.9 263.265
f 1445/4601/1 2690/8365/1 2873/8949/1 2874/8950/1 2875/8951/1 2876/8952/1 2667/8288/1 2670/8291/1 2669/8290/1 2668/8289/1 1447/4603/1 1446/4602/1 

vt 11769.5 0
vn 0.198473 0 -0.980106
vt 11934.5 0
v -306.585 4.44569 -13.3474
vt 11934.5 175.027
v -302.48 4.44569 -12.516
vt 11769.5 175.027
f 2690/8953/1486 1445/8954/1486 2877/8955/1486 2878/8956/1486 

vt 1642.19 0
vn -0.98387 0 -0.178885
vt 2094.31 0
v -308.64 4.44569 -2.04869
vt 2094.31 175.027
vt 1642.19 175.027
f 1445/8957/1487 1446/8958/1487 2879/8959/1487 2877/8960/1487 

vt -11872.9 0
vn -0.219356 0 0.975645
vt -11589.7 0
v -301.621 4.44569 -0.470595
vt -11589.7 175.027
vt -11872.9 175.027
f 1446/8961/1488 1447/8962/1488 2880/8963/1488 2879/8964/1488 

vn 0.97116 0 0.238429
vt -2621.81 0
v -300.461 4.44569 -5.19436
vt -2621.81 175.027
vt -2813.3 175.027
f 1447/4700/1489 2668/8965/1489 2881/8966/1489 2880/8967/1489 

vt -11722.7 0
vn -0.152057 0 0.988372
vt -11682.8 0
v -299.459 4.44569 -5.04028
vt -11682.8 175.027
vt -11722.7 175.027
f 2668/8968/1490 2669/8969/1490 2882/8970/1490 2881/8971/1490 

vt -8196.29 0
vn 0.707107 0 0.707107
vt -8164.83 0
v -298.894 4.44569 -5.60522
vt -8164.83 175.027
vt -8196.29 175.027
f 2669/8972/1491 2670/8973/1491 2883/8974/1491 2882/8975/1491 

vt -11521.9 0
vn -0.222403 0 0.974955
vt -11285.7 0
v -293.047 4.44569 -4.27141
vt -11285.7 175.027
vt -11521.9 175.027
f 2670/8976/1492 2667/8977/1492 2884/8978/1492 2883/8979/1492 

vt -1926.97 0
v -292.581 4.44569 -6.68694
vt -1926.97 175.027
vt -2023.82 175.027
f 2667/8293/1376 2876/8980/1376 2885/8981/1376 2884/8982/1376 

vt -11505.2 0
vn -0.0766965 0 0.997054
vt -11485.4 0
v -292.08 4.44569 -6.64842
vt -11485.4 175.027
vt -11505.2 175.027
f 2876/8983/1493 2875/8984/1493 2886/8985/1493 2885/8986/1493 

vt -2119.63 0
vn 0.978426 0 0.2066
vt -1989.96 0
v -291.399 4.44569 -9.87112
vt -1989.96 175.027
vt -2119.63 175.027
f 2875/8987/1494 2874/8988/1494 2887/8989/1494 2886/8990/1494 

vt 11320.8 0
vn 0.198721 0 -0.980056
vt 11768.5 0
v -302.544 4.44569 -12.1309
vt 11768.5 175.027
vt 11320.8 175.027
f 2874/8991/1495 2873/8992/1495 2888/8993/1495 2887/8994/1495 

vt -1487.09 0
vn 0.986394 0 0.164399
vt -1471.72 0
vt -1471.72 175.027
vt -1487.09 175.027
f 2873/8995/1496 2690/8996/1496 2878/8997/1496 2888/8998/1496 

vt -11518.9 263.265
vt -11499.2 261.749
vt -11472.4 388.627
vt -11911.2 477.593
f 2878/8385/20 2877/4749/20 2879/4748/20 2880/4747/20 2881/8329/20 2882/8328/20 2883/8327/20 2884/8326/20 2885/8999/20 2886/9000/20 2887/9001/20 2888/9002/20 

g Mesh222 G_34_39828953810028 Model

v -317.897 0 -17.1543
vt 12515.6 675.366
v -318.722 0 -12.118
vt 12548.1 477.088
f 2889/9003/1 1439/4595/1 1461/4617/1 1460/4616/1 1459/4615/1 1458/4614/1 2890/9004/1 

vt 12284.7 0
vn 0.107073 0 -0.994251
vt 12516 0
v -317.897 2.85813 -17.1543
vt 12516 112.525
v -312.055 2.85813 -16.5252
vt 12284.7 112.525
f 1439/9005/1497 2889/9006/1497 2891/9007/1497 2892/9008/1497 

vt 1356.6 0
vn -0.986849 0 -0.161644
vt 1557.52 0
v -318.722 2.85813 -12.118
vt 1557.52 112.525
vt 1356.6 112.525
f 2889/9009/1498 2890/9010/1498 2893/9011/1498 2891/9012/1498 

vt -12370.3 0
vn -0.209172 0 0.977879
vt -12177 0
v -313.92 2.85813 -11.0909
vt -12177 112.525
vt -12370.3 112.525
f 2890/9013/1499 1458/9014/1499 2894/9015/1499 2893/9016/1499 

vt -12344.4 0
vn -0.0953216 0 0.995447
vt -12239.7 0
v -311.272 2.85813 -10.8373
vt -12239.7 112.525
vt -12344.4 112.525
f 1458/9017/1500 1459/9018/1500 2895/9019/1500 2894/9020/1500 

vt -1571.4 0
vn 0.986695 0 0.16258
vt -1391.07 0
v -310.527 2.85813 -15.3568
vt -1391.07 112.525
vt -1571.4 112.525
f 1459/9021/1501 1460/9022/1501 2896/9023/1501 2895/9024/1501 

vt 12165.8 0
vn 0.159232 0 -0.987241
vt 12229.2 0
v -312.119 2.85813 -15.6136
vt 12229.2 112.525
vt 12165.8 112.525
f 1460/9025/1502 1461/9026/1502 2897/9027/1502 2896/9028/1502 

vt -250.036 0
vn 0.99753 0 0.0702486
vt -214.058 0
vt -214.058 112.525
vt -250.036 112.525
f 1461/9029/1503 1439/9030/1503 2892/9031/1503 2897/9032/1503 

vt -12515.6 675.366
vt -12548.1 477.088
f 2892/4732/20 2891/9033/20 2893/9034/20 2894/4736/20 2895/4735/20 2896/4734/20 2897/4733/20 

g Mesh223 G_29_491140684964606 Model

v -319.466 0 -8.57434
vt 12577.4 337.572
v -327.555 0 -10.2691
vt 12895.9 404.297
f 2889/9003/1 2890/9004/1 2898/9035/1 2899/9036/1 1911/6012/1 1910/6011/1 1928/6065/1 

vt -1557.52 0
vn 0.986849 0 0.161644
vt -1356.6 0
v -317.897 4.045 -17.1543
vt -1356.6 159.252
v -318.722 4.045 -12.118
vt -1557.52 159.252
f 2890/9037/1504 2889/9038/1504 2900/9039/1504 2901/9040/1504 

vt 12364.4 0
vn 0.216805 0 -0.976215
vt 12488.5 0
v -320.975 4.045 -17.8379
vt 12488.5 159.252
vt 12364.4 159.252
f 2889/9041/1505 1928/9042/1505 2902/9043/1505 2900/9044/1505 

vt 12671.5 0
v -325.512 4.045 -18.8456
vt 12671.5 159.252
f 1928/9042/1505 1910/9045/1505 2903/9046/1505 2902/9043/1505 

vt 12685.5 0
v -325.86 4.045 -18.9229
vt 12685.5 159.252
f 1910/9045/1505 1911/9047/1505 2904/9048/1505 2903/9046/1505 

vt 1734.58 0
vn -0.981357 0 -0.192195
vt 2081.76 0
v -327.555 4.045 -10.2691
vt 2081.76 159.252
vt 1734.58 159.252
f 1911/9049/1506 2899/9050/1506 2905/9051/1506 2904/9052/1506 

vt -12704.7 0
vt -12379.3 0
v -319.466 4.045 -8.57434
vt -12379.3 159.252
vt -12704.7 159.252
f 2899/9053/1297 2898/9054/1297 2906/9055/1297 2905/9056/1297 

vt -2256.23 0
vn 0.978625 0 0.205653
vt -2113.66 0
vt -2113.66 159.252
vt -2256.23 159.252
f 2898/9057/1507 2890/9058/1507 2901/9059/1507 2906/9060/1507 

vt -12895.9 404.297
vt -12577.4 337.572
f 2901/9034/20 2900/9033/20 2902/6084/20 2903/6057/20 2904/6056/20 2905/9061/20 2906/9062/20 

g Mesh224 G_31_365793032566028 Model

v -323.453 0 -37.3732
vt 12734.4 1471.39
v -314.969 0 -35.8228
vt 12400.4 1410.35
v -316.228 0 -28.6584
vt 12449.9 1128.28
v -325.116 0 -30.4014
vt 12799.8 1196.91
v -323.678 0 -37.4374
vt 12743.2 1473.91
f 2907/9063/1 2908/9064/1 2909/9065/1 2910/9066/1 2911/9067/1 

vt 12451.9 0
vn 0.17977 0 -0.983709
vt 12791.4 0
v -323.453 4.45441 -37.3732
vt 12791.4 175.37
v -314.969 4.45441 -35.8228
vt 12451.9 175.37
f 2908/9068/1508 2907/9069/1508 2912/9070/1508 2913/9071/1508 

vt 12648.6 0
vt 12657.8 0
v -323.678 4.45441 -37.4374
vt 12657.8 175.37
vt 12648.6 175.37
f 2907/9072/996 2911/9073/996 2914/9074/996 2912/9075/996 

vt 1107.64 0
vn -0.979747 0 -0.20024
vt 1390.38 0
v -325.116 4.45441 -30.4014
vt 1390.38 175.37
vt 1107.64 175.37
f 2911/9076/1509 2910/9077/1509 2915/9078/1509 2914/9079/1509 

vt -12790.9 0
vn -0.192435 0 0.98131
vt -12434.3 0
v -316.228 4.45441 -28.6584
vt -12434.3 175.37
vt -12790.9 175.37
f 2910/9080/1510 2909/9081/1510 2916/9082/1510 2915/9083/1510 

vt -1042.31 0
vn 0.984925 0 0.17298
vt -755.925 0
vt -755.925 175.37
vt -1042.31 175.37
f 2909/9084/1511 2908/9085/1511 2913/9086/1511 2916/9087/1511 

vt -12400.4 1410.35
vt -12734.4 1471.39
vt -12743.2 1473.91
vt -12799.8 1196.91
vt -12449.9 1128.28
f 2913/9088/20 2912/9089/20 2914/9090/20 2915/9091/20 2916/9092/20 

g Mesh225 G_27_782800538881414 Model

v -314.738 0 -36.3878
vt 12391.3 1432.59
v -308.113 0 -35.0268
vt 12130.4 1379.01
v -309.731 0 -26.0649
vt 12194.1 1026.18
v -316.382 0 -27.6056
vt 12456 1086.83
f 2909/9065/1 2908/9064/1 2917/9093/1 2918/9094/1 2919/9095/1 2920/9096/1 

vt 755.925 0
vn -0.984925 0 -0.17298
vt 1042.31 0
v -316.228 3.8934 -28.6584
vt 1042.31 153.284
v -314.969 3.8934 -35.8228
vt 755.925 153.284
f 2908/9097/1512 2909/9098/1512 2921/9099/1512 2922/9100/1512 

vt 686.342 0
vn -0.989461 0 -0.144799
vt 728.234 0
v -316.382 3.8934 -27.6056
vt 728.234 153.284
vt 686.342 153.284
f 2909/9101/1513 2920/9102/1513 2923/9103/1513 2921/9104/1513 

vt -12379.9 0
vn -0.225684 0 0.974201
vt -12111.1 0
v -309.731 3.8934 -26.0649
vt -12111.1 153.284
vt -12379.9 153.284
f 2920/9105/1514 2919/9106/1514 2924/9107/1514 2923/9108/1514 

vt -1156.37 0
vn 0.984095 0 0.177645
vt -797.832 0
v -308.113 3.8934 -35.0268
vt -797.832 153.284
vt -1156.37 153.284
f 2919/9109/1515 2918/9110/1515 2925/9111/1515 2924/9112/1515 

vt 12159.8 0
vn 0.201224 0 -0.979545
vt 12426.1 0
v -314.738 3.8934 -36.3878
vt 12426.1 153.284
vt 12159.8 153.284
f 2918/9113/1516 2917/9114/1516 2926/9115/1516 2925/9116/1516 

vt 3365.81 0
vn -0.925547 0 -0.378633
vt 3389.84 0
vt 3389.84 153.284
vt 3365.81 153.284
f 2917/9117/1517 2908/9118/1517 2922/9119/1517 2926/9120/1517 

vt -12456 1086.83
vt -12194.1 1026.18
vt -12130.4 1379.01
vt -12391.3 1432.59
f 2922/9088/20 2921/9092/20 2923/9121/20 2924/9122/20 2925/9123/20 2926/9124/20 

g Mesh226 G_31_70821840353825 Model

v -301.258 0 -30.2206
vt 11860.6 1189.79
v -307.445 0 -30.5073
vt 12104.2 1201.08
v -306.033 0 -37.2865
vt 12048.5 1467.97
f 2792/8684/1 2927/9125/1 2928/9126/1 2929/9127/1 2793/8685/1 

vt -1118.59 0
vn 0.981249 0 0.192745
vt -953.702 0
v -300.451 5.0665 -34.3303
vt -953.702 199.469
v -301.258 5.0665 -30.2206
vt -1118.59 199.469
f 2927/9128/1518 2792/9129/1518 2930/9130/1518 2931/9131/1518 

vt -882.248 0
vn 0.982391 0 0.186835
vt -819.344 0
v -300.153 5.0665 -35.8999
vt -819.344 199.469
vt -882.248 199.469
f 2792/9132/1519 2793/9133/1519 2932/9134/1519 2930/9135/1519 

vt 11826 0
vn 0.229513 0 -0.973306
vt 12063.8 0
v -306.033 5.0665 -37.2865
vt 12063.8 199.469
vt 11826 199.469
f 2793/9136/1520 2929/9137/1520 2933/9138/1520 2932/9139/1520 

vt 1020.23 0
vt 1292.86 0
v -307.445 5.0665 -30.5073
vt 1292.86 199.469
vt 1020.23 199.469
f 2929/9140/791 2928/9141/791 2934/9142/791 2933/9143/791 

vt -12146.8 0
vn -0.046296 0 0.998928
vt -11902.9 0
vt -11902.9 199.469
vt -12146.8 199.469
f 2928/9144/1521 2927/9145/1521 2931/9146/1521 2934/9147/1521 

vt -11860.6 1189.79
vt -12048.5 1467.97
vt -12104.2 1201.08
f 2931/9148/20 2930/8709/20 2932/8708/20 2933/9149/20 2934/9150/20 

g Mesh227 G_43_20182393004069 Model

v -307.009 0 -37.4149
vt 12087 1473.03
v -306.762 0 -38.4453
vt 12077.2 1513.59
v -306.068 0 -41.4497
vt 12049.9 1631.88
f 2793/8685/1 2929/9127/1 2935/9151/1 2936/9152/1 2937/9153/1 2783/8659/1 2782/8658/1 2789/8681/1 

vt -12063.8 0
vn -0.229513 0 0.973306
vt -11826 0
v -300.153 3.95206 -35.8999
vt -11826 155.593
v -306.033 3.95206 -37.2865
vt -12063.8 155.593
f 2929/9154/1522 2793/9155/1522 2938/9156/1522 2939/9157/1522 

vt -1183.75 0
vt -1151.29 0
v -299.974 3.95206 -36.7047
vt -1151.29 155.593
vt -1183.75 155.593
f 2793/9158/1233 2789/9159/1233 2940/9160/1233 2938/9161/1233 

vt -1025.3 0
v -299.28 3.95206 -39.8287
vt -1025.3 155.593
f 2789/9159/1233 2782/9162/1233 2941/9163/1233 2940/9160/1233 

vt 11842.1 0
vn 0.217102 0 -0.976149
vt 12075.5 0
v -305.067 3.95206 -41.1159
vt 12075.5 155.593
vt 11842.1 155.593
f 2782/9164/1523 2783/9165/1523 2942/9166/1523 2941/9167/1523 

vt 11906.1 0
vn 0.316228 0 -0.948683
vt 11947.6 0
v -306.068 3.95206 -41.4497
vt 11947.6 155.593
vt 11906.1 155.593
f 2783/9168/1524 2937/9169/1524 2943/9170/1524 2942/9171/1524 

vt 1119.45 0
vt 1240.85 0
v -306.762 3.95206 -38.4453
vt 1240.85 155.593
vt 1119.45 155.593
f 2937/9172/6 2936/9173/6 2944/9174/6 2943/9175/6 

vt 1345.27 0
vn -0.972415 0 -0.233258
vt 1386.99 0
v -307.009 3.95206 -37.4149
vt 1386.99 155.593
vt 1345.27 155.593
f 2936/9176/1525 2935/9177/1525 2945/9178/1525 2944/9179/1525 

vt -12175.8 0
vn -0.130455 0 0.991454
vt -12137.1 0
vt -12137.1 155.593
vt -12175.8 155.593
f 2935/9180/1526 2929/9181/1526 2939/9182/1526 2945/9183/1526 

vt -12049.9 1631.88
vt -12077.2 1513.59
vt -12087 1473.03
f 2939/9149/20 2938/8708/20 2940/8707/20 2941/8677/20 2942/8680/20 2943/9184/20 2944/9185/20 2945/9186/20 

g Mesh228 G_28_475344796866825 Model

v -297.992 0 -44.788
vt 11732 1763.31
v -280.473 0 -41.5139
vt 11042.2 1634.41
v -281.937 0 -33.8424
vt 11099.9 1332.38
v -283.94 0 -34.2532
vt 11178.7 1348.55
v -283.94 0 -33.4572
vt 11178.7 1317.21
f 2782/8658/1 2781/8657/1 2946/9187/1 2947/9188/1 2948/9189/1 2949/9190/1 2950/9191/1 2790/8682/1 2789/8681/1 

vt 1104.81 0
vn -0.972397 0 -0.233333
vt 1224.51 0
v -299.28 3.84867 -39.8287
vt 1224.51 151.522
v -298.57 3.84867 -42.785
vt 1104.81 151.522
f 2781/9192/1527 2782/9193/1527 2951/9194/1527 2952/9195/1527 

vt 1025.3 0
v -299.974 3.84867 -36.7047
vt 1151.29 151.522
vt 1025.3 151.522
f 2782/9196/1370 2789/8690/1370 2953/9197/1370 2951/9198/1370 

vt -11873.4 0
vn -0.185122 0 0.982716
vt -11783.5 0
v -297.729 3.84867 -36.2819
vt -11783.5 151.522
vt -11873.4 151.522
f 2789/9199/1528 2790/9200/1528 2954/9201/1528 2953/9202/1528 

vt -11769.8 0
vn -0.200675 0 0.979658
vt -11215.7 0
v -283.94 3.84867 -33.4572
vt -11215.7 151.522
vt -11769.8 151.522
f 2790/9203/1529 2950/9204/1529 2955/9205/1529 2954/9206/1529 

vt 1317.21 0
vn 1 0 -2.37731e-09
vt 1348.55 0
v -283.94 3.84867 -34.2532
vt 1348.55 151.522
vt 1317.21 151.522
f 2950/9207/1530 2949/9208/1530 2956/9209/1530 2955/9210/1530 

vt -11221.7 0
vn -0.200944 0 0.979603
vt -11141.2 0
v -281.937 3.84867 -33.8424
vt -11141.2 151.522
vt -11221.7 151.522
f 2949/9211/1531 2948/9212/1531 2957/9213/1531 2956/9214/1531 

vt -771.506 0
vn 0.982281 0 0.187414
vt -464.028 0
v -280.473 3.84867 -41.5139
vt -464.028 151.522
vt -771.506 151.522
f 2948/9215/1532 2947/9216/1532 2958/9217/1532 2957/9218/1532 

vt 11154.6 0
vn 0.183701 0 -0.982982
vt 11856.3 0
v -297.992 3.84867 -44.788
vt 11856.3 151.522
vt 11154.6 151.522
f 2947/9219/1533 2946/9220/1533 2959/9221/1533 2958/9222/1533 

vt 1557.42 0
vn -0.960824 0 -0.277161
vt 1639.49 0
vt 1639.49 151.522
vt 1557.42 151.522
f 2946/9223/1534 2781/9224/1534 2952/9225/1534 2959/9226/1534 

vt -11178.7 1317.21
vt -11178.7 1348.55
vt -11099.9 1332.38
vt -11042.2 1634.41
vt -11732 1763.31
f 2952/8678/20 2951/8677/20 2953/8707/20 2954/8706/20 2955/9227/20 2956/9228/20 2957/9229/20 2958/9230/20 2959/9231/20 

g Mesh229 G_37_220396451623316 Model

v -280.805 0 -121.738
vt 11055.3 4792.84
v -280.264 0 -123.131
vt 11034 4847.68
v -280.701 0 -123.414
vt 11051.2 4858.8
v -280.059 0 -125.16
vt 11025.9 4927.55
v -272.917 0 -118.788
vt 10744.8 4676.7
f 2960/9232/1 2961/9233/1 2962/9234/1 2963/9235/1 1740/5497/1 1747/5504/1 1746/5503/1 2964/9236/1 

vt -525.654 0
vn -0.93221 0 -0.361917
vt -466.824 0
v -280.805 5.6189 -121.738
vt -466.824 221.217
v -280.264 5.6189 -123.131
vt -525.654 221.217
f 2961/9237/1535 2960/9238/1535 2965/9239/1535 2966/9240/1535 

vt -12033.7 0
vt -11702.2 0
v -272.917 5.6189 -118.788
vt -11702.2 221.217
vt -12033.7 221.217
f 2960/9241/1033 2964/9242/1033 2967/9243/1033 2965/9244/1033 

vt 899.338 0
vn 0.944836 0 0.327543
vt 979.589 0
v -272.249 5.6189 -120.714
vt 979.589 221.217
vt 899.338 221.217
f 2964/9245/1536 1746/9246/1536 2968/9247/1536 2967/9248/1536 

vt 1086.23 0
vn 0.947787 0 0.318903
vt 1142.9 0
v -271.79 5.6189 -122.078
vt 1142.9 221.217
vt 1086.23 221.217
f 1746/9249/1537 1747/9250/1537 2969/9251/1537 2968/9252/1537 

vt 11705.1 0
vn 0.349209 0 -0.937045
vt 11856.2 0
v -275.385 5.6189 -123.418
vt 11856.2 221.217
vt 11705.1 221.217
f 1747/9253/1538 1740/9254/1538 2970/9255/1538 2969/9256/1538 

vt 12052.5 0
v -280.059 5.6189 -125.16
vt 12052.5 221.217
f 1740/9254/1538 2963/9257/1538 2971/9258/1538 2970/9255/1538 

vt -820.216 0
vn -0.938579 0 -0.345066
vt -746.97 0
v -280.701 5.6189 -123.414
vt -746.97 221.217
vt -820.216 221.217
f 2963/9259/1539 2962/9260/1539 2972/9261/1539 2971/9262/1539 

vt -11917.8 0
vn -0.543251 0 0.83957
vt -11897.3 0
vt -11897.3 221.217
vt -11917.8 221.217
f 2962/9263/1540 2961/9264/1540 2966/9265/1540 2972/9266/1540 

vt -11034 4847.68
vt -11055.3 4792.84
vt -10744.8 4676.7
vt -11025.9 4927.55
vt -11051.2 4858.8
f 2966/9267/20 2965/9268/20 2967/9269/20 2968/5540/20 2969/5539/20 2970/5538/20 2971/9270/20 2972/9271/20 

g Mesh230 G_32_800664081473904 Model

v -282.912 0 -122.526
vt 11138.3 4823.85
v -282.267 0 -124.081
vt 11112.9 4885.08
f 2962/9234/1 2961/9233/1 2960/9232/1 2973/9272/1 2974/9273/1 

vt 11897.3 0
vn 0.543251 0 -0.83957
vt 11917.8 0
v -280.701 7.30875 -123.414
vt 11917.8 287.746
v -280.264 7.30875 -123.131
vt 11897.3 287.746
f 2961/9274/1541 2962/9275/1541 2975/9276/1541 2976/9277/1541 

vt 12071.4 0
vn 0.392098 0 -0.919923
vt 12138.4 0
v -282.267 7.30875 -124.081
vt 12138.4 287.746
vt 12071.4 287.746
f 2962/9278/1542 2974/9279/1542 2977/9280/1542 2975/9281/1542 

vt -258.432 0
vt -192.151 0
v -282.912 7.30875 -122.526
vt -192.151 287.746
vt -258.432 287.746
f 2974/9282/1196 2973/9283/1196 2978/9284/1196 2977/9285/1196 

vt -12122.3 0
v -280.805 7.30875 -121.738
vt -12033.7 287.746
vt -12122.3 287.746
f 2973/9286/1033 2960/9241/1033 2979/9287/1033 2978/9288/1033 

vt 466.824 0
vn 0.93221 0 0.361917
vt 525.654 0
vt 525.654 287.746
vt 466.824 287.746
f 2960/9289/1543 2961/9290/1543 2976/9291/1543 2979/9292/1543 

vt -11112.9 4885.08
vt -11138.3 4823.85
f 2976/9267/20 2975/9271/20 2977/9293/20 2978/9294/20 2979/9268/20 

g Mesh231 G_34_040487490317 Model

v -284.27 0 -130.372
vt 11191.7 5132.77
v -280.752 0 -128.909
vt 11053.2 5075.15
f 2973/9272/1 1936/6087/1 1935/6086/1 2980/9295/1 2981/9296/1 2974/9273/1 

v -282.912 4.39764 -122.526
vt -12122.3 173.135
v -286.746 4.39764 -123.96
vt -12283.5 173.135
f 1936/6111/1033 2973/9286/1033 2982/9297/1033 2983/9298/1033 

vt 192.151 0
vn 0.923814 0 0.382842
vt 258.432 0
v -282.267 4.39764 -124.081
vt 258.432 173.135
vt 192.151 173.135
f 2973/9299/1544 2974/9300/1544 2984/9301/1544 2982/9302/1544 

vt 1333.41 0
vn 0.954118 0 0.299431
vt 1532.61 0
v -280.752 4.39764 -128.909
vt 1532.61 173.135
vt 1333.41 173.135
f 2974/9303/1545 2981/9304/1545 2985/9305/1545 2984/9306/1545 

vt 12154.7 0
vn 0.384137 0 -0.923276
vt 12304.8 0
v -284.27 4.39764 -130.372
vt 12304.8 173.135
vt 12154.7 173.135
f 2981/9307/1546 2980/9308/1546 2986/9309/1546 2985/9310/1546 

vt -757.424 0
vn -0.932888 0 -0.360166
vt -751.872 0
v -284.321 4.39764 -130.241
vt -751.872 173.135
vt -757.424 173.135
f 2980/9311/1547 1935/9312/1547 2987/9313/1547 2986/9314/1547 

vt -486.792 0
vt -486.792 173.135
f 1935/9312/1547 1936/9315/1547 2983/9316/1547 2987/9313/1547 

vt -11053.2 5075.15
vt -11191.7 5132.77
f 2983/6114/20 2982/9294/20 2984/9293/20 2985/9317/20 2986/9318/20 2987/6115/20 

g Mesh232 G_27_89062359491749 Model

v -286.947 0 -132.94
vt 11297.1 5233.87
v -285.416 0 -136.565
vt 11236.8 5376.57
v -281.879 0 -135.248
vt 11097.6 5324.73
v -283.255 0 -131.616
vt 11151.8 5181.75
f 2988/9319/1 2989/9320/1 2990/9321/1 2991/9322/1 

vt -579.495 0
vn -0.92116 0 -0.389183
vt -424.58 0
v -286.947 3.15042 -132.94
vt -424.58 124.032
v -285.416 3.15042 -136.565
vt -579.495 124.032
f 2989/9323/1548 2988/9324/1548 2992/9325/1548 2993/9326/1548 

vt -12400.7 0
vn -0.337518 0 0.941319
vt -12246.3 0
v -283.255 3.15042 -131.616
vt -12246.3 124.032
vt -12400.7 124.032
f 2988/9327/1549 2991/9328/1549 2994/9329/1549 2992/9330/1549 

vt 894.495 0
vn 0.93513 0 0.354304
vt 1047.4 0
v -281.879 3.15042 -135.248
vt 1047.4 124.032
vt 894.495 124.032
f 2991/9331/1550 2990/9332/1550 2995/9333/1550 2994/9334/1550 

vt 12258 0
vn 0.348882 0 -0.937167
vt 12406.6 0
vt 12406.6 124.032
vt 12258 124.032
f 2990/9335/1551 2989/9336/1551 2993/9337/1551 2995/9338/1551 

vt -11236.8 5376.57
vt -11297.1 5233.87
vt -11151.8 5181.75
vt -11097.6 5324.73
f 2993/9339/20 2992/9340/20 2994/9341/20 2995/9342/20 

g Mesh233 G_28_189056756943934 Model

v -287.974 0 -130.411
vt 11337.6 5134.29
v -283.445 0 -131.114
vt 11159.3 5161.97
v -279.632 0 -129.612
vt 11009.1 5102.82
v -280.043 0 -128.495
vt 11025.3 5058.85
f 2996/9343/1 2988/9319/1 2991/9322/1 2997/9344/1 2998/9345/1 2999/9346/1 1656/5245/1 1660/5249/1 1659/5248/1 1741/5498/1 1740/5497/1 2963/9235/1 2962/9234/1 2974/9273/1 2981/9296/1 2980/9295/1 1935/6086/1 1940/6091/1 1939/6090/1 

vt -598.719 0
vn -0.926518 0 -0.376251
vt -491.239 0
v -287.974 4.23295 -130.411
vt -491.239 166.652
v -286.947 4.23295 -132.94
vt -598.719 166.652
f 2988/9347/1552 2996/9348/1552 3000/9349/1552 3001/9350/1552 

vt -12443.3 0
vn -0.393737 0 0.919223
vt -12382.1 0
v -286.545 4.23295 -129.799
vt -12382.1 166.652
vt -12443.3 166.652
f 2996/9351/1553 1939/9352/1553 3002/9353/1553 3000/9354/1553 

vt 868.322 0
vn 0.937591 0 0.347739
vt 918.019 0
v -286.106 4.23295 -130.982
vt 918.019 166.652
vt 868.322 166.652
f 1939/9355/1554 1940/9356/1554 3003/9357/1554 3002/9358/1554 

vt -12380.4 0
vn -0.383539 0 0.923525
vt -12304.3 0
v -284.321 4.23295 -130.241
vt -12304.3 166.652
vt -12380.4 166.652
f 1940/9359/1555 1935/9360/1555 3004/9361/1555 3003/9362/1555 

vt 757.424 0
v -284.27 4.23295 -130.372
vt 757.424 166.652
vt 751.872 166.652
f 1935/6093/1029 2980/9363/1029 3005/9364/1029 3004/9365/1029 

vt -12304.8 0
vn -0.384137 0 0.923276
vt -12154.7 0
v -280.752 4.23295 -128.909
vt -12154.7 166.652
vt -12304.8 166.652
f 2980/9366/1556 2981/9367/1556 3006/9368/1556 3005/9369/1556 

vt -1532.61 0
vn -0.954118 0 -0.299431
vt -1333.41 0
v -282.267 4.23295 -124.081
vt -1333.41 166.652
vt -1532.61 166.652
f 2981/9370/1557 2974/9371/1557 3007/9372/1557 3006/9373/1557 

vt -12138.4 0
vn -0.392098 0 0.919923
vt -12071.4 0
v -280.701 4.23295 -123.414
vt -12071.4 166.652
vt -12138.4 166.652
f 2974/9374/1558 2962/9375/1558 3008/9376/1558 3007/9377/1558 

vt 746.97 0
vn 0.938579 0 0.345066
vt 820.216 0
v -280.059 4.23295 -125.16
vt 820.216 166.652
vt 746.97 166.652
f 2962/9378/1559 2963/9379/1559 3009/9380/1559 3008/9381/1559 

vt -12052.5 0
v -275.385 4.23295 -123.418
vt -11856.2 166.652
vt -12052.5 166.652
f 2963/9382/938 1740/5509/938 3010/9383/938 3009/9384/938 

vt 1303.68 0
vn 0.951913 0 0.30637
vt 1404.26 0
v -274.602 4.23295 -125.85
vt 1404.26 166.652
vt 1303.68 166.652
f 1740/9385/1560 1741/9386/1560 3011/9387/1560 3010/9388/1560 

vt 11927.5 0
v -275.498 4.23295 -126.235
vt 11927.5 166.652
vt 11889.1 166.652
f 1741/5534/944 1659/9389/944 3012/9390/944 3011/9391/944 

vt 11879.7 0
vn 0.330721 0 -0.943729
vt 12046.7 0
v -279.5 4.23295 -127.638
vt 12046.7 166.652
vt 11879.7 166.652
f 1659/9392/1561 1660/9393/1561 3013/9394/1561 3012/9395/1561 

vt 2065.78 0
vn 0.967214 0 0.253961
vt 2089.16 0
v -279.35 4.23295 -128.212
vt 2089.16 166.652
vt 2065.78 166.652
f 1660/9396/1562 1656/9397/1562 3014/9398/1562 3013/9399/1562 

vt 12089.7 0
vn 0.377297 0 -0.926092
vt 12119.1 0
v -280.043 4.23295 -128.495
vt 12119.1 166.652
vt 12089.7 166.652
f 1656/9400/1563 2999/9401/1563 3015/9402/1563 3014/9403/1563 

vt 941.869 0
vn 0.938527 0 0.345205
vt 988.727 0
v -279.632 4.23295 -129.612
vt 988.727 166.652
vt 941.869 166.652
f 2999/9404/1564 2998/9405/1564 3016/9406/1564 3015/9407/1564 

vt 12113.3 0
vn 0.366525 0 -0.930408
vt 12274.7 0
v -283.445 4.23295 -131.114
vt 12274.7 166.652
vt 12113.3 166.652
f 2998/9408/1565 2997/9409/1565 3017/9410/1565 3016/9411/1565 

vt 873.339 0
v -283.255 4.23295 -131.616
vt 894.495 166.652
vt 873.339 166.652
f 2997/9412/1550 2991/9331/1550 3018/9413/1550 3017/9414/1550 

vn 0.337518 0 -0.941319
vt 12400.7 0
vt 12400.7 166.652
vt 12246.3 166.652
f 2991/8236/1566 2988/9415/1566 3001/9416/1566 3018/9417/1566 

vt -11337.6 5134.29
vt -11025.3 5058.85
vt -11009.1 5102.82
vt -11159.3 5161.97
f 3001/9340/20 3000/9418/20 3002/6117/20 3003/6116/20 3004/6115/20 3005/9318/20 3006/9317/20 3007/9293/20 3008/9271/20 3009/9270/20 3010/5538/20 3011/5537/20 3012/5273/20 3013/5272/20 3014/5271/20 3015/9419/20 3016/9420/20 3017/9421/20 3018/9341/20 

g Mesh234 G_41_299356197634346 Model

v -298.49 0 -130.502
vt 11751.6 5137.89
v -316.854 0 -137.174
vt 12474.5 5400.56
v -316.067 0 -140.092
vt 12443.6 5515.43
v -297.705 0 -132.904
vt 11720.7 5232.43
f 3019/9422/1 3020/9423/1 3021/9424/1 3022/9425/1 

vt -13568.9 0
vn -0.341477 0 0.93989
vt -12799.7 0
v -298.49 4.95009 -130.502
vt -12799.7 194.885
v -316.854 4.95009 -137.174
vt -13568.9 194.885
f 3020/9426/1567 3019/9427/1567 3023/9428/1567 3024/9429/1567 

vt 1230.9 0
vn 0.950472 0 0.310811
vt 1330.37 0
v -297.705 4.95009 -132.904
vt 1330.37 194.885
vt 1230.9 194.885
f 3019/9430/1568 3022/9431/1568 3025/9432/1568 3023/9433/1568 

vt 12821.6 0
vn 0.36453 0 -0.931192
vt 13597.9 0
v -316.067 4.95009 -140.092
vt 13597.9 194.885
vt 12821.6 194.885
f 3022/9434/1569 3021/9435/1569 3026/9436/1569 3025/9437/1569 

vt -2087.07 0
vn -0.965544 0 -0.26024
vt -1968.1 0
vt -1968.1 194.885
vt -2087.07 194.885
f 3021/9438/1570 3020/9439/1570 3024/9440/1570 3026/9441/1570 

vt -12474.5 5400.56
vt -11751.6 5137.89
vt -11720.7 5232.43
vt -12443.6 5515.43
f 3024/9442/20 3023/9443/20 3025/9444/20 3026/9445/20 

g Mesh235 G_27_668101227529093 Model

v -317.226 0 -136.25
vt 12489.2 5364.16
v -322.387 0 -138.214
vt 12692.4 5441.5
v -318.369 0 -148.832
vt 12534.2 5859.54
v -313.393 0 -146.98
vt 12338.3 5786.62
f 3021/9424/1 3020/9423/1 3027/9446/1 3028/9447/1 3029/9448/1 3030/9449/1 

vt 1968.1 0
vn 0.965544 0 0.26024
vt 2087.07 0
v -316.067 6.21215 -140.092
vt 2087.07 244.573
v -316.854 6.21215 -137.174
vt 1968.1 244.573
f 3020/9450/1571 3021/9451/1571 3031/9452/1571 3032/9453/1571 

vt 638.319 0
vn 0.932219 0 0.361895
vt 929.225 0
v -313.393 6.21215 -146.98
vt 929.225 244.573
vt 638.319 244.573
f 3021/9454/1572 3030/9455/1572 3033/9456/1572 3031/9457/1572 

vt 13581.9 0
vt 13790.9 0
v -318.369 6.21215 -148.832
vt 13790.9 244.573
vt 13581.9 244.573
f 3030/9458/1551 3029/9459/1551 3034/9460/1551 3033/9461/1551 

vt -1043.41 0
vn -0.935256 0 -0.353972
vt -596.434 0
v -322.387 6.21215 -138.214
vt -596.434 244.573
vt -1043.41 244.573
f 3029/9462/1573 3028/9463/1573 3035/9464/1573 3034/9465/1573 

vt -13797.9 0
vn -0.355705 0 0.934598
vt -13580.5 0
v -317.226 6.21215 -136.25
vt -13580.5 244.573
vt -13797.9 244.573
f 3028/9466/1574 3027/9467/1574 3036/9468/1574 3035/9469/1574 

vt 309.616 0
vn 0.927586 0 0.373611
vt 348.853 0
vt 348.853 244.573
vt 309.616 244.573
f 3027/9470/1575 3020/9471/1575 3032/9472/1575 3036/9473/1575 

vt -12338.3 5786.62
vt -12534.2 5859.54
vt -12692.4 5441.5
vt -12489.2 5364.16
f 3032/9442/20 3031/9445/20 3033/9474/20 3034/9475/20 3035/9476/20 3036/9477/20 

g Mesh236 G_44_4183578365498 Model

v -288.385 0 -129.255
vt 11353.8 5088.8
f 3019/9422/1 3022/9425/1 3037/9478/1 2996/9343/1 1939/6090/1 1938/6089/1 

vt -1330.37 0
vn -0.950472 0 -0.310811
vt -1230.9 0
v -298.49 5.9157 -130.502
vt -1230.9 232.902
v -297.705 5.9157 -132.904
vt -1330.37 232.902
f 3022/9479/1576 3019/9480/1576 3038/9481/1576 3039/9482/1576 

vt -12349.1 0
v -287.734 5.9157 -126.594
vt -12349.1 232.902
vt -12799.7 232.902
f 3019/9427/1567 1938/9483/1567 3040/9484/1567 3038/9485/1567 

vt 733.77 0
v -286.545 5.9157 -129.799
vt 868.322 232.902
vt 733.77 232.902
f 1938/9486/1554 1939/9355/1554 3041/9487/1554 3040/9488/1554 

vt 12382.1 0
vn 0.393737 0 -0.919223
vt 12443.3 0
v -287.974 5.9157 -130.411
vt 12443.3 232.902
vt 12382.1 232.902
f 1939/9489/1577 2996/9490/1577 3042/9491/1577 3041/9492/1577 

vt -1039.41 0
vn -0.942215 0 -0.33501
vt -991.123 0
v -288.385 5.9157 -129.255
vt -991.123 232.902
vt -1039.41 232.902
f 2996/9493/1578 3037/9494/1578 3043/9495/1578 3042/9496/1578 

vt 12427.5 0
vt 12821.6 232.902
vt 12427.5 232.902
f 3037/9497/1569 3022/9434/1569 3039/9498/1569 3043/9499/1569 

vt -11353.8 5088.8
f 3039/9444/20 3038/9443/20 3040/6118/20 3041/6117/20 3042/9418/20 3043/9500/20 

g Mesh237 G_27_292120964230698 Model

v -303.86 0 -53.6344
vt 11963 2111.59
v -304.682 0 -53.8655
vt 11995.3 2120.69
v -310.768 0 -59.8743
vt 12234.9 2357.26
v -303.976 0 -58.5519
vt 11967.5 2305.19
v -303.141 0 -62.6476
vt 11934.7 2466.44
f 3044/9501/1 3045/9502/1 2808/8737/1 2807/8736/1 2806/8735/1 2805/8734/1 3046/9503/1 3047/9504/1 3048/9505/1 1624/5151/1 1631/5158/1 1630/5157/1 1629/5156/1 2821/8778/1 2234/6987/1 2239/6992/1 2238/6991/1 2838/8816/1 

vt -12121.5 0
vt -12087.9 0
v -303.86 3.94153 -53.6344
vt -12087.9 155.178
v -304.682 3.94153 -53.8655
vt -12121.5 155.178
f 3045/9506/221 3044/9507/221 3049/9508/221 3050/9509/221 

vt -12147.6 0
vn -0.181184 0 0.983449
vt -12047.4 0
v -301.359 3.94153 -53.1735
vt -12047.4 155.178
vt -12147.6 155.178
f 3044/9510/1579 2838/9511/1579 3051/9512/1579 3049/9513/1579 

vt -12017.9 0
v -300.62 3.94153 -53.0374
vt -12017.9 155.178
f 2838/9511/1579 2238/9514/1579 3052/9515/1579 3051/9512/1579 

vt 46.8054 0
vt 62.8318 0
v -300.551 3.94153 -53.4386
vt 62.8318 155.178
vt 46.8054 155.178
f 2238/9516/1468 2239/9517/1468 3053/9518/1468 3052/9519/1468 

vt -12016.4 0
vn -0.192588 0 0.98128
vt -11685.7 0
v -292.308 3.94153 -51.8208
vt -11685.7 155.178
vt -12016.4 155.178
f 2239/9520/1580 2234/9521/1580 3054/9522/1580 3053/9523/1580 

vt -112.203 0
vn 0.982925 0 0.184004
vt 48.3292 0
v -291.557 3.94153 -55.8287
vt 48.3292 155.178
vt -112.203 155.178
f 2234/9524/1581 2821/9525/1581 3055/9526/1581 3054/9527/1581 

vt 11779.8 0
v -293.875 3.94153 -56.2931
vt 11779.8 155.178
vt 11686.8 155.178
f 2821/8916/1480 1629/9528/1480 3056/9529/1480 3055/9530/1480 

vt 135.254 0
v -294.465 3.94153 -53.2331
vt 135.254 155.178
vt 12.5658 155.178
f 1629/8788/1458 1630/9531/1458 3057/9532/1458 3056/9533/1458 

vt 11779.2 0
vn 0.195154 0 -0.980773
vt 11981.2 0
v -299.498 3.94153 -54.2346
vt 11981.2 155.178
vt 11779.2 155.178
f 1630/9534/1582 1631/9535/1582 3058/9536/1582 3057/9537/1582 

vt -367.139 0
vn 0.978075 0 0.208251
vt -63.1195 0
v -297.89 3.94153 -61.7874
vt -63.1195 155.178
vt -367.139 155.178
f 1631/9538/1583 1624/9539/1583 3059/9540/1583 3058/9541/1583 

vt 11966.9 0
vn 0.161659 0 -0.986847
vt 12176.4 0
v -303.141 3.94153 -62.6476
vt 12176.4 155.178
vt 11966.9 155.178
f 1624/9542/1584 3048/9543/1584 3060/9544/1584 3059/9545/1584 

vt -33.9133 0
vn -0.979865 0 -0.199659
vt 130.651 0
v -303.976 3.94153 -58.5519
vt 130.651 155.178
vt -33.9133 155.178
f 3048/9546/1585 3047/9547/1585 3061/9548/1585 3060/9549/1585 

vt 12187.5 0
vn 0.191118 0 -0.981567
vt 12459.9 0
v -310.768 3.94153 -59.8743
vt 12459.9 155.178
vt 12187.5 155.178
f 3047/9550/1586 3046/9551/1586 3062/9552/1586 3061/9553/1586 

vt 629.119 0
vn -0.971136 0 -0.238525
vt 807.135 0
v -311.846 3.94153 -55.4832
vt 807.135 155.178
vt 629.119 155.178
f 3046/9554/1587 2805/9555/1587 3063/9556/1587 3062/9557/1587 

vt -12467.9 0
vn -0.194006 0 0.981
vt -12214.5 0
v -305.532 3.94153 -54.2346
vt -12214.5 155.178
vt -12467.9 155.178
f 2805/9558/1588 2806/9559/1588 3064/9560/1588 3063/9561/1588 

vt 773.537 0
vn -0.971566 0 -0.236768
vt 897.365 0
v -306.277 3.94153 -51.1788
vt 897.365 155.178
vt 773.537 155.178
f 2806/9562/1589 2807/9563/1589 3065/9564/1589 3064/9565/1589 

vt -12221.3 0
vn -0.139359 0 0.990242
vt -12180 0
v -305.239 3.94153 -51.0328
vt -12180 155.178
vt -12221.3 155.178
f 2807/9566/1590 2808/9567/1590 3066/9568/1590 3065/9569/1590 

vt -236.07 0
vt -236.07 155.178
vt -349.734 155.178
f 2808/8755/1452 3045/9570/1452 3050/9571/1452 3066/9572/1452 

vt -11995.3 2120.69
vt -11963 2111.59
vt -11934.7 2466.44
vt -11967.5 2305.19
vt -12234.9 2357.26
f 3050/9573/20 3049/9574/20 3051/8902/20 3052/7020/20 3053/7019/20 3054/7018/20 3055/8804/20 3056/5193/20 3057/5192/20 3058/5191/20 3059/5190/20 3060/9575/20 3061/9576/20 3062/9577/20 3063/8770/20 3064/8774/20 3065/8773/20 3066/8772/20 

g Mesh238 G_36_13950109701519 Model

v -304.63 0 -47.7282
vt 11993.3 1879.06
f 2838/8816/1 2837/8815/1 3067/9578/1 3044/9501/1 

vt 25.6215 0
vn 0.98841 0 0.151805
vt 268.089 0
v -301.359 3.65217 -53.1735
vt 268.089 143.786
v -302.294 3.65217 -47.0862
vt 25.6215 143.786
f 2837/9579/1591 2838/9580/1591 3068/9581/1591 3069/9582/1591 

vt 12147.6 0
v -303.86 3.65217 -53.6344
vt 12147.6 143.786
vt 12047.4 143.786
f 2838/8852/1469 3044/9583/1469 3070/9584/1469 3068/9585/1469 

vt -546.569 0
vn -0.9916 0 -0.129339
vt -312.074 0
v -304.63 3.65217 -47.7282
vt -312.074 143.786
vt -546.569 143.786
f 3044/9586/1592 3067/9587/1592 3071/9588/1592 3070/9589/1592 

vt -12062.6 0
vn -0.26491 0 0.964273
vt -11967.2 0
vt -11967.2 143.786
vt -12062.6 143.786
f 3067/9590/1593 2837/9591/1593 3069/9592/1593 3071/9593/1593 

vt -11993.3 1879.06
f 3069/8903/20 3068/8902/20 3070/9574/20 3071/9594/20 

g Mesh239 G_30_991737417599445 Model

v -297.611 0 -64.8714
vt 11717 2553.99
v -296.171 0 -72.0074
vt 11660.3 2834.94
v -278.83 0 -68.4061
vt 10977.5 2693.15
v -280.242 0 -61.6012
vt 11033.1 2425.25
f 3072/9595/1 3073/9596/1 3074/9597/1 3075/9598/1 

vt -471.778 0
vn -0.98023 0 -0.197861
vt -185.165 0
v -297.611 4.06024 -64.8714
vt -185.165 159.852
v -296.171 4.06024 -72.0074
vt -471.778 159.852
f 3073/9599/1594 3072/9600/1594 3076/9601/1594 3077/9602/1594 

vt -11987.2 0
vn -0.185024 0 0.982734
vt -11291.4 0
v -280.242 4.06024 -61.6012
vt -11291.4 159.852
vt -11987.2 159.852
f 3072/9603/1595 3075/9604/1595 3078/9605/1595 3076/9606/1595 

vt 132.523 0
vn 0.979134 0 0.203216
vt 406.142 0
v -278.83 4.06024 -68.4061
vt 406.142 159.852
vt 132.523 159.852
f 3075/9607/1596 3074/9608/1596 3079/9609/1596 3078/9610/1596 

vt 11295.8 0
vn 0.203336 0 -0.979109
vt 11993.1 0
vt 11993.1 159.852
vt 11295.8 159.852
f 3074/9611/1597 3073/9612/1597 3077/9613/1597 3079/9614/1597 

vt -11660.3 2834.94
vt -11717 2553.99
vt -11033.1 2425.25
vt -10977.5 2693.15
f 3077/9615/20 3076/9616/20 3078/9617/20 3079/9618/20 

g Mesh240 G_29_645775478736944 Model

v -303.019 0 -65.8896
vt 11929.9 2594.08
v -301.581 0 -73.131
vt 11873.3 2879.18
f 3073/9596/1 3072/9595/1 3080/9619/1 3081/9620/1 

vt 185.165 0
vn 0.98023 0 0.197861
vt 471.778 0
v -296.171 3.24544 -72.0074
vt 471.778 127.773
v -297.611 3.24544 -64.8714
vt 185.165 127.773
f 3072/9621/1598 3073/9622/1598 3082/9623/1598 3083/9624/1598 

vt 12210.7 0
v -301.581 3.24544 -73.131
vt 12210.7 127.773
vt 11993.1 127.773
f 3073/9612/1597 3081/9625/1597 3084/9626/1597 3082/9627/1597 

vt -511.377 0
vn -0.980847 0 -0.194778
vt -220.714 0
v -303.019 3.24544 -65.8896
vt -220.714 127.773
vt -511.377 127.773
f 3081/9628/1599 3080/9629/1599 3085/9630/1599 3084/9631/1599 

vt -12203.9 0
vt -11987.2 127.773
vt -12203.9 127.773
f 3080/9632/1595 3072/9603/1595 3083/9633/1595 3085/9634/1595 

vt -11873.3 2879.18
vt -11929.9 2594.08
f 3083/9616/20 3082/9615/20 3084/9635/20 3085/9636/20 

g Mesh241 G_31_120488131418824 Model

v -313.894 0 -75.577
vt 12358 2975.47
v -308.615 0 -74.7324
vt 12150.2 2942.22
v -309.066 0 -71.5069
vt 12168 2815.23
v -314.664 0 -72.5083
vt 12388.4 2854.66
f 3086/9637/1 3087/9638/1 3088/9639/1 3089/9640/1 

vt 12462.5 0
vn 0.15799 0 -0.987441
vt 12672.9 0
v -313.894 2.77467 -75.577
vt 12672.9 109.239
v -308.615 2.77467 -74.7324
vt 12462.5 109.239
f 3087/9641/1600 3086/9642/1600 3090/9643/1600 3091/9644/1600 

vt 123.143 0
vn -0.969903 0 -0.24349
vt 247.704 0
v -314.664 2.77467 -72.5083
vt 247.704 109.239
vt 123.143 109.239
f 3086/9645/1601 3089/9646/1601 3092/9647/1601 3090/9648/1601 

vt -12697.5 0
vn -0.176103 0 0.984372
vt -12473.6 0
v -309.066 2.77467 -71.5069
vt -12473.6 109.239
vt -12697.5 109.239
f 3089/9649/1602 3088/9650/1602 3093/9651/1602 3092/9652/1602 

vt 1103.37 0
vn 0.990368 0 0.138458
vt 1231.59 0
vt 1231.59 109.239
vt 1103.37 109.239
f 3088/9653/1603 3087/9654/1603 3091/9655/1603 3093/9656/1603 

vt -12150.2 2942.22
vt -12358 2975.47
vt -12388.4 2854.66
vt -12168 2815.23
f 3091/9657/20 3090/9658/20 3092/9659/20 3093/9660/20 

g Mesh242 G_34_78758149320103 Model

v -304.264 0 -74.0362
vt 11978.9 2914.81
v -305.446 0 -65.9731
vt 12025.4 2597.36
v -309.747 0 -66.7177
vt 12194.8 2626.68
f 3088/9639/1 3087/9638/1 3094/9661/1 3095/9662/1 3096/9663/1 

vt -1231.59 0
vn -0.990368 0 -0.138458
vt -1103.37 0
v -309.066 3.28225 -71.5069
vt -1103.37 129.223
v -308.615 3.28225 -74.7324
vt -1231.59 129.223
f 3087/9664/1604 3088/9665/1604 3097/9666/1604 3098/9667/1604 

vt -1075.47 0
vn -0.990055 0 -0.140678
vt -885.026 0
v -309.747 3.28225 -66.7177
vt -885.026 129.223
vt -1075.47 129.223
f 3088/9668/1605 3096/9669/1605 3099/9670/1605 3097/9671/1605 

vt -12464.1 0
vn -0.170596 0 0.985341
vt -12292.2 0
v -305.446 3.28225 -65.9731
vt -12292.2 129.223
vt -12464.1 129.223
f 3096/9672/1606 3095/9673/1606 3100/9674/1606 3099/9675/1606 

vt 826.853 0
vn 0.989439 0 0.14495
vt 1147.69 0
v -304.264 3.28225 -74.0362
vt 1147.69 129.223
vt 826.853 129.223
f 3095/9676/1607 3094/9677/1607 3101/9678/1607 3100/9679/1607 

vt 12289 0
vn 0.157991 0 -0.987441
vt 12462.5 129.223
vt 12289 129.223
f 3094/9680/1608 3087/9641/1608 3098/9681/1608 3101/9682/1608 

vt -12194.8 2626.68
vt -12025.4 2597.36
vt -11978.9 2914.81
f 3098/9657/20 3097/9660/20 3099/9683/20 3100/9684/20 3101/9685/20 

g Mesh243 G_32_000250027798764 Model

v -289.114 0 -71.616
vt 11382.4 2819.53
v -287.13 0 -81.0787
vt 11304.3 3192.07
v -286.623 0 -83.2228
vt 11284.4 3276.49
v -289.172 0 -71.4234
vt 11384.7 2811.94
f 3102/9686/1 3103/9687/1 3104/9688/1 1643/5200/1 1642/5199/1 1641/5198/1 1640/5197/1 3105/9689/1 

vt -804.809 0
vn -0.978726 0 -0.205174
vt -424.165 0
v -289.114 3.9388 -71.616
vt -424.165 155.071
v -287.13 3.9388 -81.0787
vt -804.809 155.071
f 3103/9690/1609 3102/9691/1609 3106/9692/1609 3107/9693/1609 

vt 570.102 0
vn -0.957826 0 -0.287348
vt 578.018 0
v -289.172 3.9388 -71.4234
vt 578.018 155.071
vt 570.102 155.071
f 3102/9694/1610 3105/9695/1610 3108/9696/1610 3106/9697/1610 

v -276.452 3.9388 -68.6396
vt -11210 155.071
vt -11722.7 155.071
f 3105/8968/890 1640/5209/890 3109/9698/890 3108/9699/890 

vt 538.401 0
vn 0.980982 0 0.194098
vt 853.791 0
v -274.897 3.9388 -76.4982
vt 853.791 155.071
vt 538.401 155.071
f 1640/9700/1611 1641/9701/1611 3110/9702/1611 3109/9703/1611 

vt 11203.2 0
vt 11430 0
v -280.547 3.9388 -77.6281
vt 11430 155.071
vt 11203.2 155.071
f 1641/9704/808 1642/9705/808 3111/9706/808 3110/9707/808 

vt 825.315 0
vn 0.980487 0 0.196582
vt 992.649 0
v -279.711 3.9388 -81.7954
vt 992.649 155.071
vt 825.315 155.071
f 1642/9708/1612 1643/9709/1612 3112/9710/1612 3111/9711/1612 

vt 11713.8 0
v -286.623 3.9388 -83.2228
vt 11713.8 155.071
vt 11436 155.071
f 1643/5226/894 3104/9712/894 3113/9713/894 3112/9714/894 

vt -591.122 0
vn -0.973149 0 -0.230176
vt -504.376 0
vt -504.376 155.071
vt -591.122 155.071
f 3104/9715/1613 3103/9716/1613 3107/9717/1613 3113/9718/1613 

vt -11304.3 3192.07
vt -11382.4 2819.53
vt -11384.7 2811.94
vt -11284.4 3276.49
f 3107/9719/20 3106/9720/20 3108/9721/20 3109/5238/20 3110/5237/20 3111/5244/20 3112/5243/20 3113/9722/20 

g Mesh244 G_24_975171622951382 Model

v -295.065 0 -72.8614
vt 11616.7 2868.56
v -293.178 0 -82.1443
vt 11542.4 3234.03
f 3103/9687/1 3102/9686/1 3114/9723/1 3115/9724/1 

vt 424.165 0
vn 0.978726 0 0.205174
vt 804.809 0
v -287.13 3.12113 -81.0787
vt 804.809 122.879
v -289.114 3.12113 -71.616
vt 424.165 122.879
f 3102/9725/1614 3103/9726/1614 3116/9727/1614 3117/9728/1614 

vn 0.173547 0 -0.984826
vt 11928.5 0
v -293.178 3.12113 -82.1443
vt 11928.5 122.879
vt 11686.8 122.879
f 3103/8916/1615 3115/9729/1615 3118/9730/1615 3116/9731/1615 

vt -869.44 0
vn -0.97995 0 -0.199243
vt -496.493 0
v -295.065 3.12113 -72.8614
vt -496.493 122.879
vt -869.44 122.879
f 3115/9732/1616 3114/9733/1616 3119/9734/1616 3118/9735/1616 

vt -11958 0
vn -0.20484 0 0.978796
vt -11718.6 0
vt -11718.6 122.879
vt -11958 122.879
f 3114/9736/1617 3102/9737/1617 3117/9738/1617 3119/9739/1617 

vt -11542.4 3234.03
vt -11616.7 2868.56
f 3117/9720/20 3116/9719/20 3118/9740/20 3119/9741/20 

g Mesh245 G_16_49093607865157 Model

v -128.762 0 -71.2597
vt 5069.38 2805.5
v -131.099 0 -64.8143
vt 5161.38 2551.74
v -133.692 0 -65.4306
vt 5263.48 2576.01
v -133.384 0 -66.5861
vt 5251.35 2621.5
f 10/10/1 9/9/1 2191/6856/1 3120/9742/1 3121/9743/1 3122/9744/1 3123/9745/1 1163/3718/1 1162/3717/1 1161/3716/1 

vt -1346.27 0
vn -0.959866 0 -0.280458
vt -1296.21 0
v -138.501 2.7933 -74.7681
vt -1296.21 109.972
v -138.144 2.7933 -75.9887
vt -1346.27 109.972
f 9/9746/1618 10/9747/1618 3124/9748/1618 3125/9749/1618 

vt -6187.92 0
vn -0.427827 0 0.90386
vt -6020.15 0
v -134.649 2.7933 -72.9449
vt -6020.15 109.972
vt -6187.92 109.972
f 10/9750/1619 1161/9751/1619 3126/9752/1619 3124/9753/1619 

vt -980.762 0
vn -0.945039 0 -0.326957
vt -755.04 0
v -136.524 2.7933 -67.5266
vt -755.04 109.972
vt -980.762 109.972
f 1161/9754/1620 1162/9755/1620 3127/9756/1620 3126/9757/1620 

vt -5819.26 0
vn -0.213938 0 0.976847
vt -5787.95 0
v -135.747 2.7933 -67.3565
vt -5787.95 109.972
vt -5819.26 109.972
f 1162/9758/1621 1163/9759/1621 3128/9760/1621 3127/9761/1621 

vt -5903.17 0
vn -0.310021 0 0.95073
vt -5805.34 0
v -133.384 2.7933 -66.5861
vt -5805.34 109.972
vt -5903.17 109.972
f 1163/9762/1622 3123/9763/1622 3129/9764/1622 3128/9765/1622 

vt -1179.91 0
vt -1132.83 0
v -133.692 2.7933 -65.4306
vt -1132.83 109.972
vt -1179.91 109.972
f 3123/9766/667 3122/9767/667 3130/9768/667 3129/9769/667 

vt -5716.43 0
vn -0.231186 0 0.972909
vt -5611.48 0
v -131.099 2.7933 -64.8143
vt -5611.48 109.972
vt -5716.43 109.972
f 3122/9770/1623 3121/9771/1623 3131/9772/1623 3130/9773/1623 

vt 639.742 0
vn 0.940121 0 0.340841
vt 909.66 0
v -128.762 2.7933 -71.2597
vt 909.66 109.972
vt 639.742 109.972
f 3121/9774/1624 3120/9775/1624 3132/9776/1624 3131/9777/1624 

vt 3741.72 0
vn 0.980735 0 -0.195343
vt 3767.29 0
v -128.889 2.7933 -71.8968
vt 3767.29 109.972
vt 3741.72 109.972
f 3120/9778/1625 2191/9779/1625 3133/9780/1625 3132/9781/1625 

vt 5785.6 0
vt 6184 109.972
vt 5785.6 109.972
f 2191/9782/13 9/63/13 3125/9783/13 3133/9784/13 

vt -5251.35 2621.5
vt -5263.48 2576.01
vt -5161.38 2551.74
vt -5069.38 2805.5
f 3125/102/20 3124/101/20 3126/3770/20 3127/3769/20 3128/3768/20 3129/9785/20 3130/9786/20 3131/9787/20 3132/9788/20 3133/6886/20 

g Mesh246 G_30_499215018183772 Model

v -314.754 0 -72.1103
vt 12391.9 2838.99
v -321.174 0 -73.4585
vt 12644.6 2892.07
v -321.392 0 -72.4441
vt 12653.2 2852.13
v -329.211 0 -74.1261
vt 12961.1 2918.35
v -329.096 0 -75.0377
vt 12956.5 2954.24
v -330.765 0 -75.2945
vt 13022.2 2964.35
v -330.085 0 -78.209
vt 12995.5 3079.1
v -328.428 0 -77.9523
vt 12930.2 3068.99
v -328.197 0 -78.774
vt 12921.1 3101.34
v -314.151 0 -76.1162
vt 12368.1 2996.7
f 3086/9637/1 3089/9640/1 3134/9789/1 3135/9790/1 3136/9791/1 3137/9792/1 3138/9793/1 3139/9794/1 3140/9795/1 3141/9796/1 3142/9797/1 3143/9798/1 

vt -247.704 0
vn 0.969903 0 0.24349
vt -123.143 0
v -313.894 3.33779 -75.577
vt -123.143 131.409
v -314.664 3.33779 -72.5083
vt -247.704 131.409
f 3089/9799/1626 3086/9800/1626 3144/9801/1626 3145/9802/1626 

vt 7999.57 0
vn 0.902861 0 -0.429934
vt 8023.08 0
v -314.151 3.33779 -76.1162
vt 8023.08 131.409
vt 7999.57 131.409
f 3086/9803/1627 3143/9804/1627 3146/9805/1627 3144/9806/1627 

vt 12709.6 0
vn 0.185915 0 -0.982566
vt 13272.5 0
v -328.197 3.33779 -78.774
vt 13272.5 131.409
vt 12709.6 131.409
f 3143/9807/1628 3142/9808/1628 3147/9809/1628 3146/9810/1628 

vt 512.838 0
vn -0.962651 0 -0.270746
vt 546.445 0
v -328.428 3.33779 -77.9523
vt 546.445 131.409
vt 512.838 131.409
f 3142/9811/1629 3141/9812/1629 3148/9813/1629 3147/9814/1629 

vt 13247.8 0
vn 0.153208 0 -0.988194
vt 13313.8 0
v -330.085 3.33779 -78.209
vt 13313.8 131.409
vt 13247.8 131.409
f 3141/9815/1630 3140/9816/1630 3149/9817/1630 3148/9818/1630 

vt -43.7386 0
vn -0.97381 0 -0.227365
vt 74.0937 0
v -330.765 3.33779 -75.2945
vt 74.0937 131.409
vt -43.7386 131.409
f 3140/9819/1631 3139/9820/1631 3150/9821/1631 3149/9822/1631 

vt -13321.6 0
vt -13255.1 0
v -329.096 3.33779 -75.0377
vt -13255.1 131.409
vt -13321.6 131.409
f 3139/9823/1490 3138/9824/1490 3151/9825/1490 3150/9826/1490 

vt -1301.45 0
vn -0.992061 0 -0.125754
vt -1265.27 0
v -329.211 3.33779 -74.1261
vt -1265.27 131.409
vt -1301.45 131.409
f 3138/9827/1632 3137/9828/1632 3152/9829/1632 3151/9830/1632 

vt -13285 0
vn -0.210296 0 0.977638
vt -12970.1 0
v -321.392 3.33779 -72.4441
vt -12970.1 131.409
vt -13285 131.409
f 3137/9831/1633 3136/9832/1633 3153/9833/1633 3152/9834/1633 

vt 126.389 0
vn 0.977621 0 0.210374
vt 167.237 0
v -321.174 3.33779 -73.4585
vt 167.237 131.409
vt 126.389 131.409
f 3136/9835/1634 3135/9836/1634 3154/9837/1634 3153/9838/1634 

vt -12969.1 0
vn -0.205517 0 0.978653
vt -12710.8 0
v -314.754 3.33779 -72.1103
vt -12710.8 131.409
vt -12969.1 131.409
f 3135/9839/1635 3134/9840/1635 3155/9841/1635 3154/9842/1635 

vt 39.8149 0
vn 0.975441 0 0.220261
vt 55.8797 0
vt 55.8797 131.409
vt 39.8149 131.409
f 3134/9843/1636 3089/9844/1636 3145/9845/1636 3155/9846/1636 

vt -12368.1 2996.7
vt -12921.1 3101.34
vt -12930.2 3068.99
vt -12995.5 3079.1
vt -13022.2 2964.35
vt -12956.5 2954.24
vt -12961.1 2918.35
vt -12653.2 2852.13
vt -12644.6 2892.07
vt -12391.9 2838.99
f 3145/9659/20 3144/9658/20 3146/9847/20 3147/9848/20 3148/9849/20 3149/9850/20 3150/9851/20 3151/9852/20 3152/9853/20 3153/9854/20 3154/9855/20 3155/9856/20 

g Mesh247 G_21_55078905252595 Model

v -190.832 0 -80.685
vt 7513.08 3176.58
v -200.615 0 -83.5149
vt 7898.22 3287.99
f 2202/6890/1 3156/9857/1 3157/9858/1 2203/6891/1 

vt 247.159 0
vn 0.932434 0 0.361342
vt 368.621 0
v -189.717 2.59445 -83.5617
vt 368.621 102.144
v -190.832 2.59445 -80.685
vt 247.159 102.144
f 3156/9859/1637 2202/9860/1637 3158/9861/1637 3159/9862/1637 

vt 8130.5 0
vn 0.321725 0 -0.946833
vt 8545.85 0
v -199.706 2.59445 -86.9559
vt 8545.85 102.144
vt 8130.5 102.144
f 2202/9863/1638 2203/9864/1638 3160/9865/1638 3158/9866/1638 

vt -1163.07 0
v -200.615 2.59445 -83.5149
vt -1163.07 102.144
vt -1303.18 102.144
f 2203/6955/1166 3157/9867/1166 3161/9868/1166 3160/9869/1166 

vt -8500.83 0
vn -0.277884 0 0.960615
vt -8099.89 0
vt -8099.89 102.144
vt -8500.83 102.144
f 3157/9870/1639 3156/9871/1639 3159/9872/1639 3161/9873/1639 

vt -7513.08 3176.58
vt -7898.22 3287.99
f 3159/9874/20 3158/6959/20 3160/6958/20 3161/9875/20 

g Mesh248 G_34_067409190123236 Model

v -149.44 0 -21.4009
vt 5883.47 842.557
v -150.031 0 -21.3897
vt 5906.72 842.114
v -165.079 0 -23.1359
vt 6499.15 910.861
v -163.795 0 -32.2776
vt 6448.6 1270.77
f 290/873/1 289/872/1 3162/9876/1 3163/9877/1 3164/9878/1 3165/9879/1 

vt 5902.88 0
vn 0.0581401 0 -0.998308
vt 5947.44 0
v -149.543 3.13656 -30.5314
vt 5947.44 123.487
v -148.413 3.13656 -30.4656
vt 5902.88 123.487
f 289/9880/1640 290/9881/1640 3166/9882/1640 3167/9883/1640 

vt 5989.99 0
vn 0.121613 0 -0.992578
vt 6555.28 0
v -163.795 3.13656 -32.2776
vt 6555.28 123.487
vt 5989.99 123.487
f 290/9884/1641 3165/9885/1641 3168/9886/1641 3166/9887/1641 

vt -361.519 0
vn -0.990281 0 -0.139084
vt 1.92265 0
v -165.079 3.13656 -23.1359
vt 1.92265 123.487
vt -361.519 123.487
f 3165/9888/1642 3164/9889/1642 3169/9890/1642 3168/9891/1642 

vt -6560.83 0
vn -0.115267 0 0.993334
vt -5964.42 0
v -150.031 3.13656 -21.3897
vt -5964.42 123.487
vt -6560.83 123.487
f 3164/9892/1643 3163/9893/1643 3170/9894/1643 3169/9895/1643 

vt -5889.64 0
vn 0.0190183 0 0.999819
vt -5866.38 0
v -149.44 3.13656 -21.4009
vt -5866.38 123.487
vt -5889.64 123.487
f 3163/9896/1644 3162/9897/1644 3171/9898/1644 3170/9899/1644 

vt 174.756 0
vn 0.993641 0 0.112594
vt 533.916 0
vt 533.916 123.487
vt 174.756 123.487
f 3162/9900/1645 289/9901/1645 3167/9902/1645 3171/9903/1645 

vt -6448.6 1270.77
vt -6499.15 910.861
vt -5906.72 842.114
vt -5883.47 842.557
f 3167/909/20 3166/908/20 3168/9904/20 3169/9905/20 3170/9906/20 3171/9907/20 

g Mesh249 G_30_59258146015959 Model

f 514/1569/1 463/1414/1 462/1413/1 461/1412/1 460/1411/1 459/1410/1 516/1571/1 515/1570/1 

vt -14545.9 0
v -287.284 4.92345 -248.686
vt -14545.9 193.837
v -287.46 4.92345 -248.778
vt -14553.7 193.837
f 463/1520/259 514/9908/259 3172/9909/259 3173/9910/259 

vt -8805.47 0
vn 0.225966 0 0.974135
vt -8713.75 0
v -285.015 4.92345 -249.213
vt -8713.75 193.837
vt -8805.47 193.837
f 514/9911/1646 515/9912/1646 3174/9913/1646 3172/9914/1646 

vt -14530.2 0
vn -0.473767 0 0.88065
vt -14348.8 0
v -280.958 4.92345 -247.03
vt -14348.8 193.837
vt -14530.2 193.837
f 515/9915/1647 516/9916/1647 3175/9917/1647 3174/9918/1647 

vt -12833.7 0
vn -0.943858 0 0.33035
vt -12748 0
v -280.239 4.92345 -244.976
vt -12748 193.837
vt -12833.7 193.837
f 516/9919/1648 459/9920/1648 3176/9921/1648 3175/9922/1648 

vt -13961.8 0
vn -0.398343 0 0.917237
vt -13768.9 0
v -275.745 4.92345 -243.024
vt -13768.9 193.837
vt -13961.8 193.837
f 459/9923/1649 460/9924/1649 3177/9925/1649 3176/9926/1649 

vt 3096.54 0
vn 0.874326 0 0.48534
vt 3379.84 0
v -272.253 4.92345 -249.315
vt 3379.84 193.837
vt 3096.54 193.837
f 460/9927/1650 461/9928/1650 3178/9929/1650 3177/9930/1650 

vt 14084.8 0
vn 0.472576 0 -0.88129
vt 14599.3 0
v -283.77 4.92345 -255.491
vt 14599.3 193.837
vt 14084.8 193.837
f 461/9931/1651 462/9932/1651 3179/9933/1651 3178/9934/1651 

vt -3432.36 0
vn -0.876307 0 -0.481753
vt -3130.73 0
vt -3130.73 193.837
vt -3432.36 193.837
f 462/9935/1652 463/9936/1652 3173/9937/1652 3179/9938/1652 

f 3173/1561/20 3172/1610/20 3174/1609/20 3175/1608/20 3176/1539/20 3177/1564/20 3178/1563/20 3179/1562/20 

g Mesh250 G_35_6716297401333 Model

v -139.557 0 -151.883
vt 5494.37 5979.66
v -134.784 0 -159.764
vt 5306.45 6289.9
f 3180/9939/1 1242/3954/1 1241/3953/1 1240/3952/1 1239/3951/1 1238/3950/1 1237/3949/1 1236/3948/1 1235/3947/1 3181/9940/1 2302/7188/1 2301/7187/1 

vt -7702.3 0
vn -0.443916 0 0.896068
vt -7577.79 0
v -139.557 7.95293 -151.883
vt -7577.79 313.108
v -142.391 7.95293 -153.287
vt -7702.3 313.108
f 1242/9941/1653 3180/9942/1653 3182/9943/1653 3183/9944/1653 

vt 2221.07 0
vn 0.852197 0 0.523222
vt 2306.01 0
v -138.428 7.95293 -153.722
vt 2306.01 313.108
vt 2221.07 313.108
f 3180/9945/1654 2301/9946/1654 3184/9947/1654 3182/9948/1654 

vt 2454.63 0
v -136.453 7.95293 -156.939
vt 2454.63 313.108
f 2301/9946/1654 2302/9949/1654 3185/9950/1654 3184/9947/1654 

vt 2586.43 0
vn 0.860927 0 0.508729
vt 2715.6 0
v -134.784 7.95293 -159.764
vt 2715.6 313.108
vt 2586.43 313.108
f 2302/9951/1655 3181/9952/1655 3186/9953/1655 3185/9954/1655 

vt 7845.89 0
v -140.316 7.95293 -163.259
vt 8103.52 313.108
vt 7845.89 313.108
f 3181/9955/692 1235/3994/692 3187/9956/692 3186/9957/692 

vt -2630.49 0
vn -0.854999 0 -0.51863
vt -2406.42 0
v -143.268 7.95293 -158.393
vt -2406.42 313.108
vt -2630.49 313.108
f 1235/9958/1656 1236/9959/1656 3188/9960/1656 3187/9961/1656 

vt -7991.18 0
vn -0.496139 0 0.868243
vt -7966.73 0
v -142.728 7.95293 -158.085
vt -7966.73 313.108
vt -7991.18 313.108
f 1236/9962/1657 1237/9963/1657 3189/9964/1657 3188/9965/1657 

vt -2299.6 0
vn -0.847998 0 -0.529999
vt -2242.37 0
v -143.499 7.95293 -156.852
vt -2242.37 313.108
vt -2299.6 313.108
f 1237/9966/1658 1238/9967/1658 3190/9968/1658 3189/9969/1658 

vt -8141.49 0
vn -0.561158 0 0.827708
vt -8069.43 0
v -141.984 7.95293 -155.825
vt -8069.43 313.108
vt -8141.49 313.108
f 1238/9970/1659 1239/9971/1659 3191/9972/1659 3190/9973/1659 

vt -2906.05 0
vn -0.889696 0 -0.456554
vt -2819.69 0
v -142.985 7.95293 -153.873
vt -2819.69 313.108
vt -2906.05 313.108
f 1239/9974/1660 1240/9975/1660 3192/9976/1660 3191/9977/1660 

vt -7744.25 0
vn -0.447214 0 0.894427
vt -7712.6 0
v -142.266 7.95293 -153.514
vt -7712.6 313.108
vt -7744.25 313.108
f 1240/9978/1661 1241/9979/1661 3193/9980/1661 3192/9981/1661 

vt -2596.48 0
vn -0.876216 0 -0.481919
vt -2586.3 0
vt -2586.3 313.108
vt -2596.48 313.108
f 1241/9982/1662 1242/9983/1662 3183/9984/1662 3193/9985/1662 

vt -5494.37 5979.66
vt -5306.45 6289.9
f 3183/4005/20 3182/9986/20 3184/7211/20 3185/7210/20 3186/9987/20 3187/4012/20 3188/4011/20 3189/4010/20 3190/4009/20 3191/4008/20 3192/4007/20 3193/4006/20 

g Mesh251 G_27_58164460105397 Model

v -45.6781 0 -99.9896
vt 1798.35 3936.6
v -45.0362 0 -101.042
vt 1773.08 3978.05
v -49.4016 0 -103.636
vt 1944.94 4080.16
v -48.6569 0 -104.714
vt 1915.63 4122.62
v -49.9922 0 -105.433
vt 1968.2 4150.92
v -49.3245 0 -106.486
vt 1941.91 4192.37
v -50.6855 0 -107.385
vt 1995.49 4227.76
v -47.3216 0 -113.086
vt 1863.05 4452.2
v -45.6781 0 -112.213
vt 1798.35 4417.82
f 146/450/1 3194/9988/1 3195/9989/1 3196/9990/1 3197/9991/1 3198/9992/1 3199/9993/1 3200/9994/1 3201/9995/1 3202/9996/1 149/453/1 148/452/1 147/451/1 

vt -3745.89 0
vn -0.579134 0 0.815232
vt -3654.9 0
v -43.7939 2.99658 -98.651
vt -3654.9 117.976
v -45.6781 2.99658 -99.9896
vt -3745.89 117.976
f 3194/9997/1663 146/9998/1663 3203/9999/1663 3204/10000/1663 

vt 2492.99 0
vn 0.864789 0 0.502136
vt 2637.95 0
v -41.9451 2.99658 -101.835
vt 2637.95 117.976
vt 2492.99 117.976
f 146/10001/1664 147/10002/1664 3205/10003/1664 3203/10004/1664 

vt 3465.51 0
vn 0.510104 0 -0.860113
vt 3787.57 0
v -48.9811 2.99658 -106.008
vt 3787.57 117.976
vt 3465.51 117.976
f 147/10005/1665 148/10006/1665 3206/10007/1665 3205/10008/1665 

vt 2570.71 0
vn 0.855333 0 0.518079
vt 2847.53 0
v -45.3383 2.99658 -112.022
vt 2847.53 117.976
vt 2570.71 117.976
f 148/10009/1666 149/10010/1666 3207/10011/1666 3206/10012/1666 

vt 3729.88 0
v -45.6781 2.99658 -112.213
vt 3729.88 117.976
vt 3714.54 117.976
f 149/469/82 3202/10013/82 3208/10014/82 3207/10015/82 

vt 3660.8 0
vt 3734.06 0
v -47.3216 2.99658 -113.086
vt 3734.06 117.976
vt 3660.8 117.976
f 3202/10016/165 3201/10017/165 3209/10018/165 3208/10019/165 

vt -2887.57 0
vn -0.861235 0 -0.508206
vt -2626.97 0
v -50.6855 2.99658 -107.385
vt -2626.97 117.976
vt -2887.57 117.976
f 3201/10020/1667 3200/10021/1667 3210/10022/1667 3209/10023/1667 

vt -3994.92 0
vn -0.551062 0 0.834465
vt -3930.71 0
v -49.3245 2.99658 -106.486
vt -3930.71 117.976
vt -3994.92 117.976
f 3200/10024/1668 3199/10025/1668 3211/10026/1668 3210/10027/1668 

vt -2500.52 0
vn -0.844509 0 -0.535542
vt -2451.44 0
v -49.9922 2.99658 -105.433
vt -2451.44 117.976
vt -2500.52 117.976
f 3199/10028/1669 3198/10029/1669 3212/10030/1669 3211/10031/1669 

vt -3700.89 0
vt -3641.18 0
v -48.6569 2.99658 -104.714
vt -3641.18 117.976
vt -3700.89 117.976
f 3198/10032/903 3197/10033/903 3213/10034/903 3212/10035/903 

vt -2304.05 0
vn -0.822897 0 -0.568191
vt -2252.45 0
v -49.4016 2.99658 -103.636
vt -2252.45 117.976
vt -2304.05 117.976
f 3197/10036/1670 3196/10037/1670 3214/10038/1670 3213/10039/1670 

vt -3756.13 0
vn -0.510772 0 0.859716
vt -3556.22 0
v -45.0362 2.99658 -101.042
vt -3556.22 117.976
vt -3756.13 117.976
f 3196/10040/1671 3195/10041/1671 3215/10042/1671 3214/10043/1671 

vt -2473.36 0
vn -0.853796 0 -0.520607
vt -2424.82 0
vt -2424.82 117.976
vt -2473.36 117.976
f 3195/10044/1672 3194/10045/1672 3204/10046/1672 3215/10047/1672 

vt -1798.35 3936.6
vt -1798.35 4417.82
vt -1863.05 4452.2
vt -1995.49 4227.76
vt -1941.91 4192.37
vt -1968.2 4150.92
vt -1915.63 4122.62
vt -1944.94 4080.16
vt -1773.08 3978.05
f 3204/10048/20 3203/495/20 3205/494/20 3206/493/20 3207/492/20 3208/10049/20 3209/10050/20 3210/10051/20 3211/10052/20 3212/10053/20 3213/10054/20 3214/10055/20 3215/10056/20 

g Mesh252 G_23_38979501494559 Model

v -65.6049 0 -53.5284
vt 2582.87 2107.42
v -65.3032 0 -54.2603
vt 2570.99 2136.23
v -64.0064 0 -47.1678
vt 2519.94 1857
v -63.7464 0 -47.8582
vt 2509.7 1884.18
f 2111/6616/1 3216/10057/1 3217/10058/1 2091/6564/1 2090/6563/1 3218/10059/1 3219/10060/1 2113/6618/1 2112/6617/1 

vt -1108.66 0
vn -0.940961 0 -0.338514
vt -1018.61 0
v -66.3792 3.16656 -51.3762
vt -1018.61 124.668
v -65.6049 3.16656 -53.5284
vt -1108.66 124.668
f 3216/10061/1673 2111/10062/1673 3220/10063/1673 3221/10064/1673 

vt -3160.21 0
vn -0.35405 0 0.935226
vt -3031 0
v -63.3099 3.16656 -50.2142
vt -3031 124.668
vt -3160.21 124.668
f 2111/10065/1674 2112/10066/1674 3222/10067/1674 3220/10068/1674 

vt -1018.55 0
vn -0.941195 0 -0.337865
vt -925.997 0
v -64.1042 3.16656 -48.0016
vt -925.997 124.668
vt -1018.55 124.668
f 2112/10069/1675 2113/10070/1675 3223/10071/1675 3222/10072/1675 

vt -3030.59 0
v -63.7464 3.16656 -47.8582
vt -3030.59 124.668
vt -3045.76 124.668
f 2113/6624/1115 3219/10073/1115 3224/10074/1115 3223/10075/1115 

vt -878.787 0
vn -0.935837 0 -0.352432
vt -849.744 0
v -64.0064 3.16656 -47.1678
vt -849.744 124.668
vt -878.787 124.668
f 3219/10076/1676 3218/10077/1676 3225/10078/1676 3224/10079/1676 

vt -3045.62 0
vn -0.391264 0 0.920278
vt -2982.3 0
v -62.5263 3.16656 -46.5386
vt -2982.3 124.668
vt -3045.62 124.668
f 3218/10080/1677 2090/10081/1677 3226/10082/1677 3225/10083/1677 

vt 625.605 0
vn 0.907064 0 0.420992
vt 815.585 0
v -60.4948 3.16656 -50.9156
vt 815.585 124.668
vt 625.605 124.668
f 2090/10084/1678 2091/10085/1678 3227/10086/1678 3226/10087/1678 

vt 3099.86 0
vn 0.571032 0 -0.820928
vt 3330.46 0
v -65.3032 3.16656 -54.2603
vt 3330.46 124.668
vt 3099.86 124.668
f 2091/10088/1679 3217/10089/1679 3228/10090/1679 3227/10091/1679 

vt -995.014 0
vn -0.92451 0 -0.381158
vt -963.848 0
vt -963.848 124.668
vt -995.014 124.668
f 3217/10092/1680 3216/10093/1680 3221/10094/1680 3228/10095/1680 

vt -2582.87 2107.42
vt -2509.7 1884.18
vt -2519.94 1857
vt -2570.99 2136.23
f 3221/10096/20 3220/6643/20 3222/6642/20 3223/6641/20 3224/10097/20 3225/10098/20 3226/6605/20 3227/6604/20 3228/10099/20 

g Mesh253 G_33_73227330024975 Model

v -302.86 0 -153.579
vt 11923.6 6046.41
v -285.981 0 -148.126
vt 11259.1 5831.74
v -285.622 0 -147.972
vt 11244.9 5825.68
v -286.649 0 -144.351
vt 11285.4 5683.13
v -285.545 0 -143.786
vt 11241.9 5660.89
v -285.288 0 -142.631
vt 11231.8 5615.39
v -287.111 0 -138.009
vt 11303.6 5433.41
v -305.523 0 -145.147
vt 12028.5 5714.47
v -303.905 0 -149.59
vt 11964.8 5889.37
v -304.175 0 -149.744
vt 11975.4 5895.43
f 3229/10100/1 3230/10101/1 3231/10102/1 3232/10103/1 3233/10104/1 3234/10105/1 3235/10106/1 3236/10107/1 3237/10108/1 3238/10109/1 

vt 12506.6 0
vn 0.307409 0 -0.951578
vt 13205 0
v -302.86 3.70946 -153.579
vt 13205 146.042
v -285.981 3.70946 -148.126
vt 12506.6 146.042
f 3230/10110/1681 3229/10111/1681 3239/10112/1681 3240/10113/1681 

vt -1851.95 0
vn -0.945933 0 -0.324361
vt -1692.34 0
v -304.175 3.70946 -149.744
vt -1692.34 146.042
vt -1851.95 146.042
f 3229/10114/1682 3238/10115/1682 3241/10116/1682 3239/10117/1682 

vt -13322.5 0
vt -13310.3 0
v -303.905 3.70946 -149.59
vt -13310.3 146.042
vt -13322.5 146.042
f 3238/10118/1657 3237/10119/1657 3242/10120/1657 3241/10121/1657 

vt -1439.76 0
vn -0.939635 0 -0.342179
vt -1253.63 0
v -305.523 3.70946 -145.147
vt -1253.63 146.042
vt -1439.76 146.042
f 3237/10122/1683 3236/10123/1683 3243/10124/1683 3242/10125/1683 

vt -13280.8 0
vn -0.361505 0 0.93237
vt -12503.3 0
v -287.111 3.70946 -138.009
vt -12503.3 146.042
vt -13280.8 146.042
f 3236/10126/1684 3235/10127/1684 3244/10128/1684 3243/10129/1684 

vt 906.787 0
vn 0.930248 0 0.366931
vt 1102.41 0
v -285.288 3.70946 -142.631
vt 1102.41 146.042
vt 906.787 146.042
f 3235/10130/1685 3234/10131/1685 3245/10132/1685 3244/10133/1685 

vt 7918.19 0
vn 0.976187 0 -0.21693
vt 7964.8 0
v -285.545 3.70946 -143.786
vt 7964.8 146.042
vt 7918.19 146.042
f 3234/10134/1686 3233/10135/1686 3246/10136/1686 3245/10137/1686 

vt 12586.5 0
vn 0.455476 0 -0.890248
vt 12635.3 0
v -286.649 3.70946 -144.351
vt 12635.3 146.042
vt 12586.5 146.042
f 3233/10138/1687 3232/10139/1687 3247/10140/1687 3246/10141/1687 

vt 2387.39 0
vn 0.962037 0 0.272918
vt 2535.56 0
v -285.622 3.70946 -147.972
vt 2535.56 146.042
vt 2387.39 146.042
f 3232/10142/1688 3231/10143/1688 3248/10144/1688 3247/10145/1688 

vt 12630.6 0
vt 12646 0
vt 12646 146.042
vt 12630.6 146.042
f 3231/10146/727 3230/10147/727 3240/10148/727 3248/10149/727 

vt -11259.1 5831.74
vt -11923.6 6046.41
vt -11975.4 5895.43
vt -11964.8 5889.37
vt -12028.5 5714.47
vt -11303.6 5433.41
vt -11231.8 5615.39
vt -11241.9 5660.89
vt -11285.4 5683.13
vt -11244.9 5825.68
f 3240/10150/20 3239/10151/20 3241/10152/20 3242/10153/20 3243/10154/20 3244/10155/20 3245/10156/20 3246/10157/20 3247/10158/20 3248/10159/20 

g Mesh254 G_25_562535844764096 Model

v -301.26 0 -158.244
vt 11860.6 6230.07
v -284.312 0 -152.543
vt 11193.4 6005.63
f 3230/10101/1 3229/10100/1 3249/10160/1 3250/10161/1 

vt -13205 0
vn -0.307409 0 0.951578
vt -12506.6 0
v -285.981 3.19509 -148.126
vt -12506.6 125.791
v -302.86 3.19509 -153.579
vt -13205 125.791
f 3229/10162/1689 3230/10163/1689 3251/10164/1689 3252/10165/1689 

vt 1475.04 0
vn 0.935432 0 0.353506
vt 1660.93 0
v -284.312 3.19509 -152.543
vt 1660.93 125.791
vt 1475.04 125.791
f 3230/10166/1690 3250/10167/1690 3253/10168/1690 3251/10169/1690 

vt 12524 0
vn 0.318812 0 -0.947818
vt 13227.9 0
v -301.26 3.19509 -158.244
vt 13227.9 125.791
vt 12524 125.791
f 3250/10170/1691 3249/10171/1691 3254/10172/1691 3253/10173/1691 

vt -2046.1 0
vt -1851.95 125.791
vt -2046.1 125.791
f 3249/10174/1682 3229/10114/1682 3252/10175/1682 3254/10176/1682 

vt -11193.4 6005.63
vt -11860.6 6230.07
f 3252/10151/20 3251/10150/20 3253/10177/20 3254/10178/20 

g Mesh255 G_34_2399387797426 Model

v -272.315 0 -158.042
vt 10721.1 6222.12
v -261.252 0 -154.7
vt 10285.5 6090.55
v -256.733 0 -153.005
vt 10107.6 6023.83
v -259.301 0 -145.25
vt 10208.7 5718.51
v -274.528 0 -150.591
vt 10808.2 5928.79
f 3255/10179/1 3256/10180/1 3257/10181/1 3258/10182/1 3259/10183/1 

vt 11607.3 0
vn 0.289168 0 -0.957278
vt 12062.3 0
v -272.315 4.27376 -158.042
vt 12062.3 168.258
v -261.252 4.27376 -154.7
vt 11607.3 168.258
f 3256/10184/1692 3255/10185/1692 3260/10186/1692 3261/10187/1692 

vt -2911.26 0
vn -0.958591 0 -0.284785
vt -2605.27 0
v -274.528 4.27376 -150.591
vt -2605.27 168.258
vt -2911.26 168.258
f 3255/10188/1693 3259/10189/1693 3262/10190/1693 3260/10191/1693 

vt -12161.4 0
vn -0.330988 0 0.943635
vt -11526 0
v -259.301 4.27376 -145.25
vt -11526 168.258
vt -12161.4 168.258
f 3259/10192/1694 3258/10193/1694 3263/10194/1694 3262/10195/1694 

vt 2219.63 0
vn 0.94931 0 0.314341
vt 2541.25 0
v -256.733 4.27376 -153.005
vt 2541.25 168.258
vt 2219.63 168.258
f 3258/10196/1695 3257/10197/1695 3264/10198/1695 3263/10199/1695 

vt 11579.1 0
vt 11769.2 0
vt 11769.2 168.258
vt 11579.1 168.258
f 3257/10200/18 3256/10201/18 3261/10202/18 3264/10203/18 

vt -10285.5 6090.55
vt -10721.1 6222.12
vt -10808.2 5928.79
vt -10208.7 5718.51
vt -10107.6 6023.83
f 3261/10204/20 3260/10205/20 3262/10206/20 3263/10207/20 3264/10208/20 

g Mesh256 G_32_56586613797808 Model

v -270.599 0 -163.816
vt 10653.5 6449.45
v -268.519 0 -163.354
vt 10571.6 6431.25
v -268.314 0 -164.021
vt 10563.5 6457.54
v -259.147 0 -161.197
vt 10202.6 6346.33
f 3256/10180/1 3255/10179/1 3265/10209/1 3266/10210/1 3267/10211/1 3268/10212/1 

vt -12062.3 0
vn -0.289168 0 0.957278
vt -11607.3 0
v -261.252 4.65711 -154.7
vt -11607.3 183.351
v -272.315 4.65711 -158.042
vt -12062.3 183.351
f 3255/10213/1696 3256/10214/1696 3269/10215/1696 3270/10216/1696 

vt 2622.59 0
vn 0.951282 0 0.308321
vt 2891.47 0
v -259.147 4.65711 -161.197
vt 2891.47 183.351
vt 2622.59 183.351
f 3256/10217/1697 3268/10218/1697 3271/10219/1697 3269/10220/1697 

vt 11619 0
vn 0.294462 0 -0.955663
vt 11996.7 0
v -268.314 4.65711 -164.021
vt 11996.7 183.351
vt 11619 183.351
f 3268/10221/1698 3267/10222/1698 3272/10223/1698 3271/10224/1698 

vt -3065.39 0
vn -0.955779 0 -0.294086
vt -3037.89 0
v -268.519 4.65711 -163.354
vt -3037.89 183.351
vt -3065.39 183.351
f 3267/10225/1699 3266/10226/1699 3273/10227/1699 3272/10228/1699 

vt 11715 0
vn 0.21693 0 -0.976187
vt 11798.9 0
v -270.599 4.65711 -163.816
vt 11798.9 183.351
vt 11715 183.351
f 3266/10229/1700 3265/10230/1700 3274/10231/1700 3273/10232/1700 

vt -3148.42 0
vt -2911.26 183.351
vt -3148.42 183.351
f 3265/10233/1693 3255/10188/1693 3270/10234/1693 3274/10235/1693 

vt -10202.6 6346.33
vt -10563.5 6457.54
vt -10571.6 6431.25
vt -10653.5 6449.45
f 3270/10205/20 3269/10204/20 3271/10236/20 3272/10237/20 3273/10238/20 3274/10239/20 

g Mesh257 G_29_43712841880528 Model

v -278.117 0 -186.324
vt 10949.5 7335.57
v -273.174 0 -195.87
vt 10754.9 7711.4
v -267.309 0 -192.804
vt 10524 7590.72
v -272.086 0 -183.406
vt 10712 7220.7
f 3275/10240/1 3276/10241/1 3277/10242/1 3278/10243/1 

vt -1902.04 0
vn -0.887996 0 -0.459852
vt -1478.82 0
v -278.117 3.77473 -186.324
vt -1478.82 148.611
v -273.174 3.77473 -195.87
vt -1902.04 148.611
f 3276/10244/1701 3275/10245/1701 3279/10246/1701 3280/10247/1701 

vt -13051.2 0
vn -0.435486 0 0.900196
vt -12787.4 0
v -272.086 3.77473 -183.406
vt -12787.4 148.611
vt -13051.2 148.611
f 3275/10248/1702 3278/10249/1702 3281/10250/1702 3279/10251/1702 

vt 1584.06 0
vn 0.891485 0 0.45305
vt 1999.12 0
v -267.309 3.77473 -192.804
vt 1999.12 148.611
vt 1584.06 148.611
f 3278/10252/1703 3277/10253/1703 3282/10254/1703 3281/10255/1703 

vt 12843 0
vn 0.463239 0 -0.886234
vt 13103.5 0
vt 13103.5 148.611
vt 12843 148.611
f 3277/10256/1704 3276/10257/1704 3280/10258/1704 3282/10259/1704 

vt -10754.9 7711.4
vt -10949.5 7335.57
vt -10712 7220.7
vt -10524 7590.72
f 3280/10260/20 3279/10261/20 3281/10262/20 3282/10263/20 

g Mesh258 G_28_2059458843694 Model

v -278.335 0 -186.458
vt 10958.1 7340.88
v -269.943 0 -182.304
vt 10627.7 7177.31
f 1971/6190/1 3283/10264/1 3275/10240/1 3278/10243/1 3284/10265/1 1952/6125/1 1951/6124/1 1948/6121/1 1947/6120/1 

vt -1120.76 0
vn -0.875094 0 -0.483953
vt -1044.51 0
v -279.272 3.24426 -184.764
vt -1044.51 127.727
v -278.335 3.24426 -186.458
vt -1120.76 127.727
f 3283/10266/1705 1971/10267/1705 3285/10268/1705 3286/10269/1705 

vt -1835.3 0
vn -0.902691 0 -0.430289
vt -1705.35 0
v -280.693 3.24426 -181.784
vt -1705.35 127.727
vt -1835.3 127.727
f 1971/10270/1706 1947/10271/1706 3287/10272/1706 3285/10273/1706 

vt -1628.25 0
v -281.535 3.24426 -180.016
vt -1628.25 127.727
f 1947/10271/1706 1948/10274/1706 3288/10275/1706 3287/10272/1706 

vt -13126.3 0
vn -0.480722 0 0.876873
vt -12876.8 0
v -275.978 3.24426 -176.97
vt -12876.8 127.727
vt -13126.3 127.727
f 1948/10276/1707 1951/10277/1707 3289/10278/1707 3288/10279/1707 

vt -12755.7 0
v -273.281 3.24426 -175.491
vt -12755.7 127.727
f 1951/10277/1707 1952/10280/1707 3290/10281/1707 3289/10278/1707 

vt 1768.53 0
v -269.943 3.24426 -182.304
vt 1768.53 127.727
vt 1469.84 127.727
f 1952/6159/1039 3284/10282/1039 3291/10283/1039 3290/10284/1039 

vt 12733.6 0
vn 0.457348 0 -0.889288
vt 12828.5 0
v -272.086 3.24426 -183.406
vt 12828.5 127.727
vt 12733.6 127.727
f 3284/10285/1708 3278/10286/1708 3292/10287/1708 3291/10288/1708 

vt 12787.4 0
vn 0.435486 0 -0.900196
vt 13051.2 0
v -278.117 3.24426 -186.324
vt 13051.2 127.727
vt 12787.4 127.727
f 3278/10289/1709 3275/10290/1709 3293/10291/1709 3292/10292/1709 

vt 13170.6 0
vn 0.525493 0 -0.850798
vt 13180.7 0
vt 13180.7 127.727
vt 13170.6 127.727
f 3275/10293/1710 3283/10294/1710 3286/10295/1710 3293/10296/1710 

vt -10958.1 7340.88
vt -10627.7 7177.31
f 3286/10297/20 3285/6284/20 3287/6179/20 3288/6178/20 3289/6187/20 3290/6186/20 3291/10298/20 3292/10262/20 3293/10261/20 

g Mesh259 G_16_94591824479554 Model

v -272.297 0 -197.563
vt 10720.3 7778.07
v -271.98 0 -197.43
vt 10707.9 7772.82
v -270.516 0 -200.062
vt 10650.2 7876.45
v -266.497 0 -197.943
vt 10492 7793.04
v -267.916 0 -195.324
vt 10547.9 7689.92
v -264.642 0 -193.616
vt 10419 7622.69
v -265.922 0 -191.044
vt 10469.4 7521.43
v -265.72 0 -190.92
vt 10461.4 7516.54
f 3284/10265/1 3278/10243/1 3277/10242/1 3276/10241/1 3294/10299/1 3295/10300/1 3296/10301/1 3297/10302/1 3298/10303/1 3299/10304/1 3300/10305/1 3301/10306/1 

vt -12828.5 0
vn -0.457348 0 0.889288
vt -12733.6 0
v -269.943 2.48511 -182.304
vt -12733.6 97.8388
v -272.086 2.48511 -183.406
vt -12828.5 97.8388
f 3278/10307/1711 3284/10308/1711 3302/10309/1711 3303/10310/1711 

vt 2146.29 0
v -265.72 2.48511 -190.92
vt 2146.29 97.8388
vt 1768.53 97.8388
f 3284/10282/1039 3301/10311/1039 3304/10312/1039 3302/10313/1039 

vt 12849.1 0
vn 0.524251 0 -0.851564
vt 12858.5 0
v -265.922 2.48511 -191.044
vt 12858.5 97.8388
vt 12849.1 97.8388
f 3301/10314/1712 3300/10315/1712 3305/10316/1712 3304/10317/1712 

vt 2068.8 0
vn 0.895251 0 0.445563
vt 2181.92 0
v -264.642 2.48511 -193.616
vt 2181.92 97.8388
vt 2068.8 97.8388
f 3300/10318/1713 3299/10319/1713 3306/10320/1713 3305/10321/1713 

vt 12763 0
vn 0.462447 0 -0.886647
vt 12908.4 0
v -267.916 2.48511 -195.324
vt 12908.4 97.8388
vt 12763 97.8388
f 3299/10322/1714 3298/10323/1714 3307/10324/1714 3306/10325/1714 

vt 1737.91 0
vn 0.879292 0 0.476283
vt 1855.19 0
v -266.497 2.48511 -197.943
vt 1855.19 97.8388
vt 1737.91 97.8388
f 3298/10326/1715 3297/10327/1715 3308/10328/1715 3307/10329/1715 

vt 12915.5 0
vn 0.466329 0 -0.884611
vt 13094.3 0
v -270.516 2.48511 -200.062
vt 13094.3 97.8388
vt 12915.5 97.8388
f 3297/10330/1716 3296/10331/1716 3309/10332/1716 3308/10333/1716 

vt -1707.6 0
vn -0.873956 0 -0.486005
vt -1589.03 0
v -271.98 2.48511 -197.43
vt -1589.03 97.8388
vt -1707.6 97.8388
f 3296/10334/1717 3295/10335/1717 3310/10336/1717 3309/10337/1717 

vt 12883.8 0
vn 0.387668 0 -0.921799
vt 12897.3 0
v -272.297 2.48511 -197.563
vt 12897.3 97.8388
vt 12883.8 97.8388
f 3295/10338/1718 3294/10339/1718 3311/10340/1718 3310/10341/1718 

vt -1977.12 0
v -273.174 2.48511 -195.87
vt -1902.04 97.8388
vt -1977.12 97.8388
f 3294/10342/1701 3276/10244/1701 3312/10343/1701 3311/10344/1701 

vt -13103.5 0
vn -0.463239 0 0.886234
vt -12843 0
v -267.309 2.48511 -192.804
vt -12843 97.8388
vt -13103.5 97.8388
f 3276/10345/1719 3277/10346/1719 3313/10347/1719 3312/10348/1719 

vt -1999.12 0
vn -0.891485 0 -0.45305
vt -1584.06 0
vt -1584.06 97.8388
vt -1999.12 97.8388
f 3277/10349/1720 3278/10350/1720 3303/10351/1720 3313/10352/1720 

vt -10461.4 7516.54
vt -10469.4 7521.43
vt -10419 7622.69
vt -10547.9 7689.92
vt -10492 7793.04
vt -10650.2 7876.45
vt -10707.9 7772.82
vt -10720.3 7778.07
f 3303/10262/20 3302/10298/20 3304/10353/20 3305/10354/20 3306/10355/20 3307/10356/20 3308/10357/20 3309/10358/20 3310/10359/20 3311/10360/20 3312/10260/20 3313/10263/20 

g Mesh260 G_33_97581425555238 Model

f 1954/6127/1 2507/7806/1 1975/6194/1 1974/6193/1 1973/6192/1 1972/6191/1 1956/6129/1 1955/6128/1 

vt -13752.4 0
v -296.225 3.10221 -177.702
vt -13540 122.134
v -301.093 3.10221 -180.032
vt -13752.4 122.134
f 2507/10361/1038 1954/6154/1038 3314/10362/1038 3315/10363/1038 

vt 1041.96 0
vt 1195.81 0
v -294.478 3.10221 -181.197
vt 1195.81 122.134
vt 1041.96 122.134
f 1954/10364/555 1955/10365/555 3316/10366/555 3314/10367/555 

vt -13567.7 0
v -293.92 3.10221 -180.914
vt -13543.1 122.134
vt -13567.7 122.134
f 1955/10368/1060 1956/6272/1060 3317/10369/1060 3316/10370/1060 

vt 1680.47 0
vn 0.909896 0 0.414837
vt 1717.74 0
v -293.527 3.10221 -181.775
vt 1717.74 122.134
vt 1680.47 122.134
f 1956/10371/1721 1972/10372/1721 3318/10373/1721 3317/10374/1721 

vt 13557.2 0
vn 0.463698 0 -0.885994
vt 13679.3 0
v -296.275 3.10221 -183.213
vt 13679.3 122.134
vt 13557.2 122.134
f 1972/10375/1722 1973/10376/1722 3319/10377/1722 3318/10378/1722 

vt -1112.33 0
vn 0.805056 0 0.593199
vt -1088.47 0
v -295.916 3.10221 -183.701
vt -1088.47 122.134
vt -1112.33 122.134
f 1973/10379/1723 1974/10380/1723 3320/10381/1723 3319/10382/1723 

vt 13710.7 0
vn 0.513194 0 -0.858273
vt 13810.4 0
v -298.09 3.10221 -185.001
vt 13810.4 122.134
vt 13710.7 122.134
f 1974/10383/1724 1975/10384/1724 3321/10385/1724 3320/10386/1724 

vt -162.311 0
vn -0.855804 0 -0.5173
vt 66.273 0
vt 66.273 122.134
vt -162.311 122.134
f 1975/10387/1725 2507/10388/1725 3315/10389/1725 3321/10390/1725 

f 3315/7867/20 3314/6184/20 3316/6183/20 3317/6182/20 3318/6295/20 3319/6294/20 3320/6293/20 3321/6292/20 

g Mesh261 G_28_334063299867818 Model

v -169.771 0 -105.707
vt 6683.88 4161.69
v -163.371 0 -103.807
vt 6431.93 4086.88
v -164.26 0 -100.906
vt 6466.93 3972.68
v -170.628 0 -102.729
vt 6717.65 4044.46
f 3322/10391/1 3323/10392/1 3324/10393/1 3325/10394/1 

vt 7329.17 0
vn 0.284647 0 -0.958632
vt 7592 0
v -169.771 2.69024 -105.707
vt 7592 105.915
v -163.371 2.69024 -103.807
vt 7329.17 105.915
f 3323/10395/1726 3322/10396/1726 3326/10397/1726 3327/10398/1726 

vt -2148.91 0
vn -0.960925 0 -0.27681
vt -2026.91 0
v -170.628 2.69024 -102.729
vt -2026.91 105.915
vt -2148.91 105.915
f 3322/10399/1727 3325/10400/1727 3328/10401/1727 3326/10402/1727 

vt -7571.37 0
vn -0.275233 0 0.961378
vt -7310.57 0
v -164.26 2.69024 -100.906
vt -7310.57 105.915
vt -7571.37 105.915
f 3325/10403/1728 3324/10404/1728 3329/10405/1728 3328/10406/1728 

vt 1903.42 0
vn 0.956109 0 0.293012
vt 2022.87 0
vt 2022.87 105.915
vt 1903.42 105.915
f 3324/10407/1729 3323/10408/1729 3327/10409/1729 3329/10410/1729 

vt -6431.93 4086.88
vt -6683.88 4161.69
vt -6717.65 4044.46
vt -6466.93 3972.68
f 3327/10411/20 3326/10412/20 3328/10413/20 3329/10414/20 

g Mesh262 G_26_267545941760922 Model

v -170.076 0 -105.978
vt 6695.92 4172.34
v -177.255 0 -102.206
vt 6978.55 4023.86
v -174.91 0 -108.675
vt 6886.2 4278.56
v -173.398 0 -112.843
vt 6826.71 4442.65
v -168.489 0 -111.178
vt 6633.42 4377.07
f 3330/10415/1 1198/3828/1 1197/3827/1 1196/3826/1 1195/3825/1 3331/10416/1 3332/10417/1 3333/10418/1 3334/10419/1 

vt 2059.15 0
v -170.076 3.54975 -105.978
vt 2059.15 139.754
v -173.924 3.54975 -93.2309
vt 1534.94 139.754
f 1198/3844/665 3330/10420/665 3335/10421/665 3336/10422/665 

vt 2035.6 0
vn 0.95643 0 0.291963
vt 2249.65 0
v -168.489 3.54975 -111.178
vt 2249.65 139.754
vt 2035.6 139.754
f 3330/10423/1730 3334/10424/1730 3337/10425/1730 3335/10426/1730 

vt 7688.04 0
vt 7892.16 0
v -173.398 3.54975 -112.843
vt 7892.16 139.754
vt 7688.04 139.754
f 3334/10427/651 3333/10428/651 3338/10429/651 3337/10430/651 

vt -1849.78 0
vn -0.94012 0 -0.340844
vt -1675.24 0
v -174.91 3.54975 -108.675
vt -1675.24 139.754
vt -1849.78 139.754
f 3333/10431/1731 3332/10432/1731 3339/10433/1731 3338/10434/1731 

vt -1404.31 0
v -177.255 3.54975 -102.206
vt -1404.31 139.754
f 3332/10432/1731 3331/10435/1731 3340/10436/1731 3339/10433/1731 

vt -1070.81 0
v -180.142 3.54975 -94.2423
vt -1070.81 139.754
f 3331/10435/1731 1195/10437/1731 3341/10438/1731 3340/10436/1731 

vt -7819.62 0
vn -0.26371 0 0.964602
vt -7675.38 0
v -176.608 3.54975 -93.2761
vt -7675.38 139.754
vt -7819.62 139.754
f 1195/10439/1732 1196/10440/1732 3342/10441/1732 3341/10442/1732 

vt 1756.74 0
vn 0.966235 0 0.257663
vt 1788.13 0
v -176.403 3.54975 -94.0465
vt 1788.13 139.754
vt 1756.74 139.754
f 1196/10443/1733 1197/10444/1733 3343/10445/1733 3342/10446/1733 

vt -7754.34 0
vn -0.31257 0 0.949895
vt -7651.61 0
vt -7651.61 139.754
vt -7754.34 139.754
f 1197/10447/1734 1198/10448/1734 3336/10449/1734 3343/10450/1734 

vt -6695.92 4172.34
vt -6633.42 4377.07
vt -6826.71 4442.65
vt -6886.2 4278.56
vt -6978.55 4023.86
f 3336/3859/20 3335/10451/20 3337/10452/20 3338/10453/20 3339/10454/20 3340/10455/20 3341/3856/20 3342/3855/20 3343/3860/20 

g Mesh263 G_35_26705577285447 Model

v -187.301 0 -103.772
vt 7374.06 4085.49
v -184.967 0 -107.977
vt 7282.16 4251.07
v -180.126 0 -105.512
vt 7091.59 4154.02
v -180.948 0 -103.959
vt 7123.94 4092.86
v -182.206 0 -101.776
vt 7173.48 4006.92
v -186.803 0 -97.205
vt 7354.44 3826.97
v -189.906 0 -98.656
vt 7476.63 3884.09
v -186.999 0 -103.615
vt 7362.15 4079.33
f 3344/10456/1 3345/10457/1 3346/10458/1 3347/10459/1 3348/10460/1 1207/3861/1 1212/3866/1 1211/3865/1 1210/3864/1 3349/10461/1 3350/10462/1 3351/10463/1 

vt -182.947 0
vn -0.874351 0 -0.485294
vt 6.42858 0
v -187.301 4.15965 -103.772
vt 6.42858 163.766
v -184.967 4.15965 -107.977
vt -182.947 163.766
f 3345/10464/1735 3344/10465/1735 3352/10466/1735 3353/10467/1735 

vt -8426.72 0
vn -0.459367 0 0.888247
vt -8413.32 0
v -186.999 4.15965 -103.615
vt -8413.32 163.766
vt -8426.72 163.766
f 3344/10468/1736 3351/10469/1736 3354/10470/1736 3352/10471/1736 

vt 204.817 0
vn -0.862646 0 -0.505808
vt 431.145 0
v -189.906 4.15965 -98.656
vt 431.145 163.766
vt 204.817 163.766
f 3351/10472/1737 3350/10473/1737 3355/10474/1737 3354/10475/1737 

vt -8417.97 0
vn -0.423519 0 0.905887
vt -8283.09 0
v -186.803 4.15965 -97.205
vt -8283.09 163.766
vt -8417.97 163.766
f 3350/10476/1738 3349/10477/1738 3356/10478/1738 3355/10479/1738 

vt 357.847 0
vn 0.906183 0 0.422885
vt 391.317 0
v -186.443 4.15965 -97.9754
vt 391.317 163.766
vt 357.847 163.766
f 3349/10480/1739 1210/10481/1739 3357/10482/1739 3356/10483/1739 

vt -128.608 0
vn 0.877896 0 0.478852
vt 67.7386 0
v -184.055 4.15965 -102.354
vt 67.7386 163.766
vt -128.608 163.766
f 1210/10484/1740 1211/10485/1740 3358/10486/1740 3357/10487/1740 

vt -8286.63 0
vn -0.515246 0 0.857042
vt -8187.54 0
v -181.898 4.15965 -101.057
vt -8187.54 163.766
vt -8286.63 163.766
f 1211/10488/1741 1212/10489/1741 3359/10490/1741 3358/10491/1741 

vt 87.5364 0
vt 106.126 0
v -181.673 4.15965 -101.472
vt 106.126 163.766
vt 87.5364 163.766
f 1212/10492/1715 1207/10493/1715 3360/10494/1715 3359/10495/1715 

vt 8216.39 0
v -182.206 4.15965 -101.776
vt 8216.39 163.766
vt 8192.24 163.766
f 1207/3868/668 3348/10496/668 3361/10497/668 3360/10498/668 

vt -111.219 0
vn 0.866355 0 0.499428
vt -12.0297 0
v -180.948 4.15965 -103.959
vt -12.0297 163.766
vt -111.219 163.766
f 3348/10499/1742 3347/10500/1742 3362/10501/1742 3361/10502/1742 

vt 287.132 0
vn 0.883966 0 0.467552
vt 356.325 0
v -180.126 4.15965 -105.512
vt 356.325 163.766
vt 287.132 163.766
f 3347/10503/1743 3346/10504/1743 3363/10505/1743 3362/10506/1743 

vt 8204.44 0
vn 0.45382 0 -0.891094
vt 8418.3 0
vt 8418.3 163.766
vt 8204.44 163.766
f 3346/10507/1744 3345/10508/1744 3353/10509/1744 3363/10510/1744 

vt -7282.16 4251.07
vt -7374.06 4085.49
vt -7362.15 4079.33
vt -7476.63 3884.09
vt -7354.44 3826.97
vt -7173.48 4006.92
vt -7123.94 4092.86
vt -7091.59 4154.02
f 3353/10511/20 3352/10512/20 3354/10513/20 3355/10514/20 3356/10515/20 3357/3895/20 3358/3894/20 3359/3893/20 3360/3892/20 3361/10516/20 3362/10517/20 3363/10518/20 

g Mesh264 G_31_52649576275014 Model

v -193.967 0 -107.219
vt 7636.5 4221.22
v -192.329 0 -111.334
vt 7571.99 4383.22
v -191.49 0 -113.44
vt 7538.97 4466.15
v -184.216 0 -109.46
vt 7252.59 4309.46
f 3345/10457/1 3344/10456/1 3364/10519/1 3365/10520/1 3366/10521/1 3367/10522/1 

vt -6.42858 0
vn 0.874351 0 0.485294
vt 182.947 0
v -184.967 2.9107 -107.977
vt 182.947 114.595
v -187.301 2.9107 -103.772
vt -6.42858 114.595
f 3344/10523/1745 3345/10524/1745 3368/10525/1745 3369/10526/1745 

vt 501.991 0
vn 0.892098 0 0.451842
vt 567.437 0
v -184.216 2.9107 -109.46
vt 567.437 114.595
vt 501.991 114.595
f 3345/10527/1746 3367/10528/1746 3370/10529/1746 3368/10530/1746 

vt 8431 0
vn 0.479994 0 -0.877272
vt 8757.45 0
v -191.49 2.9107 -113.44
vt 8757.45 114.595
vt 8431 114.595
f 3367/10531/1747 3366/10532/1747 3371/10533/1747 3370/10534/1747 

vt -1360.3 0
vn -0.929054 0 -0.369944
vt -1271.04 0
v -192.329 2.9107 -111.334
vt -1271.04 114.595
vt -1360.3 114.595
f 3366/10535/1748 3365/10536/1748 3372/10537/1748 3371/10538/1748 

vt -1096.67 0
v -193.967 2.9107 -107.219
vt -1096.67 114.595
f 3365/10536/1748 3364/10539/1748 3373/10540/1748 3372/10537/1748 

vt -8722.18 0
vt -8426.72 114.595
vt -8722.18 114.595
f 3364/10541/1736 3344/10468/1736 3369/10542/1736 3373/10543/1736 

vt -7252.59 4309.46
vt -7538.97 4466.15
vt -7571.99 4383.22
vt -7636.5 4221.22
f 3369/10512/20 3368/10511/20 3370/10544/20 3371/10545/20 3372/10546/20 3373/10547/20 

g Mesh265 G_35_34335043718403 Model

v -189.58 0 -118.237
vt 7463.78 4654.99
v -189.079 0 -117.841
vt 7444.04 4639.42
v -181.988 0 -114.204
vt 7164.88 4496.24
v -182.646 0 -112.804
vt 7190.78 4441.09
f 3367/10522/1 3366/10521/1 3374/10548/1 3375/10549/1 3376/10550/1 3377/10551/1 

vt -8757.45 0
vn -0.479994 0 0.877272
vt -8431 0
v -184.216 3.42201 -109.46
vt -8431 134.725
v -191.49 3.42201 -113.44
vt -8757.45 134.725
f 3366/10552/1749 3367/10553/1749 3378/10554/1749 3379/10555/1749 

vt 818.265 0
vn 0.905179 0 0.42503
vt 963.689 0
v -182.646 3.42201 -112.804
vt 963.689 134.725
vt 818.265 134.725
f 3367/10556/1750 3377/10557/1750 3380/10558/1750 3378/10559/1750 

vt 1024.61 0
v -181.988 3.42201 -114.204
vt 1024.61 134.725
f 3377/10557/1750 3376/10560/1750 3381/10561/1750 3380/10558/1750 

vt 8427.19 0
vn 0.456374 0 -0.889788
vt 8740.93 0
v -189.079 3.42201 -117.841
vt 8740.93 134.725
vt 8427.19 134.725
f 3376/10562/1751 3375/10563/1751 3382/10564/1751 3381/10565/1751 

vt 8717.77 0
vn 0.619418 0 -0.785061
vt 8742.9 0
v -189.58 3.42201 -118.237
vt 8742.9 134.725
vt 8717.77 134.725
f 3375/10566/1752 3374/10567/1752 3383/10568/1752 3382/10569/1752 

vt -1563.56 0
vt -1360.3 134.725
vt -1563.56 134.725
f 3374/10570/1748 3366/10535/1748 3379/10571/1748 3383/10572/1748 

vt -7190.78 4441.09
vt -7164.88 4496.24
vt -7444.04 4639.42
vt -7463.78 4654.99
f 3379/10545/20 3378/10544/20 3380/10573/20 3381/10574/20 3382/10575/20 3383/10576/20 

g Mesh266 G_34_19360716956018 Model

v -182.89 0 -129.782
vt 7200.39 5109.52
v -175.443 0 -126.392
vt 6907.21 4976.07
v -177.227 0 -122.716
vt 6977.43 4831.33
v -181.474 0 -113.96
vt 7144.66 4486.63
f 3376/10550/1 3375/10549/1 3384/10577/1 3385/10578/1 3386/10579/1 3387/10580/1 

vt -8740.93 0
vn -0.456374 0 0.889788
vt -8427.19 0
v -181.988 4.57092 -114.204
vt -8427.19 179.958
v -189.079 4.57092 -117.841
vt -8740.93 179.958
f 3375/10581/1753 3376/10582/1753 3388/10583/1753 3389/10584/1753 

vt -8401.02 0
vn -0.429057 0 0.903278
vt -8378.63 0
v -181.474 4.57092 -113.96
vt -8378.63 179.958
vt -8401.02 179.958
f 3376/10585/1754 3387/10586/1754 3390/10587/1754 3388/10588/1754 

vt 918.036 0
vn 0.899706 0 0.436496
vt 1301.16 0
v -177.227 4.57092 -122.716
vt 1301.16 179.958
vt 918.036 179.958
f 3387/10589/1755 3386/10590/1755 3391/10591/1755 3390/10592/1755 

vt 1462.04 0
v -175.443 4.57092 -126.392
vt 1462.04 179.958
f 3386/10590/1755 3385/10593/1755 3392/10594/1755 3391/10591/1755 

vt 8348.07 0
vn 0.414276 0 -0.910151
vt 8670.2 0
v -182.89 4.57092 -129.782
vt 8670.2 179.958
vt 8348.07 179.958
f 3385/10595/1756 3384/10596/1756 3393/10597/1756 3392/10598/1756 

vt -1223.18 0
vn -0.887841 0 -0.46015
vt -693.691 0
vt -693.691 179.958
vt -1223.18 179.958
f 3384/10599/1757 3375/10600/1757 3389/10601/1757 3393/10602/1757 

vt -7144.66 4486.63
vt -6977.43 4831.33
vt -6907.21 4976.07
vt -7200.39 5109.52
f 3389/10575/20 3388/10574/20 3390/10603/20 3391/10604/20 3392/10605/20 3393/10606/20 

g Mesh267 G_30_050095589251907 Model

v -169.035 0 -118.464
vt 6654.94 4663.92
v -172.875 0 -130.398
vt 6806.11 5133.79
v -165.287 0 -126.277
vt 6507.37 4971.52
f 3394/10607/1 3386/10579/1 3385/10578/1 3395/10608/1 3396/10609/1 

vt -8418.69 0
vn -0.460726 0 0.887542
vt -8055.33 0
v -169.035 3.94843 -118.464
vt -8055.33 155.45
v -177.227 3.94843 -122.716
vt -8418.69 155.45
f 3386/10610/1758 3394/10611/1758 3397/10612/1758 3398/10613/1758 

vt 1326.46 0
vn 0.901611 0 0.432548
vt 1667.63 0
v -165.287 3.94843 -126.277
vt 1667.63 155.45
vt 1326.46 155.45
f 3394/10614/1759 3396/10615/1759 3399/10616/1759 3397/10617/1759 

vt 8091.18 0
vn 0.477289 0 -0.878747
vt 8431.15 0
v -172.875 3.94843 -130.398
vt 8431.15 155.45
vt 8091.18 155.45
f 3396/10618/1760 3395/10619/1760 3400/10620/1760 3399/10621/1760 

vt -648.999 0
vn -0.841879 0 -0.539666
vt -461.665 0
v -175.443 3.94843 -126.392
vt -461.665 155.45
vt -648.999 155.45
f 3395/10622/1761 3385/10623/1761 3401/10624/1761 3400/10625/1761 

vt -1462.04 0
vn -0.899706 0 -0.436496
vt -1301.16 0
vt -1301.16 155.45
vt -1462.04 155.45
f 3385/10626/1762 3386/10627/1762 3398/10628/1762 3401/10629/1762 

vt -6654.94 4663.92
vt -6507.37 4971.52
vt -6806.11 5133.79
f 3398/10604/20 3397/10630/20 3399/10631/20 3400/10632/20 3401/10605/20 

g Mesh268 G_39_126576193265834 Model

v -170.005 0 -118.967
vt 6693.12 4683.74
v -169.242 0 -118.034
vt 6663.06 4647
v -166.725 0 -116.955
vt 6563.98 4604.54
f 3333/10418/1 3402/10633/1 3394/10607/1 3403/10634/1 3404/10635/1 3334/10419/1 

vt -852.874 0
vn -0.874696 0 -0.484673
vt -577.25 0
v -173.398 2.5567 -112.843
vt -577.25 100.658
v -170.005 2.5567 -118.967
vt -852.874 100.658
f 3402/10636/1763 3333/10637/1763 3405/10638/1763 3406/10639/1763 

vt -7892.16 0
vt -7688.04 0
v -168.489 2.5567 -111.178
vt -7688.04 100.658
vt -7892.16 100.658
f 3333/10640/9 3334/10641/9 3407/10642/9 3405/10643/9 

vt 2487.48 0
v -166.725 2.5567 -116.955
vt 2487.48 100.658
vt 2249.65 100.658
f 3334/10424/1730 3404/10644/1730 3408/10645/1730 3407/10646/1730 

vt 7847.07 0
vt 7954.86 0
v -169.242 2.5567 -118.034
vt 7954.86 100.658
vt 7847.07 100.658
f 3404/10647/727 3403/10648/727 3409/10649/727 3408/10650/727 

vt 1307.69 0
v -169.035 2.5567 -118.464
vt 1326.46 100.658
vt 1307.69 100.658
f 3403/10651/1759 3394/10614/1759 3410/10652/1759 3409/10653/1759 

vt 8055.33 0
vn 0.460726 0 -0.887542
vt 8098.35 0
vt 8098.35 100.658
vt 8055.33 100.658
f 3394/10654/1764 3402/10655/1764 3406/10656/1764 3410/10657/1764 

vt -6693.12 4683.74
vt -6563.98 4604.54
vt -6663.06 4647
f 3406/10658/20 3405/10453/20 3407/10452/20 3408/10659/20 3409/10660/20 3410/10630/20 

g Mesh269 G_29_73545342618899 Model

v -151.003 0 -90.2813
vt 5945.01 3554.38
v -150.88 0 -90.6321
vt 5940.14 3568.19
v -144.121 0 -88.227
vt 5674.07 3473.5
v -146.432 0 -82.4236
vt 5765.06 3245.02
v -152.878 0 -84.6833
vt 6018.81 3333.99
v -152.672 0 -85.2483
vt 6010.72 3356.23
f 3411/10661/1 3412/10662/1 3413/10663/1 3414/10664/1 3415/10665/1 3416/10666/1 

vt -1389.84 0
vn -0.943092 0 -0.332532
vt -1375.2 0
v -151.003 5.56188 -90.2813
vt -1375.2 218.972
v -150.88 5.56188 -90.6321
vt -1389.84 218.972
f 3412/10667/1765 3411/10668/1765 3417/10669/1765 3418/10670/1765 

vt -1502.36 0
vn -0.949166 0 -0.314775
vt -1293.6 0
v -152.672 5.56188 -85.2483
vt -1293.6 218.972
vt -1502.36 218.972
f 3411/10671/1766 3416/10672/1766 3419/10673/1766 3417/10674/1766 

vt -1100.04 0
vn -0.939793 0 -0.341743
vt -1076.37 0
v -152.878 5.56188 -84.6833
vt -1076.37 218.972
vt -1100.04 218.972
f 3416/10675/1767 3415/10676/1767 3420/10677/1767 3419/10678/1767 

vt -6782.91 0
vn -0.330853 0 0.943682
vt -6514.01 0
v -146.432 5.56188 -82.4236
vt -6514.01 218.972
vt -6782.91 218.972
f 3415/10679/1768 3414/10680/1768 3421/10681/1768 3420/10682/1768 

vt 881.851 0
vn 0.929043 0 0.369973
vt 1127.78 0
v -144.121 5.56188 -88.227
vt 1127.78 218.972
vt 881.851 218.972
f 3414/10683/1769 3413/10684/1769 3422/10685/1769 3421/10686/1769 

vt 6510.23 0
vn 0.335271 0 -0.942122
vt 6792.65 0
vt 6792.65 218.972
vt 6510.23 218.972
f 3413/10687/1770 3412/10688/1770 3418/10689/1770 3422/10690/1770 

vt -5940.14 3568.19
vt -5945.01 3554.38
vt -6010.72 3356.23
vt -6018.81 3333.99
vt -5765.06 3245.02
vt -5674.07 3473.5
f 3418/10691/20 3417/10692/20 3419/10693/20 3420/10694/20 3421/10695/20 3422/10696/20 

g Mesh270 G_36_84471097168221 Model

v -146.734 0 -102.389
vt 5776.94 4031.06
v -139.499 0 -99.6028
vt 5492.09 3921.37
v -143.736 0 -88.0216
vt 5658.9 3465.42
f 3413/10663/1 3412/10662/1 3423/10697/1 3424/10698/1 3425/10699/1 

vt -6792.65 0
vn -0.335271 0 0.942122
vt -6510.23 0
v -144.121 5.09632 -88.227
vt -6510.23 200.642
v -150.88 5.09632 -90.6321
vt -6792.65 200.642
f 3412/10700/1771 3413/10701/1771 3426/10702/1771 3427/10703/1771 

vt -6641.12 0
vn -0.470588 0 0.882353
vt -6623.93 0
v -143.736 5.09632 -88.0216
vt -6623.93 200.642
vt -6641.12 200.642
f 3413/10704/1772 3425/10705/1772 3428/10706/1772 3426/10707/1772 

vt 1310.16 0
vn 0.939123 0 0.343582
vt 1795.67 0
v -139.499 5.09632 -99.6028
vt 1795.67 200.642
vt 1310.16 200.642
f 3425/10708/1773 3424/10709/1773 3429/10710/1773 3428/10711/1773 

vt 6534.41 0
vn 0.359367 0 -0.933196
vt 6839.65 0
v -146.734 5.09632 -102.389
vt 6839.65 200.642
vt 6534.41 200.642
f 3424/10712/1774 3423/10713/1774 3430/10714/1774 3429/10715/1774 

vt -1880.64 0
vt -1389.84 200.642
vt -1880.64 200.642
f 3423/10716/1765 3412/10667/1765 3427/10717/1765 3430/10718/1765 

vt -5658.9 3465.42
vt -5492.09 3921.37
vt -5776.94 4031.06
f 3427/10691/20 3426/10696/20 3428/10719/20 3429/10720/20 3430/10721/20 

g Mesh271 G_38_20671976582677 Model

v -154.29 0 -85.7875
vt 6074.42 3377.46
v -152.595 0 -90.8719
vt 6007.69 3577.64
f 3411/10661/1 3416/10666/1 3431/10722/1 3432/10723/1 

vt 1293.6 0
vn 0.949166 0 0.314775
vt 1502.36 0
v -151.003 3.26941 -90.2813
vt 1502.36 128.717
v -152.672 3.26941 -85.2483
vt 1293.6 128.717
f 3416/10724/1775 3411/10725/1775 3433/10726/1775 3434/10727/1775 

vn 0.347807 0 -0.937566
vt 6876.93 0
v -152.595 3.26941 -90.8719
vt 6876.93 128.717
vt 6810.08 128.717
f 3411/8549/1776 3432/10728/1776 3435/10729/1776 3433/10730/1776 

vt -1494.24 0
vt -1283.24 0
v -154.29 3.26941 -85.7875
vt -1283.24 128.717
vt -1494.24 128.717
f 3432/10731/1279 3431/10732/1279 3436/10733/1279 3435/10734/1279 

vt -6830.74 0
vt -6763.61 0
vt -6763.61 128.717
vt -6830.74 128.717
f 3431/10735/1329 3416/10736/1329 3434/10737/1329 3436/10738/1329 

vt -6007.69 3577.64
vt -6074.42 3377.46
f 3434/10693/20 3433/10692/20 3435/10739/20 3436/10740/20 

g Mesh272 G_25_641805516834836 Model

v -163.877 0 -98.933
vt 6451.86 3895
v -155.295 0 -96.2099
vt 6113.97 3787.79
v -156.325 0 -92.1495
vt 6154.54 3627.93
v -157.121 0 -88.9139
vt 6185.88 3500.55
v -166.058 0 -91.6102
vt 6537.7 3606.7
f 3437/10741/1 3438/10742/1 3439/10743/1 3440/10744/1 3441/10745/1 

vt 6973.2 0
vn 0.302428 0 -0.953172
vt 7327.69 0
v -163.877 3.07331 -98.933
vt 7327.69 120.996
v -155.295 3.07331 -96.2099
vt 6973.2 120.996
f 3438/10746/1777 3437/10747/1777 3442/10748/1777 3443/10749/1777 

vt -1891.86 0
vt -1591.05 0
v -166.058 3.07331 -91.6102
vt -1591.05 120.996
vt -1891.86 120.996
f 3437/10750/985 3441/10751/985 3444/10752/985 3442/10753/985 

vt -7300.84 0
vn -0.288862 0 0.957371
vt -6933.35 0
v -157.121 3.07331 -88.9139
vt -6933.35 120.996
vt -7300.84 120.996
f 3441/10754/1778 3440/10755/1778 3445/10756/1778 3444/10757/1778 

vt 1921.33 0
vn 0.971042 0 0.238907
vt 2052.51 0
v -156.325 3.07331 -92.1495
vt 2052.51 120.996
vt 1921.33 120.996
f 3440/10758/1779 3439/10759/1779 3446/10760/1779 3445/10761/1779 

vt 2002.71 0
vn 0.96928 0 0.24596
vt 2167.64 0
vt 2167.64 120.996
vt 2002.71 120.996
f 3439/10762/1780 3438/10763/1780 3443/10764/1780 3446/10765/1780 

vt -6113.97 3787.79
vt -6451.86 3895
vt -6537.7 3606.7
vt -6185.88 3500.55
vt -6154.54 3627.93
f 3443/10766/20 3442/10767/20 3444/10768/20 3445/10769/20 3446/10770/20 

g Mesh273 G_37_392464402351706 Model

v -155.179 0 -96.6272
vt 6109.42 3804.22
v -152.936 0 -95.8986
vt 6021.09 3775.53
v -152.319 0 -95.6161
vt 5996.82 3764.41
v -153.629 0 -91.3534
vt 6048.38 3596.59
f 3439/10743/1 3438/10742/1 3447/10771/1 3448/10772/1 3449/10773/1 3450/10774/1 

vt -2167.64 0
vn -0.96928 0 -0.24596
vt -2002.71 0
v -156.325 3.16902 -92.1495
vt -2002.71 124.765
v -155.295 3.16902 -96.2099
vt -2167.64 124.765
f 3438/10775/1781 3439/10776/1781 3451/10777/1781 3452/10778/1781 

vt -6929.92 0
vn -0.283155 0 0.959074
vt -6819.24 0
v -153.629 3.16902 -91.3534
vt -6819.24 124.765
vt -6929.92 124.765
f 3439/10779/1782 3450/10780/1782 3453/10781/1782 3451/10782/1782 

vt 1661.7 0
vn 0.955903 0 0.293681
vt 1837.26 0
v -152.319 3.16902 -95.6161
vt 1837.26 124.765
vt 1661.7 124.765
f 3450/10783/1783 3449/10784/1783 3454/10785/1783 3453/10786/1783 

vt 7019.96 0
vt 7046.65 0
v -152.936 3.16902 -95.8986
vt 7046.65 124.765
vt 7019.96 124.765
f 3449/10787/1128 3448/10788/1128 3455/10789/1128 3454/10790/1128 

vt 6892.83 0
vn 0.308871 0 -0.951104
vt 6985.71 0
v -155.179 3.16902 -96.6272
vt 6985.71 124.765
vt 6892.83 124.765
f 3448/10791/1784 3447/10792/1784 3456/10793/1784 3455/10794/1784 

vt -2035.77 0
vn -0.96373 0 -0.266879
vt -2018.72 0
vt -2018.72 124.765
vt -2035.77 124.765
f 3447/10795/1785 3438/10796/1785 3452/10797/1785 3456/10798/1785 

vt -6048.38 3596.59
vt -5996.82 3764.41
vt -6021.09 3775.53
vt -6109.42 3804.22
f 3452/10766/20 3451/10770/20 3453/10799/20 3454/10800/20 3455/10801/20 3456/10802/20 

g Mesh274 G_32_63674269840781 Model

v -149.828 0 -110.972
vt 5898.76 4368.98
v -145.54 0 -109.483
vt 5729.92 4310.34
v -148.082 0 -102.524
vt 5830.01 4036.37
f 1842/5789/1 3457/10803/1 3458/10804/1 3459/10805/1 1834/5781/1 1843/5790/1 

vt 6888.11 0
v -150.558 3.91814 -111.186
vt 6918.04 154.257
v -149.828 3.91814 -110.972
vt 6888.11 154.257
f 3457/10806/982 1842/5803/982 3460/10807/982 3461/10808/982 

vt -2412.29 0
vn -0.954574 0 -0.297975
vt -2115.55 0
v -152.804 3.91814 -103.991
vt -2115.55 154.257
vt -2412.29 154.257
f 1842/10809/1786 1843/10810/1786 3462/10811/1786 3460/10812/1786 

vt -6903.86 0
vn -0.272491 0 0.962158
vt -6851.46 0
v -151.523 3.91814 -103.628
vt -6851.46 154.257
vt -6903.86 154.257
f 1843/10813/1787 1834/10814/1787 3463/10815/1787 3462/10816/1787 

vt -6926.78 0
vn -0.305549 0 0.952176
vt -6784.51 0
v -148.082 3.91814 -102.524
vt -6784.51 154.257
vt -6926.78 154.257
f 1834/10817/1788 3459/10818/1788 3464/10819/1788 3463/10820/1788 

vt 1790.83 0
vn 0.939286 0 0.343134
vt 2082.51 0
v -145.54 3.91814 -109.483
vt 2082.51 154.257
vt 1790.83 154.257
f 3459/10821/1789 3458/10822/1789 3465/10823/1789 3464/10824/1789 

vt 6826.91 0
vn 0.328082 0 -0.944649
vt 7005.64 0
vt 7005.64 154.257
vt 6826.91 154.257
f 3458/10825/1790 3457/10826/1790 3461/10827/1790 3465/10828/1790 

vt -5898.76 4368.98
vt -5830.01 4036.37
vt -5729.92 4310.34
f 3461/10829/20 3460/5834/20 3462/5833/20 3463/5832/20 3464/10830/20 3465/10831/20 

g Mesh275 G_42_5547241388382 Model

v -149.392 0 -112.616
vt 5881.57 4433.68
v -145.412 0 -111.203
vt 5724.87 4378.08
f 3458/10804/1 3457/10803/1 3466/10832/1 3467/10833/1 

vt -7005.64 0
vn -0.328082 0 0.944649
vt -6826.91 0
v -145.54 2.99536 -109.483
vt -6826.91 117.927
v -149.828 2.99536 -110.972
vt -7005.64 117.927
f 3457/10834/1791 3458/10835/1791 3468/10836/1791 3469/10837/1791 

vt 3871.97 0
vn 0.997227 0 0.0744199
vt 3939.89 0
v -145.412 2.99536 -111.203
vt 3939.89 117.927
vt 3871.97 117.927
f 3458/10838/1792 3467/10839/1792 3470/10840/1792 3468/10841/1792 

vt 6859.35 0
vn 0.33441 0 -0.942428
vt 7025.62 0
v -149.392 2.99536 -112.616
vt 7025.62 117.927
vt 6859.35 117.927
f 3467/10842/1793 3466/10843/1793 3471/10844/1793 3470/10845/1793 

vt -2775.16 0
vn -0.966485 0 -0.256723
vt -2708.21 0
vt -2708.21 117.927
vt -2775.16 117.927
f 3466/10846/1794 3457/10847/1794 3469/10848/1794 3471/10849/1794 

vt -5724.87 4378.08
vt -5881.57 4433.68
f 3469/10829/20 3468/10831/20 3470/10850/20 3471/10851/20 

g Mesh276 G_28_084799090448275 Model

v -169.73 0 -105.849
vt 6682.27 4167.29
v -165.261 0 -121.423
vt 6506.36 4780.45
v -158.598 0 -119.382
vt 6244.01 4700.08
f 3322/10391/1 3472/10852/1 3330/10415/1 3334/10419/1 3404/10635/1 3473/10853/1 3474/10854/1 3323/10392/1 

vt -2154.74 0
v -169.771 3.67407 -105.707
vt -2148.91 144.648
v -169.73 3.67407 -105.849
vt -2154.74 144.648
f 3472/10855/1727 3322/10399/1727 3475/10856/1727 3476/10857/1727 

vt -7592 0
vn -0.284647 0 0.958632
vt -7329.17 0
v -163.371 3.67407 -103.807
vt -7329.17 144.648
vt -7592 144.648
f 3322/10858/1795 3323/10859/1795 3477/10860/1795 3475/10861/1795 

vt 2664.22 0
v -158.598 3.67407 -119.382
vt 2664.22 144.648
vt 2022.87 144.648
f 3323/10408/1729 3474/10862/1729 3478/10863/1729 3477/10864/1729 

vt 7346.87 0
vn 0.292921 0 -0.956137
vt 7621.26 0
v -165.261 3.67407 -121.423
vt 7621.26 144.648
vt 7346.87 144.648
f 3474/10865/1796 3473/10866/1796 3479/10867/1796 3478/10868/1796 

vt -2517.42 0
vn -0.950309 0 -0.311308
vt -2332.31 0
v -166.725 3.67407 -116.955
vt -2332.31 144.648
vt -2517.42 144.648
f 3473/10869/1797 3404/10870/1797 3480/10871/1797 3479/10872/1797 

vt -2487.48 0
vn -0.95643 0 -0.291963
vt -2249.65 0
v -168.489 3.67407 -111.178
vt -2249.65 144.648
vt -2487.48 144.648
f 3404/10873/1798 3334/10874/1798 3481/10875/1798 3480/10876/1798 

vt -2035.6 0
v -170.076 3.67407 -105.978
vt -2035.6 144.648
f 3334/10874/1798 3330/10877/1798 3482/10878/1798 3481/10875/1798 

vt -7728.2 0
vn -0.347314 0 0.937749
vt -7713.65 0
vt -7713.65 144.648
vt -7728.2 144.648
f 3330/10879/1799 3472/10880/1799 3476/10881/1799 3482/10882/1799 

vt -6682.27 4167.29
vt -6244.01 4700.08
vt -6506.36 4780.45
f 3476/10883/20 3475/10412/20 3477/10411/20 3478/10884/20 3479/10885/20 3480/10659/20 3481/10452/20 3482/10451/20 

g Mesh277 G_16_539931954272515 Model

v -188.324 0 -139.82
vt 7414.32 5504.72
v -190.271 0 -134.868
vt 7491 5309.77
v -195.739 0 -137.078
vt 7706.26 5396.77
v -193.71 0 -142.034
vt 7626.4 5591.89
f 3483/10886/1 3484/10887/1 3485/10888/1 3486/10889/1 

vt 2199.29 0
vn 0.930601 0 0.366036
vt 2408.79 0
v -188.324 2.88605 -139.82
vt 2408.79 113.624
v -190.271 2.88605 -134.868
vt 2199.29 113.624
f 3484/10890/1800 3483/10891/1800 3487/10892/1800 3488/10893/1800 

vt 8950.33 0
vn 0.380158 0 -0.924921
vt 9179.62 0
v -193.71 2.88605 -142.034
vt 9179.62 113.624
vt 8950.33 113.624
f 3483/10894/1801 3486/10895/1801 3489/10896/1801 3487/10897/1801 

vt -2286.1 0
vn -0.925471 0 -0.37882
vt -2075.27 0
v -195.739 2.88605 -137.078
vt -2075.27 113.624
vt -2286.1 113.624
f 3486/10898/1802 3485/10899/1802 3490/10900/1802 3489/10901/1802 

vt -9167.04 0
vn -0.374719 0 0.927139
vt -8934.87 0
vt -8934.87 113.624
vt -9167.04 113.624
f 3485/10902/1803 3484/10903/1803 3488/10904/1803 3490/10905/1803 

vt -7491 5309.77
vt -7414.32 5504.72
vt -7626.4 5591.89
vt -7706.26 5396.77
f 3488/10906/20 3487/10907/20 3489/10908/20 3490/10909/20 

g Mesh278 G_31_8460647663566 Model

v -195.209 0 -144.22
vt 7685.41 5677.95
v -198.795 0 -136.59
vt 7826.57 5377.56
v -204.726 0 -139.153
vt 8060.08 5478.46
v -201.173 0 -146.974
vt 7920.21 5786.37
f 3491/10910/1 3492/10911/1 3493/10912/1 3494/10913/1 

vt 1538.31 0
vn 0.905052 0 0.425302
vt 1870.21 0
v -195.209 3.83852 -144.22
vt 1870.21 151.123
v -198.795 3.83852 -136.59
vt 1538.31 151.123
f 3492/10914/1804 3491/10915/1804 3495/10916/1804 3496/10917/1804 

vt 9357.83 0
vn 0.419244 0 -0.907874
vt 9616.45 0
v -201.173 3.83852 -146.974
vt 9616.45 151.123
vt 9357.83 151.123
f 3491/10918/1805 3494/10919/1805 3497/10920/1805 3495/10921/1805 

vt -1992.64 0
vn -0.910467 0 -0.413582
vt -1654.45 0
v -204.726 3.83852 -139.153
vt -1654.45 151.123
vt -1992.64 151.123
f 3494/10922/1806 3493/10923/1806 3498/10924/1806 3497/10925/1806 

vt -9571.95 0
vn -0.396653 0 0.917969
vt -9317.57 0
vt -9317.57 151.123
vt -9571.95 151.123
f 3493/10926/1807 3492/10927/1807 3496/10928/1807 3498/10929/1807 

vt -7826.57 5377.56
vt -7685.41 5677.95
vt -7920.21 5786.37
vt -8060.08 5478.46
f 3496/10930/20 3495/10931/20 3497/10932/20 3498/10933/20 

g Mesh279 G_15_788899570768056 Model

v -195.017 0 -144.676
vt 7677.83 5695.89
v -187.666 0 -141.491
vt 7388.44 5570.53
v -201.367 0 -123.139
vt 7927.83 4848
v -203.805 0 -124.21
vt 8023.84 4890.14
v -202.29 0 -127.953
vt 7964.18 5037.53
f 3492/10911/1 3491/10910/1 3499/10934/1 3500/10935/1 3483/10886/1 3486/10889/1 3485/10888/1 3501/10936/1 3502/10937/1 3503/10938/1 

vt -1870.21 0
vn -0.905052 0 -0.425302
vt -1538.31 0
v -198.795 2.83533 -136.59
vt -1538.31 111.627
v -195.209 2.83533 -144.22
vt -1870.21 111.627
f 3491/10939/1808 3492/10940/1808 3504/10941/1808 3505/10942/1808 

vt -2048.58 0
vn -0.926961 0 -0.375158
vt -1681.77 0
v -202.29 2.83533 -127.953
vt -1681.77 111.627
vt -2048.58 111.627
f 3492/10943/1809 3503/10944/1809 3506/10945/1809 3504/10946/1809 

vt -1522.76 0
v -203.805 2.83533 -124.21
vt -1522.76 111.627
f 3503/10944/1809 3502/10947/1809 3507/10948/1809 3506/10945/1809 

vt -9312.61 0
vn -0.401873 0 0.915696
vt -9207.76 0
v -201.367 2.83533 -123.139
vt -9207.76 111.627
vt -9312.61 111.627
f 3502/10949/1810 3501/10950/1810 3508/10951/1810 3507/10952/1810 

vt 1527.33 0
vn 0.927272 0 0.374388
vt 2119.14 0
v -195.739 2.83533 -137.078
vt 2119.14 111.627
vt 1527.33 111.627
f 3501/10953/1811 3485/10954/1811 3509/10955/1811 3508/10956/1811 

vt 2075.27 0
vn 0.925471 0 0.37882
vt 2286.1 0
v -193.71 2.83533 -142.034
vt 2286.1 111.627
vt 2075.27 111.627
f 3485/10957/1812 3486/10958/1812 3510/10959/1812 3509/10960/1812 

vt -9179.62 0
vn -0.380158 0 0.924921
vt -8950.33 0
v -188.324 2.83533 -139.82
vt -8950.33 111.627
vt -9179.62 111.627
f 3486/10961/1813 3483/10962/1813 3511/10963/1813 3510/10964/1813 

vt 2408.78 0
vt 2479.5 0
v -187.666 2.83533 -141.491
vt 2479.5 111.627
vt 2408.78 111.627
f 3483/10965/1800 3500/10966/1800 3512/10967/1800 3511/10968/1800 

vt 8993.92 0
vn 0.397495 0 -0.917604
vt 9309.3 0
v -195.017 2.83533 -144.676
vt 9309.3 111.627
vt 8993.92 111.627
f 3500/10969/1814 3499/10970/1814 3513/10971/1814 3512/10972/1814 

vt -2258.41 0
vn -0.921146 0 -0.389217
vt -2238.93 0
vt -2238.93 111.627
vt -2258.41 111.627
f 3499/10973/1815 3491/10974/1815 3505/10975/1815 3513/10976/1815 

vt -7964.18 5037.53
vt -8023.84 4890.14
vt -7927.83 4848
vt -7388.44 5570.53
vt -7677.83 5695.89
f 3505/10931/20 3504/10930/20 3506/10977/20 3507/10978/20 3508/10979/20 3509/10909/20 3510/10908/20 3511/10907/20 3512/10980/20 3513/10981/20 

g Mesh280 G_26_69916857828237 Model

v -208.647 0 -130.521
vt 8214.46 5138.62
f 3514/10982/1 3493/10912/1 3492/10911/1 3503/10938/1 

vt -1281.19 0
v -208.647 3.48264 -130.521
vt -1281.19 137.112
v -204.726 3.48264 -139.153
vt -1654.45 137.112
f 3493/10923/1806 3514/10983/1806 3515/10984/1806 3516/10985/1806 

vt -9541.07 0
vn -0.374498 0 0.927228
vt -9271.16 0
v -202.29 3.48264 -127.953
vt -9271.16 137.112
vt -9541.07 137.112
f 3514/10986/1816 3503/10987/1816 3517/10988/1816 3515/10989/1816 

vt 1681.77 0
vn 0.926961 0 0.375158
vt 2048.58 0
v -198.795 3.48264 -136.59
vt 2048.58 137.112
vt 1681.77 137.112
f 3503/10990/1817 3492/10991/1817 3518/10992/1817 3517/10993/1817 

vt 9317.57 0
vn 0.396653 0 -0.917969
vt 9571.95 0
vt 9571.95 137.112
vt 9317.57 137.112
f 3492/10994/1818 3493/10995/1818 3516/10996/1818 3518/10997/1818 

vt -8214.46 5138.62
f 3516/10933/20 3515/10998/20 3517/10977/20 3518/10930/20 

g Mesh281 G_12_291023304104746 Model

v -205.25 0 -120.415
vt 8080.72 4740.75
v -210.277 0 -125.545
vt 8278.6 4942.71
v -211.753 0 -126.02
vt 8336.74 4961.41
v -211.201 0 -127.471
vt 8315 5018.53
v -210.225 0 -127.047
vt 8276.58 5001.85
f 3514/10982/1 3503/10938/1 3502/10937/1 3519/10999/1 1862/5865/1 1867/5870/1 1866/5869/1 3520/11000/1 3521/11001/1 3522/11002/1 3523/11003/1 

vt 9271.16 0
vn 0.374498 0 -0.927228
vt 9541.07 0
v -208.647 2.29338 -130.521
vt 9541.07 90.2906
v -202.29 2.29338 -127.953
vt 9271.16 90.2906
f 3503/11004/1819 3514/11005/1819 3524/11006/1819 3525/11007/1819 

vt -1130.98 0
v -210.225 2.29338 -127.047
vt -1130.98 90.2906
vt -1281.19 90.2906
f 3514/10983/1806 3523/11008/1806 3526/11009/1806 3524/11010/1806 

vt 9583.95 0
vn 0.398285 0 -0.917262
vt 9625.84 0
v -211.201 2.29338 -127.471
vt 9625.84 90.2906
vt 9583.95 90.2906
f 3523/11011/1820 3522/11012/1820 3527/11013/1820 3526/11014/1820 

vt -1733.18 0
vn -0.934619 0 -0.355651
vt -1672.06 0
v -211.753 2.29338 -126.02
vt -1672.06 90.2906
vt -1733.18 90.2906
f 3522/11015/1821 3521/11016/1821 3528/11017/1821 3527/11018/1821 

vt -9455.66 0
vn -0.306277 0 0.951942
vt -9394.59 0
v -210.277 2.29338 -125.545
vt -9394.59 90.2906
vt -9455.66 90.2906
f 3521/11019/1822 3520/11020/1822 3529/11021/1822 3528/11022/1822 

vt -2787.28 0
vt -2770.6 0
v -210.379 2.29338 -125.134
vt -2770.6 90.2906
vt -2787.28 90.2906
f 3520/11023/1294 1866/11024/1294 3530/11025/1294 3529/11026/1294 

vt -9559.06 0
vn -0.616198 0 0.787591
vt -9528.09 0
v -209.76 2.29338 -124.649
vt -9528.09 90.2906
vt -9559.06 90.2906
f 1866/11027/1823 1867/11028/1823 3531/11029/1823 3530/11030/1823 

vt -1405.75 0
vn -0.925169 0 -0.379556
vt -1320.51 0
v -210.581 2.29338 -122.646
vt -1320.51 90.2906
vt -1405.75 90.2906
f 1867/11031/1824 1862/11032/1824 3532/11033/1824 3531/11034/1824 

vt -9512.06 0
vn -0.386105 0 0.922455
vt -9284.53 0
v -205.25 2.29338 -120.415
vt -9284.53 90.2906
vt -9512.06 90.2906
f 1862/11035/1825 3519/11036/1825 3533/11037/1825 3532/11038/1825 

vt 1554.98 0
vn 0.934546 0 0.355843
vt 1714.84 0
v -203.805 2.29338 -124.21
vt 1714.84 90.2906
vt 1554.98 90.2906
f 3519/11039/1826 3502/11040/1826 3534/11041/1826 3533/11042/1826 

vt 1522.76 0
vt 1681.77 90.2906
vt 1522.76 90.2906
f 3502/11043/1817 3503/10990/1817 3525/11044/1817 3534/11045/1817 

vt -8276.58 5001.85
vt -8315 5018.53
vt -8336.74 4961.41
vt -8278.6 4942.71
vt -8080.72 4740.75
f 3525/10977/20 3524/10998/20 3526/11046/20 3527/11047/20 3528/11048/20 3529/11049/20 3530/5898/20 3531/5897/20 3532/5896/20 3533/11050/20 3534/10978/20 

g Mesh282 G_26_051239796026774 Model

v -210.379 0 -121.449
vt 8282.65 4781.46
v -205.652 0 -119.359
vt 8096.55 4699.17
v -208.787 0 -111.126
vt 8219.97 4375.05
v -213.769 0 -113.155
vt 8416.1 4454.91
f 3535/11051/1 3536/11052/1 3537/11053/1 3538/11054/1 

vt 9305.31 0
vn 0.404406 0 -0.91458
vt 9508.79 0
v -210.379 2.58699 -121.449
vt 9508.79 101.85
v -205.652 2.58699 -119.359
vt 9305.31 101.85
f 3536/11055/1827 3535/11056/1827 3539/11057/1827 3540/11058/1827 

vt -1292.81 0
vn -0.925684 0 -0.378298
vt -940.048 0
v -213.769 2.58699 -113.155
vt -940.048 101.85
vt -1292.81 101.85
f 3535/11059/1828 3538/11060/1828 3541/11061/1828 3539/11062/1828 

vt -9474.75 0
vn -0.377145 0 0.926154
vt -9262.98 0
v -208.787 2.58699 -111.126
vt -9262.98 101.85
vt -9474.75 101.85
f 3538/11063/1829 3537/11064/1829 3542/11065/1829 3541/11066/1829 

vt 1163.66 0
vt 1510.49 0
vt 1510.49 101.85
vt 1163.66 101.85
f 3537/11067/1826 3536/11068/1826 3540/11069/1826 3542/11070/1826 

vt -8096.55 4699.17
vt -8282.65 4781.46
vt -8416.1 4454.91
vt -8219.97 4375.05
f 3540/11071/20 3539/11072/20 3541/11073/20 3542/11074/20 

g Mesh283 G_31_323778385419217 Model

f 3536/11052/1 3535/11051/1 1863/5866/1 1862/5865/1 3519/10999/1 

vt -9508.79 0
vn -0.404406 0 0.91458
vt -9305.31 0
v -205.652 1.81395 -119.359
vt -9305.31 71.4155
v -210.379 1.81395 -121.449
vt -9508.79 71.4155
f 3535/11075/1830 3536/11076/1830 3543/11077/1830 3544/11078/1830 

v -205.25 1.81395 -120.415
vt 1554.98 71.4155
vt 1510.49 71.4155
f 3536/11068/1826 3519/11039/1826 3545/11079/1826 3543/11080/1826 

vt 9284.53 0
vn 0.386105 0 -0.922455
vt 9512.06 0
v -210.581 1.81395 -122.646
vt 9512.06 71.4155
vt 9284.53 71.4155
f 3519/11081/1831 1862/11082/1831 3546/11083/1831 3545/11084/1831 

vt -1440.19 0
vn -0.929879 0 -0.367864
vt -1399.41 0
v -210.963 1.81395 -121.683
vt -1399.41 71.4155
vt -1440.19 71.4155
f 1862/11085/1832 1863/11086/1832 3547/11087/1832 3546/11088/1832 

vt -9467.48 0
vt -9467.48 71.4155
vt -9492.22 71.4155
f 1863/5892/998 3535/11089/998 3544/11090/998 3547/11091/998 

f 3544/11072/20 3543/11071/20 3545/11050/20 3546/5896/20 3547/5895/20 

g Mesh284 G_14_475191668258555 Model

v -225.116 0 -134.07
vt 8862.82 5278.36
v -214.215 0 -129.576
vt 8433.66 5101.43
v -215.794 0 -123.645
vt 8495.84 4867.9
f 51/151/1 57/157/1 3548/11092/1 3549/11093/1 3550/11094/1 

vt -9945.56 0
vn -0.262109 0 0.965038
vt -9606.14 0
v -219.03 2.93088 -124.466
vt -9606.14 115.389
v -227.35 2.93088 -126.726
vt -9945.56 115.389
f 57/11095/1833 51/11096/1833 3551/11097/1833 3552/11098/1833 

vt -9564.11 0
vn -0.246154 0 0.969231
vt -9432.68 0
v -215.794 2.93088 -123.645
vt -9432.68 115.389
vt -9564.11 115.389
f 51/11099/1834 3550/11100/1834 3553/11101/1834 3551/11102/1834 

vt 2518.3 0
vn 0.966339 0 0.257272
vt 2759.97 0
v -214.215 2.93088 -129.576
vt 2759.97 115.389
vt 2518.3 115.389
f 3550/11103/1835 3549/11104/1835 3554/11105/1835 3553/11106/1835 

vt 9741.42 0
vn 0.381133 0 -0.92452
vt 10205.6 0
v -225.116 2.93088 -134.07
vt 10205.6 115.389
vt 9741.42 115.389
f 3549/11107/1836 3548/11108/1836 3555/11109/1836 3554/11110/1836 

vt -2470.54 0
vn -0.956714 0 -0.291029
vt -2168.32 0
vt -2168.32 115.389
vt -2470.54 115.389
f 3548/11111/1837 57/11112/1837 3552/11113/1837 3555/11114/1837 

vt -8495.84 4867.9
vt -8433.66 5101.43
vt -8862.82 5278.36
f 3552/188/20 3551/187/20 3553/11115/20 3554/11116/20 3555/11117/20 

g Mesh285 G_32_94336234550856 Model

f 3377/10551/1 3332/10417/1 3331/10416/1 3347/10459/1 3346/10458/1 3345/10457/1 3367/10522/1 

vt 8089.63 0
vn 0.470797 0 -0.882242
vt 8434.86 0
v -182.646 3.38752 -112.804
vt 8434.86 133.367
v -174.91 3.38752 -108.675
vt 8089.63 133.367
f 3332/11118/1838 3377/11119/1838 3556/11120/1838 3557/11121/1838 

vt -963.689 0
vn -0.905179 0 -0.42503
vt -818.265 0
v -184.216 3.38752 -109.46
vt -818.265 133.367
vt -963.689 133.367
f 3377/11122/1839 3367/11123/1839 3558/11124/1839 3556/11125/1839 

vt -567.437 0
vn -0.892098 0 -0.451842
vt -501.991 0
v -184.967 3.38752 -107.977
vt -501.991 133.367
vt -567.437 133.367
f 3367/11126/1840 3345/11127/1840 3559/11128/1840 3558/11129/1840 

vt -8418.3 0
vn -0.45382 0 0.891094
vt -8204.44 0
v -180.126 3.38752 -105.512
vt -8204.44 133.367
vt -8418.3 133.367
f 3345/11130/1841 3346/11131/1841 3560/11132/1841 3559/11133/1841 

vt -356.325 0
vn -0.883966 0 -0.467552
vt -287.132 0
v -180.948 3.38752 -103.959
vt -287.132 133.367
vt -356.325 133.367
f 3346/11134/1842 3347/11135/1842 3561/11136/1842 3560/11137/1842 

vt -8190.74 0
vn -0.428744 0 0.903426
vt -8029.81 0
v -177.255 3.38752 -102.206
vt -8029.81 133.367
vt -8190.74 133.367
f 3347/11138/1843 3331/11139/1843 3562/11140/1843 3561/11141/1843 

vt 1404.31 0
vn 0.94012 0 0.340844
vt 1675.24 0
vt 1675.24 133.367
vt 1404.31 133.367
f 3331/11142/1844 3332/11143/1844 3557/11144/1844 3562/11145/1844 

f 3557/10454/20 3556/10573/20 3558/10544/20 3559/10511/20 3560/10518/20 3561/10517/20 3562/10455/20 

g Mesh286 G_24_11466787943588 Model

v -181.503 0 -94.9613
vt 7145.8 3738.63
v -182.171 0 -93.6774
vt 7172.09 3688.09
v -190.748 0 -97.221
vt 7509.75 3827.6
f 3347/10459/1 3331/10416/1 1195/3825/1 3563/11146/1 3564/11147/1 3565/11148/1 3350/10462/1 3349/10461/1 1210/3864/1 1209/3863/1 1208/3862/1 1207/3861/1 3348/10460/1 

vt 8029.81 0
vt 8190.74 0
v -180.948 3.16313 -103.959
vt 8190.74 124.533
v -177.255 3.16313 -102.206
vt 8029.81 124.533
f 3331/11149/420 3347/11150/420 3566/11151/420 3567/11152/420 

vt 12.0297 0
vn -0.866355 0 -0.499428
vt 111.219 0
v -182.206 3.16313 -101.776
vt 111.219 124.533
vt 12.0297 124.533
f 3347/11153/1845 3348/11154/1845 3568/11155/1845 3566/11156/1845 

vt -8216.39 0
vn -0.495203 0 0.868777
vt -8192.24 0
v -181.673 3.16313 -101.472
vt -8192.24 124.533
vt -8216.39 124.533
f 3348/11157/1846 1207/11158/1846 3569/11159/1846 3568/11160/1846 

vt -8100.03 0
v -179.638 3.16313 -100.312
vt -8100.03 124.533
f 1207/11158/1846 1208/11161/1846 3570/11162/1846 3569/11159/1846 

vt -535.653 0
vn -0.903426 0 -0.428744
vt -337.581 0
v -181.795 3.16313 -95.767
vt -337.581 124.533
vt -535.653 124.533
f 1208/11163/1847 1209/11164/1847 3571/11165/1847 3570/11166/1847 

vt 8082.76 0
vn 0.429159 0 -0.903229
vt 8285.36 0
v -186.443 3.16313 -97.9754
vt 8285.36 124.533
vt 8082.76 124.533
f 1209/11167/1848 1210/11168/1848 3572/11169/1848 3571/11170/1848 

vt -391.317 0
vn -0.906183 0 -0.422885
vt -357.847 0
v -186.803 3.16313 -97.205
vt -357.847 124.533
vt -391.317 124.533
f 1210/11171/1849 3349/11172/1849 3573/11173/1849 3572/11174/1849 

vt 8283.09 0
vn 0.423519 0 -0.905887
vt 8417.97 0
v -189.906 3.16313 -98.656
vt 8417.97 124.533
vt 8283.09 124.533
f 3349/11175/1850 3350/11176/1850 3574/11177/1850 3573/11178/1850 

vt 496.633 0
v -190.748 3.16313 -97.221
vt 496.633 124.533
vt 431.145 124.533
f 3350/10473/1737 3565/11179/1737 3575/11180/1737 3574/11181/1737 

vt -8402.28 0
vn -0.381863 0 0.924219
vt -8036.92 0
v -182.171 3.16313 -93.6774
vt -8036.92 124.533
vt -8402.28 124.533
f 3565/11182/1851 3564/11183/1851 3576/11184/1851 3575/11185/1851 

vt -36.7309 0
vn 0.887217 0 0.461353
vt 20.2438 0
v -181.503 3.16313 -94.9613
vt 20.2438 124.533
vt -36.7309 124.533
f 3564/11186/1852 3563/11187/1852 3577/11188/1852 3576/11189/1852 

vt -8064.67 0
vn -0.467121 0 0.884193
vt -8004.07 0
v -180.142 3.16313 -94.2423
vt -8004.07 124.533
vt -8064.67 124.533
f 3563/11190/1853 1195/11191/1853 3578/11192/1853 3577/11193/1853 

vt 1070.81 0
vt 1404.31 124.533
vt 1070.81 124.533
f 1195/11194/1844 3331/11142/1844 3567/11195/1844 3578/11196/1844 

vt -7509.75 3827.6
vt -7172.09 3688.09
vt -7145.8 3738.63
f 3567/10455/20 3566/10517/20 3568/10516/20 3569/3892/20 3570/3891/20 3571/3896/20 3572/3895/20 3573/10515/20 3574/10514/20 3575/11197/20 3576/11198/20 3577/11199/20 3578/3856/20 

g Mesh287 G_35_98026434258298 Model

v -181.283 0 -89.3579
vt 7137.14 3518.03
v -186.928 0 -91.3727
vt 7359.37 3597.35
v -186.453 0 -92.7722
vt 7340.67 3652.45
v -180.816 0 -90.7692
vt 7118.76 3573.59
f 3579/11200/1 3580/11201/1 3581/11202/1 3582/11203/1 

vt -8140.37 0
vn -0.336158 0 0.941806
vt -7904.41 0
v -181.283 2.14875 -89.3579
vt -7904.41 84.5965
v -186.928 2.14875 -91.3727
vt -8140.37 84.5965
f 3580/11204/1854 3579/11205/1854 3583/11206/1854 3584/11207/1854 

vt 1098.33 0
vn 0.949395 0 0.314085
vt 1156.85 0
v -180.816 2.14875 -90.7692
vt 1156.85 84.5965
vt 1098.33 84.5965
f 3579/11208/1855 3582/11209/1855 3585/11210/1855 3583/11211/1855 

vt 7904.41 0
vn 0.33484 0 -0.942275
vt 8139.91 0
v -186.453 2.14875 -92.7722
vt 8139.91 84.5965
vt 7904.41 84.5965
f 3582/11212/1856 3581/11213/1856 3586/11214/1856 3585/11215/1856 

vt -1099.07 0
vt -1040.88 0
vt -1040.88 84.5965
vt -1099.07 84.5965
f 3581/11216/1161 3580/11217/1161 3584/11218/1161 3586/11219/1161 

vt -7359.37 3597.35
vt -7137.14 3518.03
vt -7118.76 3573.59
vt -7340.67 3652.45
f 3584/11220/20 3583/11221/20 3585/11222/20 3586/11223/20 

g Mesh288 G_20_943889985058597 Model

v -187.108 0 -79.509
vt 7366.45 3130.28
v -184.915 0 -78.7611
vt 7280.14 3100.83
v -184.453 0 -79.3261
vt 7261.94 3123.07
v -183.736 0 -79.1095
vt 7233.71 3114.55
v -184.566 0 -75.6829
vt 7266.36 2979.64
v -187.493 0 -76.5816
vt 7381.61 3015.03
f 3587/11224/1 3588/11225/1 3589/11226/1 3590/11227/1 3591/11228/1 3592/11229/1 

vt 7891.4 0
vn 0.322871 0 -0.946443
vt 7982.6 0
v -187.108 2.67685 -79.509
vt 7982.6 105.388
v -184.915 2.67685 -78.7611
vt 7891.4 105.388
f 3588/11230/1857 3587/11231/1857 3593/11232/1857 3594/11233/1857 

vt -2142.54 0
vn -0.991454 0 -0.130455
vt -2026.3 0
v -187.493 2.67685 -76.5816
vt -2026.3 105.388
vt -2142.54 105.388
f 3587/11234/1858 3592/11235/1858 3595/11236/1858 3593/11237/1858 

vt -7941.43 0
vn -0.293497 0 0.95596
vt -7820.87 0
v -184.566 2.67685 -75.6829
vt -7820.87 105.388
vt -7941.43 105.388
f 3592/11238/1859 3591/11239/1859 3596/11240/1859 3595/11241/1859 

vt 1186.46 0
vn 0.97193 0 0.235269
vt 1325.26 0
v -183.736 2.67685 -79.1095
vt 1325.26 105.388
vt 1186.46 105.388
f 3591/11242/1860 3590/11243/1860 3597/11244/1860 3596/11245/1860 

vt 7825.31 0
vn 0.289177 0 -0.957276
vt 7854.8 0
v -184.453 2.67685 -79.3261
vt 7854.8 105.388
vt 7825.31 105.388
f 3590/11246/1861 3589/11247/1861 3598/11248/1861 3597/11249/1861 

vt 2181.41 0
vn -0.773957 0 -0.633238
vt 2210.15 0
vt 2210.15 105.388
vt 2181.41 105.388
f 3589/11250/1862 3588/11251/1862 3594/11252/1862 3598/11253/1862 

vt -7280.14 3100.83
vt -7366.45 3130.28
vt -7381.61 3015.03
vt -7266.36 2979.64
vt -7233.71 3114.55
vt -7261.94 3123.07
f 3594/11254/20 3593/11255/20 3595/11256/20 3596/11257/20 3597/11258/20 3598/11259/20 

g Mesh289 G_38_59284495349912 Model

v -202.072 0 -107.544
vt 7955.6 4234.01
v -199.18 0 -114.378
vt 7841.73 4503.06
v -196.834 0 -100.02
vt 7749.36 3937.8
v -203.895 0 -102.383
vt 8027.38 4030.81
f 3599/11260/1 3600/11261/1 3365/10520/1 3364/10519/1 3601/11262/1 3602/11263/1 

vt -1090.76 0
vn -0.920925 0 -0.389739
vt -798.607 0
v -202.072 5.92602 -107.544
vt -798.607 233.308
v -199.18 5.92602 -114.378
vt -1090.76 233.308
f 3600/11264/1863 3599/11265/1863 3603/11266/1863 3604/11267/1863 

vt -1342.53 0
vn -0.942904 0 -0.333065
vt -1127.02 0
v -203.895 5.92602 -102.383
vt -1127.02 233.308
vt -1342.53 233.308
f 3599/11268/1864 3602/11269/1864 3605/11270/1864 3603/11271/1864 

vt -8891.49 0
vn -0.317262 0 0.948338
vt -8598.32 0
v -196.834 5.92602 -100.02
vt -8598.32 233.308
vt -8891.49 233.308
f 3602/11272/1865 3601/11273/1865 3606/11274/1865 3605/11275/1865 

vt 791.602 0
vt 1096.66 0
v -193.967 5.92602 -107.219
vt 1096.66 233.308
vt 791.602 233.308
f 3601/11276/822 3364/11277/822 3607/11278/822 3606/11279/822 

vt 1096.67 0
vt 1271.04 0
v -192.329 5.92602 -111.334
vt 1271.04 233.308
vt 1096.67 233.308
f 3364/11280/822 3365/11281/822 3608/11282/822 3607/11283/822 

vt 8699.43 0
vn 0.406003 0 -0.913872
vt 8994.6 0
vt 8994.6 233.308
vt 8699.43 233.308
f 3365/11284/1866 3600/11285/1866 3604/11286/1866 3608/11287/1866 

vt -7841.73 4503.06
vt -7955.6 4234.01
vt -8027.38 4030.81
vt -7749.36 3937.8
f 3604/11288/20 3603/11289/20 3605/11290/20 3606/11291/20 3607/10547/20 3608/10546/20 

g Mesh290 G_24_115267464544065 Model

v -208.107 0 -109.804
vt 8193.18 4322.98
v -204.486 0 -119.254
vt 8050.63 4695.02
v -201.61 0 -118.149
vt 7937.4 4651.55
v -199.71 0 -122.412
vt 7862.59 4819.37
v -195.945 0 -120.786
vt 7714.36 4755.34
v -198.641 0 -116.047
vt 7820.5 4568.77
f 3600/11261/1 3599/11260/1 3609/11292/1 3610/11293/1 3611/11294/1 3612/11295/1 3613/11296/1 1495/4758/1 3614/11297/1 

vt 798.607 0
vn 0.920925 0 0.389739
vt 1090.76 0
v -199.18 2.52293 -114.378
vt 1090.76 99.3281
v -202.072 2.52293 -107.544
vt 798.607 99.3281
f 3599/11298/1867 3600/11299/1867 3615/11300/1867 3616/11301/1867 

vt 1874.19 0
vn 0.951571 0 0.30743
vt 1943.25 0
v -198.641 2.52293 -116.047
vt 1943.25 99.3281
vt 1874.19 99.3281
f 3600/11302/1868 3614/11303/1868 3617/11304/1868 3615/11305/1868 

vt -8950.37 0
vn -0.366216 0 0.93053
vt -8921.78 0
v -197.965 2.52293 -115.781
vt -8921.78 99.3281
vt -8950.37 99.3281
f 3614/11306/1869 1495/11307/1869 3618/11308/1869 3617/11309/1869 

vt 1309.54 0
vn 0.927301 0 0.374316
vt 1522.02 0
v -195.945 2.52293 -120.786
vt 1522.02 99.3281
vt 1309.54 99.3281
f 1495/11310/1870 3613/11311/1870 3619/11312/1870 3618/11313/1870 

vt 8967.64 0
vn 0.396566 0 -0.918006
vt 9129.1 0
v -199.71 2.52293 -122.412
vt 9129.1 99.3281
vt 8967.64 99.3281
f 3613/11314/1871 3612/11315/1871 3620/11316/1871 3619/11317/1871 

vt -1200.48 0
vn -0.913357 0 -0.407159
vt -1016.74 0
v -201.61 2.52293 -118.149
vt -1016.74 99.3281
vt -1200.48 99.3281
f 3612/11318/1872 3611/11319/1872 3621/11320/1872 3620/11321/1872 

vt 9077.25 0
vn 0.35842 0 -0.93356
vt 9198.54 0
v -204.486 2.52293 -119.254
vt 9198.54 99.3281
vt 9077.25 99.3281
f 3611/11322/1873 3610/11323/1873 3622/11324/1873 3621/11325/1873 

vt -1503.8 0
vn -0.933803 0 -0.357789
vt -1105.39 0
v -208.107 2.52293 -109.804
vt -1105.39 99.3281
vt -1503.8 99.3281
f 3610/11326/1874 3609/11327/1874 3623/11328/1874 3622/11329/1874 

vt -9188.86 0
vn -0.350687 0 0.936493
vt -8935.17 0
vt -8935.17 99.3281
vt -9188.86 99.3281
f 3609/11330/1875 3599/11331/1875 3616/11332/1875 3623/11333/1875 

vt -7820.5 4568.77
vt -7714.36 4755.34
vt -7862.59 4819.37
vt -7937.4 4651.55
vt -8050.63 4695.02
vt -8193.18 4322.98
f 3616/11289/20 3615/11288/20 3617/11334/20 3618/4783/20 3619/11335/20 3620/11336/20 3621/11337/20 3622/11338/20 3623/11339/20 

g Mesh291 G_35_36799710958654 Model

f 1493/4756/1 3365/10520/1 3600/11261/1 3614/11297/1 1495/4758/1 1494/4757/1 

vt 1271.05 0
vn 0.929055 0 0.369943
vt 1344.81 0
v -191.635 4.1221 -113.075
vt 1344.81 162.287
v -192.329 4.1221 -111.334
vt 1271.05 162.287
f 3365/11340/1876 1493/11341/1876 3624/11342/1876 3625/11343/1876 

vt 8599.31 0
vn 0.33456 0 -0.942374
vt 8870.52 0
v -198.127 4.1221 -115.379
vt 8870.52 162.287
vt 8599.31 162.287
f 1493/11344/1877 1494/11345/1877 3626/11346/1877 3624/11347/1877 

vt 1292.49 0
v -197.965 4.1221 -115.781
vt 1309.54 162.287
vt 1292.49 162.287
f 1494/11348/1870 1495/11310/1870 3627/11349/1870 3626/11350/1870 

vt 8921.78 0
vn 0.366216 0 -0.93053
vt 8950.37 0
v -198.641 4.1221 -116.047
vt 8950.37 162.287
vt 8921.78 162.287
f 1495/11351/1878 3614/11352/1878 3628/11353/1878 3627/11354/1878 

vt -1943.25 0
vn -0.951571 0 -0.30743
vt -1874.19 0
v -199.18 4.1221 -114.378
vt -1874.19 162.287
vt -1943.25 162.287
f 3614/11355/1879 3600/11356/1879 3629/11357/1879 3628/11358/1879 

vt -8994.6 0
vn -0.406003 0 0.913872
vt -8699.43 0
vt -8699.43 162.287
vt -8994.6 162.287
f 3600/11359/1880 3365/11360/1880 3625/11361/1880 3629/11362/1880 

f 3625/10546/20 3624/4785/20 3626/4784/20 3627/4783/20 3628/11334/20 3629/11288/20 

g Mesh292 G_31_126369069741425 Model

f 3484/10887/1 1491/4754/1 3613/11296/1 3612/11295/1 3501/10936/1 3485/10888/1 

vt 2153.59 0
v -190.271 3.87088 -134.868
vt 2199.29 152.397
v -190.696 3.87088 -133.788
vt 2153.59 152.397
f 1491/11363/1800 3484/10890/1800 3630/11364/1800 3631/11365/1800 

vt 8934.87 0
vn 0.374719 0 -0.927139
vt 9167.04 0
v -195.739 3.87088 -137.078
vt 9167.04 152.397
vt 8934.87 152.397
f 3484/11366/1881 3485/11367/1881 3632/11368/1881 3630/11369/1881 

vt -2119.14 0
vn -0.927272 0 -0.374388
vt -1527.33 0
v -201.367 3.87088 -123.139
vt -1527.33 152.397
vt -2119.14 152.397
f 3485/11370/1882 3501/11371/1882 3633/11372/1882 3632/11373/1882 

vt -9136.51 0
v -199.71 3.87088 -122.412
vt -9136.51 152.397
vt -9207.76 152.397
f 3501/10950/1810 3612/11374/1810 3634/11375/1810 3633/11376/1810 

vt -9129.1 0
vn -0.396566 0 0.918006
vt -8967.64 0
v -195.945 3.87088 -120.786
vt -8967.64 152.397
vt -9129.1 152.397
f 3612/11377/1883 3613/11378/1883 3635/11379/1883 3634/11380/1883 

vt 2074.05 0
vt 2074.05 152.397
vt 1522.02 152.397
f 3613/11311/1870 1491/11381/1870 3631/11382/1870 3635/11383/1870 

f 3631/4781/20 3630/10906/20 3632/10909/20 3633/10979/20 3634/11336/20 3635/11335/20 

g Mesh293 G_23_718562949957942 Model

v -261.034 0 -69.5328
vt 10276.9 2737.51
v -260.598 0 -71.5614
vt 10259.7 2817.38
f 73/201/1 3636/11384/1 3637/11385/1 65/193/1 

vt -10604.4 0
vn -0.183038 0 0.983106
vt -10103.8 0
v -248.535 3.89264 -67.2056
vt -10103.8 153.254
v -261.034 3.89264 -69.5328
vt -10604.4 153.254
f 3636/11386/1884 73/11387/1884 3638/11388/1884 3639/11389/1884 

vt 1932.72 0
vn 0.997392 0 0.0721797
vt 2011 0
v -248.391 3.89264 -69.1886
vt 2011 153.254
vt 1932.72 153.254
f 73/11390/1885 65/11391/1885 3640/11392/1885 3638/11393/1885 

vn 0.190826 0 -0.981624
vt 10608.8 0
v -260.598 3.89264 -71.5614
vt 10608.8 153.254
vt 10119.3 153.254
f 65/203/1886 3637/11394/1886 3641/11395/1886 3640/11396/1886 

vt -595.944 0
vn -0.977621 0 -0.210374
vt -514.248 0
vt -514.248 153.254
vt -595.944 153.254
f 3637/11397/1887 3636/11398/1887 3639/11399/1887 3641/11400/1887 

vt -10276.9 2737.51
vt -10259.7 2817.38
f 3639/11401/20 3638/240/20 3640/239/20 3641/11402/20 

g Mesh294 G_58_67660596370697 Model

v -262.318 0 -68.9935
vt 10327.5 2716.28
v -263.679 0 -62.317
vt 10381.1 2453.43
v -264.963 0 -62.5225
vt 10431.6 2461.51
v -264.424 0 -65.9634
vt 10410.4 2596.99
v -264.937 0 -66.0405
vt 10430.6 2600.02
v -264.424 0 -69.2246
vt 10410.4 2725.38
f 3642/11403/1 3643/11404/1 3644/11405/1 3645/11406/1 3646/11407/1 3647/11408/1 

vt 330.49 0
vn 0.979849 0 0.199738
vt 598.75 0
v -262.318 2.66925 -68.9935
vt 598.75 105.089
v -263.679 2.66925 -62.317
vt 330.49 105.089
f 3643/11409/1888 3642/11410/1888 3648/11411/1888 3649/11412/1888 

vt 10562.2 0
vn 0.109101 0 -0.994031
vt 10645.6 0
v -264.424 2.66925 -69.2246
vt 10645.6 105.089
vt 10562.2 105.089
f 3642/11413/1889 3647/11414/1889 3650/11415/1889 3648/11416/1889 

vt -1032.94 0
vn -0.987241 0 -0.159232
vt -905.955 0
v -264.937 2.66925 -66.0405
vt -905.955 105.089
vt -1032.94 105.089
f 3647/11417/1890 3646/11418/1890 3651/11419/1890 3650/11420/1890 

vt -10700.9 0
vt -10680.4 0
v -264.424 2.66925 -65.9634
vt -10680.4 105.089
vt -10700.9 105.089
f 3646/11421/774 3645/11422/774 3652/11423/774 3651/11424/774 

vt -953.865 0
vn -0.987942 0 -0.154827
vt -816.741 0
v -264.963 2.66925 -62.5225
vt -816.741 105.089
vt -953.865 105.089
f 3645/11425/1891 3644/11426/1891 3653/11427/1891 3652/11428/1891 

vt -10689.5 0
vn -0.157991 0 0.987441
vt -10638.3 0
vt -10638.3 105.089
vt -10689.5 105.089
f 3644/11429/1892 3643/11430/1892 3649/11431/1892 3653/11432/1892 

vt -10381.1 2453.43
vt -10327.5 2716.28
vt -10410.4 2725.38
vt -10430.6 2600.02
vt -10410.4 2596.99
vt -10431.6 2461.51
f 3649/11433/20 3648/11434/20 3650/11435/20 3651/11436/20 3652/11437/20 3653/11438/20 

g Mesh295 G_23_85478167367284 Model

v -244.561 0 -70.8681
vt 9628.39 2790.08
v -246.012 0 -71.2661
vt 9685.51 2805.75
v -245.408 0 -74.7584
vt 9661.75 2943.25
v -238.392 0 -73.2145
vt 9385.5 2882.46
v -236.603 0 -82.7809
vt 9315.08 3259.09
v -234.848 0 -82.4396
vt 9245.99 3245.66
v -236.723 0 -70.4598
vt 9319.81 2774.01
v -238.231 0 -70.7654
vt 9379.18 2786.04
v -238.873 0 -67.3244
vt 9404.46 2650.57
f 67/195/1 66/194/1 3654/11439/1 3655/11440/1 3656/11441/1 3657/11442/1 3658/11443/1 3659/11444/1 3660/11445/1 3661/11446/1 3662/11447/1 

vt -9974.62 0
vn -0.180473 0 0.98358
vt -9750.55 0
v -239.412 3.2298 -67.5042
vt -9750.55 127.158
v -245.01 3.2298 -68.5313
vt -9974.62 127.158
f 66/11448/1893 67/11449/1893 3663/11450/1893 3664/11451/1893 

vt -9782.41 0
vt -9760.03 0
v -238.873 3.2298 -67.3244
vt -9760.03 127.158
vt -9782.41 127.158
f 67/11452/1329 3662/11453/1329 3665/11454/1329 3663/11455/1329 

vt 880.806 0
vn 0.983038 0 0.183403
vt 1018.62 0
v -238.231 3.2298 -70.7654
vt 1018.62 127.158
vt 880.806 127.158
f 3662/11456/1894 3661/11457/1894 3666/11458/1894 3665/11459/1894 

vt -9745.67 0
vn -0.198606 0 0.980079
vt -9685.09 0
v -236.723 3.2298 -70.4598
vt -9685.09 127.158
vt -9745.67 127.158
f 3661/11460/1895 3660/11461/1895 3667/11462/1895 3666/11463/1895 

vt 1299.36 0
vn 0.98797 0 0.154647
vt 1776.75 0
v -234.848 3.2298 -82.4396
vt 1776.75 127.158
vt 1299.36 127.158
f 3660/11464/1896 3659/11465/1896 3668/11466/1896 3667/11467/1896 

vt 9695.5 0
vn 0.19087 0 -0.981615
vt 9765.88 0
v -236.603 3.2298 -82.7809
vt 9765.88 127.158
vt 9695.5 127.158
f 3659/11468/1897 3658/11469/1897 3669/11470/1897 3668/11471/1897 

vt -1491.43 0
vn -0.982963 0 -0.183802
vt -1108.28 0
v -238.392 3.2298 -73.2145
vt -1108.28 127.158
vt -1491.43 127.158
f 3658/11472/1898 3657/11473/1898 3670/11474/1898 3669/11475/1898 

vt 9785.66 0
vn 0.214896 0 -0.976637
vt 10068.5 0
v -245.408 3.2298 -74.7584
vt 10068.5 127.158
vt 9785.66 127.158
f 3657/11476/1899 3656/11477/1899 3671/11478/1899 3670/11479/1899 

vt -1255.15 0
vn -0.985397 0 -0.170271
vt -1115.62 0
v -246.012 3.2298 -71.2661
vt -1115.62 127.158
vt -1255.15 127.158
f 3656/11480/1900 3655/11481/1900 3672/11482/1900 3671/11483/1900 

vt -10082.7 0
vn -0.264561 0 0.964369
vt -10023.5 0
v -244.561 3.2298 -70.8681
vt -10023.5 127.158
vt -10082.7 127.158
f 3655/11484/1901 3654/11485/1901 3673/11486/1901 3672/11487/1901 

vt -921.583 0
vn -0.982006 0 -0.188847
vt -827.898 0
vt -827.898 127.158
vt -921.583 127.158
f 3654/11488/1902 66/11489/1902 3664/11490/1902 3673/11491/1902 

vt -9404.46 2650.57
vt -9379.18 2786.04
vt -9319.81 2774.01
vt -9245.99 3245.66
vt -9315.08 3259.09
vt -9385.5 2882.46
vt -9661.75 2943.25
vt -9685.51 2805.75
vt -9628.39 2790.08
f 3664/238/20 3663/246/20 3665/11492/20 3666/11493/20 3667/11494/20 3668/11495/20 3669/11496/20 3670/11497/20 3671/11498/20 3672/11499/20 3673/11500/20 

g Mesh296 G_31_18409744539886 Model

v -230.791 0 -81.5088
vt 9086.25 3209.01
v -231.792 0 -75.1918
vt 9125.68 2960.31
v -231.075 0 -74.9424
vt 9097.43 2950.49
v -232.402 0 -69.5842
vt 9149.69 2739.53
f 3660/11445/1 3659/11444/1 3674/11501/1 3675/11502/1 3676/11503/1 3677/11504/1 

vt -1776.75 0
vn -0.98797 0 -0.154647
vt -1299.36 0
v -236.723 3.6692 -70.4598
vt -1299.36 144.457
v -234.848 3.6692 -82.4396
vt -1776.75 144.457
f 3659/11505/1903 3660/11506/1903 3678/11507/1903 3679/11508/1903 

vt -9511.51 0
v -232.402 3.6692 -69.5842
vt -9511.51 144.457
vt -9685.09 144.457
f 3660/11461/1895 3677/11509/1895 3680/11510/1895 3678/11511/1895 

vt 458.846 0
vn 0.970655 0 0.240478
vt 676.178 0
v -231.075 3.6692 -74.9424
vt 676.178 144.457
vt 458.846 144.457
f 3677/11512/1904 3676/11513/1904 3681/11514/1904 3680/11515/1904 

vt 9561.84 0
vn 0.328265 0 -0.944586
vt 9591.75 0
v -231.792 3.6692 -75.1918
vt 9591.75 144.457
vt 9561.84 144.457
f 3676/11516/1905 3675/11517/1905 3682/11518/1905 3681/11519/1905 

vt 1494.88 0
vn 0.987665 0 0.156581
vt 1746.69 0
v -230.791 3.6692 -81.5088
vt 1746.69 144.457
vt 1494.88 144.457
f 3675/11520/1906 3674/11521/1906 3683/11522/1906 3682/11523/1906 

vt 9573.75 0
vn 0.22362 0 -0.974676
vt 9737.64 0
vt 9737.64 144.457
vt 9573.75 144.457
f 3674/11524/1907 3659/11525/1907 3679/11526/1907 3683/11527/1907 

vt -9149.69 2739.53
vt -9097.43 2950.49
vt -9125.68 2960.31
vt -9086.25 3209.01
f 3679/11495/20 3678/11494/20 3680/11528/20 3681/11529/20 3682/11530/20 3683/11531/20 

g Mesh297 G_17_255872068986914 Model

v -237.794 0 -56.104
vt 9361.98 2208.82
v -238.369 0 -52.7131
vt 9384.62 2075.32
v -238.729 0 -50.0682
vt 9398.77 1971.19
v -241.451 0 -50.5304
vt 9505.93 1989.39
v -244.488 0 -51.0523
vt 9625.53 2009.93
v -243.861 0 -55.4832
vt 9600.84 2184.38
v -252.146 0 -57.5279
vt 9927.01 2264.88
v -251.992 0 -58.5037
vt 9920.94 2303.3
f 3684/11532/1 3685/11533/1 3686/11534/1 3687/11535/1 3688/11536/1 3689/11537/1 3690/11538/1 3691/11539/1 

vt 477.295 0
vn 0.985928 0 0.167169
vt 612.7 0
v -237.794 3.00457 -56.104
vt 612.7 118.29
v -238.369 3.00457 -52.7131
vt 477.295 118.29
f 3685/11540/1908 3684/11541/1908 3692/11542/1908 3693/11543/1908 

vt 9599.17 0
vn 0.166659 0 -0.986015
vt 10166.1 0
v -251.992 3.00457 -58.5037
vt 10166.1 118.29
vt 9599.17 118.29
f 3684/11544/1909 3691/11545/1909 3694/11546/1909 3692/11547/1909 

vt -727.815 0
vn -0.987763 0 -0.155963
vt -688.922 0
v -252.146 3.00457 -57.5279
vt -688.922 118.29
vt -727.815 118.29
f 3691/11548/1910 3690/11549/1910 3695/11550/1910 3694/11551/1910 

vt -10180.5 0
vn -0.239614 0 0.970868
vt -9844.56 0
v -243.861 3.00457 -55.4832
vt -9844.56 118.29
vt -10180.5 118.29
f 3690/11552/1911 3689/11553/1911 3696/11554/1911 3695/11555/1911 

vt -817.311 0
vn -0.990131 0 -0.140145
vt -641.127 0
v -244.488 3.00457 -51.0523
vt -641.127 118.29
vt -817.311 118.29
f 3689/11556/1912 3688/11557/1912 3697/11558/1912 3696/11559/1912 

vt -9826.87 0
vn -0.169324 0 0.985561
vt -9705.52 0
v -241.451 3.00457 -50.5304
vt -9705.52 118.29
vt -9826.87 118.29
f 3688/11560/1913 3687/11561/1913 3698/11562/1913 3697/11563/1913 

vt -9704.82 0
vn -0.167415 0 0.985887
vt -9596.13 0
v -238.729 3.00457 -50.0682
vt -9596.13 118.29
vt -9704.82 118.29
f 3687/11564/1914 3686/11565/1914 3699/11566/1914 3698/11567/1914 

vt 687.366 0
vn 0.990889 0 0.134684
vt 792.454 0
vt 792.454 118.29
vt 687.366 118.29
f 3686/11568/1915 3685/11569/1915 3693/11570/1915 3699/11571/1915 

vt -9384.62 2075.32
vt -9361.98 2208.82
vt -9920.94 2303.3
vt -9927.01 2264.88
vt -9600.84 2184.38
vt -9625.53 2009.93
vt -9505.93 1989.39
vt -9398.77 1971.19
f 3693/11572/20 3692/11573/20 3694/11574/20 3695/11575/20 3696/11576/20 3697/11577/20 3698/11578/20 3699/11579/20 

g Mesh298 G_18_63198054860867 Model

v -232.014 0 -55.1269
vt 9134.4 2170.35
v -232.579 0 -51.7309
vt 9156.64 2036.65
f 3685/11533/1 3684/11532/1 3700/11580/1 3701/11581/1 

vt -612.7 0
vn -0.985928 0 -0.167169
vt -477.295 0
v -238.369 2.23865 -52.7131
vt -477.295 88.1357
v -237.794 2.23865 -56.104
vt -612.7 88.1357
f 3684/11582/1916 3685/11583/1916 3702/11584/1916 3703/11585/1916 

vt -9599.52 0
vn -0.167234 0 0.985917
vt -9368.29 0
v -232.579 2.23865 -51.7309
vt -9368.29 88.1357
vt -9599.52 88.1357
f 3685/11586/1917 3701/11587/1917 3704/11588/1917 3702/11589/1917 

vt 506.468 0
vn 0.986444 0 0.164097
vt 642.008 0
v -232.014 2.23865 -55.1269
vt 642.008 88.1357
vt 506.468 88.1357
f 3701/11590/1918 3700/11591/1918 3705/11592/1918 3704/11593/1918 

vt 9368.36 0
vt 9599.17 88.1357
vt 9368.36 88.1357
f 3700/11594/1909 3684/11544/1909 3703/11595/1909 3705/11596/1909 

vt -9156.64 2036.65
vt -9134.4 2170.35
f 3703/11573/20 3702/11572/20 3704/11597/20 3705/11598/20 

g Mesh299 G_32_02861919210267 Model

v -245.441 0 -44.3258
vt 9663.01 1745.11
v -250.422 0 -45.0704
vt 9859.14 1774.43
v -249.408 0 -51.58
vt 9819.21 2030.71
v -253.722 0 -52.3633
vt 9989.06 2061.55
f 1689/5338/1 3690/11538/1 3689/11537/1 3688/11536/1 3706/11599/1 3707/11600/1 3708/11601/1 3709/11602/1 1686/5335/1 

vt 10176.9 0
v -252.792 4.33276 -57.6539
vt 10202.9 170.581
v -252.146 4.33276 -57.5279
vt 10176.9 170.581
f 3690/11603/914 1689/5347/914 3710/11604/914 3711/11605/914 

vt -513.266 0
vn -0.984912 0 -0.173055
vt -318.571 0
v -253.648 4.33276 -52.7833
vt -318.571 170.581
vt -513.266 170.581
f 1689/11606/1919 1686/11607/1919 3712/11608/1919 3710/11609/1919 

vt -301.781 0
v -253.722 4.33276 -52.3633
vt -301.781 170.581
f 1686/11607/1919 3709/11610/1919 3713/11611/1919 3712/11608/1919 

vt -10196.6 0
vn -0.178628 0 0.983917
vt -10024 0
v -249.408 4.33276 -51.58
vt -10024 170.581
vt -10196.6 170.581
f 3709/11612/1920 3708/11613/1920 3714/11614/1920 3713/11615/1920 

vt -494.726 0
vn -0.988077 0 -0.153961
vt -235.35 0
v -250.422 4.33276 -45.0704
vt -235.35 170.581
vt -494.726 170.581
f 3708/11616/1921 3707/11617/1921 3715/11618/1921 3714/11619/1921 

vt -10013.1 0
vn -0.147842 0 0.989011
vt -9814.83 0
v -245.441 4.33276 -44.3258
vt -9814.83 170.581
vt -10013.1 170.581
f 3707/11620/1922 3706/11621/1922 3716/11622/1922 3715/11623/1922 

vt 373.662 0
vn 0.990131 0 0.140145
vt 641.127 0
v -244.488 4.33276 -51.0523
vt 641.127 170.581
vt 373.662 170.581
f 3706/11624/1923 3688/11625/1923 3717/11626/1923 3716/11627/1923 

vt 817.311 0
v -243.861 4.33276 -55.4832
vt 817.311 170.581
f 3688/11625/1923 3689/11628/1923 3718/11629/1923 3717/11626/1923 

vt 9844.56 0
vn 0.239614 0 -0.970868
vt 10180.5 0
vt 10180.5 170.581
vt 9844.56 170.581
f 3689/11630/1924 3690/11631/1924 3711/11632/1924 3718/11633/1924 

vt -9989.06 2061.55
vt -9819.21 2030.71
vt -9859.14 1774.43
vt -9663.01 1745.11
f 3711/11575/20 3710/5357/20 3712/5356/20 3713/11634/20 3714/11635/20 3715/11636/20 3716/11637/20 3717/11577/20 3718/11576/20 

g Mesh300 G_31_266800176228216 Model

v -251.209 0 -44.9838
vt 9890.11 1771.02
v -260.907 0 -46.2163
vt 10271.9 1819.54
v -259.895 0 -53.6403
vt 10232.1 2111.82
f 3719/11638/1 3720/11639/1 3721/11640/1 1687/5336/1 1686/5335/1 3709/11602/1 3708/11601/1 3707/11600/1 

vt -10419.4 0
vn -0.126069 0 0.992021
vt -10034.5 0
v -251.209 4.41286 -44.9838
vt -10034.5 173.734
v -260.907 4.41286 -46.2163
vt -10419.4 173.734
f 3720/11641/1925 3719/11642/1925 3722/11643/1925 3723/11644/1925 

vt -9636.59 0
vn 0.109541 0 0.993982
vt -9605.44 0
v -250.422 4.41286 -45.0704
vt -9605.44 173.734
vt -9636.59 173.734
f 3719/11645/1926 3707/11646/1926 3724/11647/1926 3722/11648/1926 

vt 235.35 0
vn 0.988077 0 0.153961
vt 494.726 0
v -249.408 4.41286 -51.58
vt 494.726 173.734
vt 235.35 173.734
f 3707/11649/1927 3708/11650/1927 3725/11651/1927 3724/11652/1927 

vt 10024 0
vn 0.178628 0 -0.983917
vt 10196.6 0
v -253.722 4.41286 -52.3633
vt 10196.6 173.734
vt 10024 173.734
f 3708/11653/1928 3709/11654/1928 3726/11655/1928 3725/11656/1928 

vt 301.781 0
v -253.648 4.41286 -52.7833
vt 318.571 173.734
vt 301.781 173.734
f 3709/11657/913 1686/5343/913 3727/11658/913 3726/11659/913 

vt 10125.7 0
vn 0.0842154 0 -0.996448
vt 10212.9 0
v -255.857 4.41286 -52.9699
vt 10212.9 173.734
vt 10125.7 173.734
f 1686/11660/1929 1687/11661/1929 3728/11662/1929 3727/11663/1929 

vt 10278.6 0
vn 0.163767 0 -0.986499
vt 10439.8 0
v -259.895 4.41286 -53.6403
vt 10439.8 173.734
vt 10278.6 173.734
f 1687/11664/1930 3721/11665/1930 3729/11666/1930 3728/11667/1930 

vt -709.434 0
vn -0.990823 0 -0.135164
vt -414.446 0
vt -414.446 173.734
vt -709.434 173.734
f 3721/11668/1931 3720/11669/1931 3723/11670/1931 3729/11671/1931 

vt -10271.9 1819.54
vt -9890.11 1771.02
vt -10232.1 2111.82
f 3723/11672/20 3722/11673/20 3724/11636/20 3725/11635/20 3726/11634/20 3727/5356/20 3728/5355/20 3729/11674/20 

g Mesh301 G_32_508650610682146 Model

v -240.42 0 -95.9403
vt 9465.37 3777.18
v -237.769 0 -102.793
vt 9360.98 4046.98
v -237.589 0 -103.743
vt 9353.91 4084.39
v -226.933 0 -100.251
vt 8934.35 3946.9
v -227.239 0 -99.307
vt 8946.41 3909.72
v -226.753 0 -99.147
vt 8927.27 3903.42
v -227.754 0 -95.8087
vt 8966.7 3772
v -230.605 0 -96.6561
vt 9078.92 3805.36
v -232.813 0 -89.4917
vt 9165.87 3523.3
v -241.703 0 -92.0578
vt 9515.85 3624.32
f 3730/11675/1 3731/11676/1 3732/11677/1 3733/11678/1 3734/11679/1 3735/11680/1 3736/11681/1 3737/11682/1 3738/11683/1 3739/11684/1 

vt -396.702 0
vn -0.932634 0 -0.360823
vt -107.408 0
v -240.42 3.79653 -95.9403
vt -107.408 149.47
v -237.769 3.79653 -102.793
vt -396.702 149.47
f 3731/11685/1932 3730/11686/1932 3740/11687/1932 3741/11688/1932 

vt -618.159 0
vn -0.949551 0 -0.313613
vt -457.182 0
v -241.703 3.79653 -92.0578
vt -457.182 149.47
vt -618.159 149.47
f 3730/11689/1933 3739/11690/1933 3742/11691/1933 3740/11692/1933 

vt -10147.7 0
vn -0.277337 0 0.960773
vt -9783.45 0
v -232.813 3.79653 -89.4917
vt -9783.45 149.47
vt -10147.7 149.47
f 3739/11693/1934 3738/11694/1934 3743/11695/1934 3742/11696/1934 

vt 667.006 0
vn 0.955631 0 0.294567
vt 962.166 0
v -230.605 3.79653 -96.6561
vt 962.166 149.47
vt 667.006 149.47
f 3738/11697/1935 3737/11698/1935 3744/11699/1935 3743/11700/1935 

vt -9786.89 0
vn -0.28497 0 0.958536
vt -9669.82 0
v -227.754 3.79653 -95.8087
vt -9669.82 149.47
vt -9786.89 149.47
f 3737/11701/1936 3736/11702/1936 3745/11703/1936 3744/11704/1936 

vt 1036.35 0
vt 1173.57 0
v -226.753 3.79653 -99.147
vt 1173.57 149.47
vt 1036.35 149.47
f 3736/11705/17 3735/11706/17 3746/11707/17 3745/11708/17 

vt 9700.2 0
vn 0.312716 0 -0.949847
vt 9720.35 0
v -227.239 3.79653 -99.307
vt 9720.35 149.47
vt 9700.2 149.47
f 3735/11709/1937 3734/11710/1937 3747/11711/1937 3746/11712/1937 

vt 959.279 0
vn 0.951231 0 0.308478
vt 998.358 0
v -226.933 3.79653 -100.251
vt 998.358 149.47
vt 959.279 149.47
f 3734/11713/1938 3733/11714/1938 3748/11715/1938 3747/11716/1938 

vt 9719.2 0
vn 0.311415 0 -0.950274
vt 10160.7 0
v -237.589 3.79653 -103.743
vt 10160.7 149.47
vt 9719.2 149.47
f 3733/11717/1939 3732/11718/1939 3749/11719/1939 3748/11720/1939 

vt -2274.39 0
vn -0.98257 0 -0.185892
vt -2236.32 0
vt -2236.32 149.47
vt -2274.39 149.47
f 3732/11721/1940 3731/11722/1940 3741/11723/1940 3749/11724/1940 

vt -9360.98 4046.98
vt -9465.37 3777.18
vt -9515.85 3624.32
vt -9165.87 3523.3
vt -9078.92 3805.36
vt -8966.7 3772
vt -8927.27 3903.42
vt -8946.41 3909.72
vt -8934.35 3946.9
vt -9353.91 4084.39
f 3741/11725/20 3740/11726/20 3742/11727/20 3743/11728/20 3744/11729/20 3745/11730/20 3746/11731/20 3747/11732/20 3748/11733/20 3749/11734/20 

g Mesh302 G_31_88416943938698 Model

v -251.616 0 -99.6638
vt 9906.16 3923.77
v -249.611 0 -106.673
vt 9827.2 4199.71
f 3731/11676/1 3730/11675/1 3750/11735/1 3751/11736/1 

vt 107.408 0
vn 0.932634 0 0.360823
vt 396.702 0
v -237.769 4.62321 -102.793
vt 396.702 182.016
v -240.42 4.62321 -95.9403
vt 107.408 182.016
f 3730/11737/1941 3731/11738/1941 3752/11739/1941 3753/11740/1941 

vt 10155.7 0
vn 0.311308 0 -0.950309
vt 10646.3 0
v -249.611 4.62321 -106.673
vt 10646.3 182.016
vt 10155.7 182.016
f 3731/11741/1942 3751/11742/1942 3754/11743/1942 3752/11744/1942 

vt -1334.16 0
vn -0.961415 0 -0.275104
vt -1047.15 0
v -251.616 4.62321 -99.6638
vt -1047.15 182.016
vt -1334.16 182.016
f 3751/11745/1943 3750/11746/1943 3755/11747/1943 3754/11748/1943 

vt -10638.2 0
vn -0.315575 0 0.948901
vt -10173.7 0
vt -10173.7 182.016
vt -10638.2 182.016
f 3750/11749/1944 3730/11750/1944 3753/11751/1944 3755/11752/1944 

vt -9827.2 4199.71
vt -9906.16 3923.77
f 3753/11726/20 3752/11725/20 3754/11753/20 3755/11754/20 

g Mesh303 G_24_0843088956215 Model

v -244.022 0 -92.7272
vt 9607.16 3650.68
v -243.547 0 -94.3579
vt 9588.45 3714.88
v -254.281 0 -97.7988
vt 10011 3850.35
v -251.302 0 -107.261
vt 9893.77 4222.89
v -249.684 0 -106.697
vt 9830.08 4200.65
f 3730/11675/1 3739/11684/1 3756/11755/1 3757/11756/1 3758/11757/1 3759/11758/1 3760/11759/1 3750/11735/1 

vt 457.182 0
vn 0.949551 0 0.313613
vt 618.159 0
v -240.42 3.11291 -95.9403
vt 618.159 122.555
v -241.703 3.11291 -92.0578
vt 457.182 122.555
f 3739/11760/1945 3730/11761/1945 3761/11762/1945 3762/11763/1945 

vt 10173.7 0
vn 0.315575 0 -0.948901
vt 10638.2 0
v -251.616 3.11291 -99.6638
vt 10638.2 122.555
vt 10173.7 122.555
f 3730/11764/1946 3750/11765/1946 3763/11766/1946 3761/11767/1946 

vt 1159 0
vn 0.964264 0 0.264942
vt 1446.14 0
v -249.684 3.11291 -106.697
vt 1446.14 122.555
vt 1159 122.555
f 3750/11768/1947 3760/11769/1947 3764/11770/1947 3763/11771/1947 

vt 10665.4 0
vn 0.329683 0 -0.944092
vt 10732.8 0
v -251.302 3.11291 -107.261
vt 10732.8 122.555
vt 10665.4 122.555
f 3760/11772/1948 3759/11773/1948 3765/11774/1948 3764/11775/1948 

vt -1057.29 0
vn -0.953856 0 -0.300264
vt -666.72 0
v -254.281 3.11291 -97.7988
vt -666.72 122.555
vt -1057.29 122.555
f 3759/11776/1949 3758/11777/1949 3766/11778/1949 3765/11779/1949 

vt -10708.6 0
vn -0.305272 0 0.952265
vt -10264.8 0
v -243.547 3.11291 -94.3579
vt -10264.8 122.555
vt -10708.6 122.555
f 3758/11780/1950 3757/11781/1950 3767/11782/1950 3766/11783/1950 

vt -884.612 0
vn -0.960085 0 -0.27971
vt -817.745 0
v -244.022 3.11291 -92.7272
vt -817.745 122.555
vt -884.612 122.555
f 3757/11784/1951 3756/11785/1951 3768/11786/1951 3767/11787/1951 

vt -10242.8 0
vn -0.277336 0 0.960773
vt -10147.7 122.555
vt -10242.8 122.555
f 3756/11788/1952 3739/11693/1952 3762/11789/1952 3768/11790/1952 

vt -9830.08 4200.65
vt -9893.77 4222.89
vt -10011 3850.35
vt -9588.45 3714.88
vt -9607.16 3650.68
f 3762/11727/20 3761/11726/20 3763/11754/20 3764/11791/20 3765/11792/20 3766/11793/20 3767/11794/20 3768/11795/20 

g Mesh304 G_32_38743975292939 Model

v -247.2 0 -75.0559
vt 9732.28 2954.96
v -245.491 0 -84.509
vt 9664.98 3327.13
f 3656/11441/1 3769/11796/1 3770/11797/1 3658/11443/1 3657/11442/1 

vt -10084.9 0
vn -0.163822 0 0.98649
vt -10013.4 0
v -245.408 4.35148 -74.7584
vt -10013.4 171.318
v -247.2 4.35148 -75.0559
vt -10084.9 171.318
f 3769/11798/1953 3656/11799/1953 3771/11800/1953 3772/11801/1953 

vt -10068.5 0
vn -0.214896 0 0.976637
vt -9785.66 0
v -238.392 4.35148 -73.2145
vt -9785.66 171.318
vt -10068.5 171.318
f 3656/11802/1954 3657/11803/1954 3773/11804/1954 3771/11805/1954 

vt 1108.28 0
vn 0.982963 0 0.183802
vt 1491.43 0
v -236.603 4.35148 -82.7809
vt 1491.43 171.318
vt 1108.28 171.318
f 3657/11806/1955 3658/11807/1955 3774/11808/1955 3773/11809/1955 

vt 10122.3 0
v -245.491 4.35148 -84.509
vt 10122.3 171.318
vt 9765.88 171.318
f 3658/11469/1897 3770/11810/1897 3775/11811/1897 3774/11812/1897 

vt -1554.34 0
vn -0.984043 0 -0.177931
vt -1176.13 0
vt -1176.13 171.318
vt -1554.34 171.318
f 3770/11813/1956 3769/11814/1956 3772/11815/1956 3775/11816/1956 

vt -9732.28 2954.96
vt -9664.98 3327.13
f 3772/11817/20 3771/11498/20 3773/11497/20 3774/11496/20 3775/11818/20 

g Mesh305 G_38_662793394066604 Model

v -252.522 0 -75.9397
vt 9941.79 2989.75
v -252.072 0 -79.3164
vt 9924.1 3122.69
v -249.228 0 -84.9883
vt 9812.13 3345.99
v -249.177 0 -85.2258
vt 9810.11 3355.35
f 3770/11797/1 3769/11796/1 3776/11819/1 3777/11820/1 1524/4847/1 1523/4846/1 1522/4845/1 3778/11821/1 3779/11822/1 

vt 1176.13 0
vn 0.984043 0 0.177931
vt 1554.34 0
v -245.491 5.30532 -84.509
vt 1554.34 208.871
v -247.2 5.30532 -75.0559
vt 1176.13 208.871
f 3769/11823/1957 3770/11824/1957 3780/11825/1957 3781/11826/1957 

vt 10270.2 0
v -249.177 5.30532 -85.2258
vt 10270.2 208.871
vt 10122.3 208.871
f 3770/11810/1897 3779/11827/1897 3782/11828/1897 3780/11829/1897 

vt -1206.36 0
vn -0.977414 0 -0.211333
vt -1196.8 0
v -249.228 5.30532 -84.9883
vt -1196.8 208.871
vt -1206.36 208.871
f 3779/11830/1958 3778/11831/1958 3783/11832/1958 3782/11833/1958 

vt 10255.7 0
v -253.851 5.30532 -85.8391
vt 10440.8 208.871
vt 10255.7 208.871
f 3778/11834/834 1522/4855/834 3784/11835/834 3783/11836/834 

vt -1559.39 0
vn -0.984248 0 -0.176791
vt -1325.06 0
v -254.903 5.30532 -79.9809
vt -1325.06 208.871
vt -1559.39 208.871
f 1522/11837/1959 1523/11838/1959 3785/11839/1959 3784/11840/1959 

vt -10470.4 0
vn -0.207366 0 0.978263
vt -10390.6 0
v -252.92 5.30532 -79.5604
vt -10390.6 208.871
vt -10470.4 208.871
f 1523/11841/1960 1524/11842/1960 3786/11843/1960 3785/11844/1960 

vt -10435.4 0
vn -0.276644 0 0.960973
vt -10400.7 0
v -252.072 5.30532 -79.3164
vt -10400.7 208.871
vt -10435.4 208.871
f 1524/11845/1961 3777/11846/1961 3787/11847/1961 3786/11848/1961 

vt -1786.25 0
vn -0.991261 0 -0.131917
vt -1652.13 0
v -252.522 5.30532 -75.9397
vt -1652.13 208.871
vt -1786.25 208.871
f 3777/11849/1962 3776/11850/1962 3788/11851/1962 3787/11852/1962 

vt -10297.3 0
vn -0.163821 0 0.98649
vt -10084.9 208.871
vt -10297.3 208.871
f 3776/11853/1963 3769/11798/1963 3781/11854/1963 3788/11855/1963 

vt -9810.11 3355.35
vt -9812.13 3345.99
vt -9924.1 3122.69
vt -9941.79 2989.75
f 3781/11817/20 3780/11818/20 3782/11856/20 3783/11857/20 3784/4876/20 3785/4875/20 3786/4880/20 3787/11858/20 3788/11859/20 

g Mesh306 G_15_069106295759372 Model

v -221.052 0 -88.9524
vt 8702.84 3502.06
v -216.674 0 -87.8611
vt 8530.46 3459.1
v -214.928 0 -87.3989
vt 8461.72 3440.9
v -215.595 0 -84.3431
vt 8488 3320.59
v -219.113 0 -85.0107
vt 8626.51 3346.88
v -219.537 0 -83.5599
vt 8643.19 3289.76
v -220.898 0 -83.8295
vt 8696.77 3300.37
v -220.416 0 -85.8838
vt 8677.81 3381.25
v -219.165 0 -85.5949
vt 8628.53 3369.88
v -218.6 0 -88.0216
vt 8606.29 3465.42
v -220.635 0 -88.5673
vt 8686.41 3486.9
v -221.379 0 -85.5821
vt 8715.73 3369.37
v -221.906 0 -85.7105
vt 8736.45 3374.43
v -223.222 0 -80.5747
vt 8788.26 3172.23
v -225.559 0 -81.1782
vt 8880.26 3195.99
v -226.496 0 -77.5703
vt 8917.16 3053.95
v -227.677 0 -77.8271
vt 8963.67 3064.06
v -228.499 0 -74.9254
vt 8996.02 2949.82
v -230.99 0 -75.2849
vt 9094.09 2963.97
v -234.296 0 -84.6994
vt 9224.25 3334.62
v -234.72 0 -84.8535
vt 9240.93 3340.69
v -234.334 0 -86.3942
vt 9225.77 3401.35
v -232.588 0 -85.9833
vt 9157.02 3385.17
v -230.316 0 -93.9566
vt 9067.55 3699.08
v -224.204 0 -92.2875
vt 8826.93 3633.37
v -222.817 0 -97.7314
vt 8772.34 3847.69
v -220.532 0 -97.083
vt 8682.36 3822.17
v -221.328 0 -93.9759
vt 8713.7 3699.84
v -221.052 0 -93.8379
vt 8702.84 3694.4
v -222.037 0 -90.6826
vt 8741.63 3570.18
v -221.822 0 -90.6344
vt 8733.17 3568.28
v -222.182 0 -89.312
vt 8747.32 3516.22
f 3789/11860/1 3790/11861/1 3791/11862/1 3792/11863/1 3793/11864/1 3794/11865/1 3795/11866/1 3796/11867/1 3797/11868/1 3798/11869/1 3799/11870/1 3800/11871/1 3801/11872/1 3802/11873/1 3803/11874/1 3804/11875/1 3805/11876/1 3806/11877/1 3807/11878/1 3676/11503/1 3675/11502/1 3674/11501/1 3659/11444/1 3808/11879/1 3809/11880/1 3810/11881/1 3811/11882/1 3812/11883/1 3813/11884/1 3814/11885/1 3815/11886/1 3816/11887/1 3817/11888/1 3818/11889/1 3819/11890/1 3820/11891/1 

vt 9113.83 0
vn 0.241866 0 -0.97031
vt 9291.48 0
v -221.052 2.88727 -88.9524
vt 9291.48 113.672
v -216.674 2.88727 -87.8611
vt 9113.83 113.672
f 3790/11892/1964 3789/11893/1964 3821/11894/1964 3822/11895/1964 

vt 9355 0
vn 0.303204 0 -0.952926
vt 9401.68 0
v -222.182 2.88727 -89.312
vt 9401.68 113.672
vt 9355 113.672
f 3789/11896/1965 3820/11897/1965 3823/11898/1965 3821/11899/1965 

vt 1098.44 0
vn 0.96498 0 0.262325
vt 1152.4 0
v -221.822 2.88727 -90.6344
vt 1152.4 113.672
vt 1098.44 113.672
f 3820/11900/1966 3819/11901/1966 3824/11902/1966 3823/11903/1966 

vt 9301.77 0
vn 0.218472 0 -0.975843
vt 9310.45 0
v -222.037 2.88727 -90.6826
vt 9310.45 113.672
vt 9301.77 113.672
f 3819/11904/1967 3818/11905/1967 3825/11906/1967 3824/11907/1967 

vt 801.889 0
vn 0.954532 0 0.298109
vt 932.031 0
v -221.052 2.88727 -93.8379
vt 932.031 113.672
vt 801.889 113.672
f 3818/11908/1968 3817/11909/1968 3826/11910/1968 3825/11911/1968 

vt 9436.24 0
vt 9448.39 0
v -221.328 2.88727 -93.9759
vt 9448.39 113.672
vt 9436.24 113.672
f 3817/11912/471 3816/11913/471 3827/11914/471 3826/11915/471 

vt 1421.49 0
vn 0.968713 0 0.248183
vt 1547.77 0
v -220.532 2.88727 -97.083
vt 1547.77 113.672
vt 1421.49 113.672
f 3816/11916/1969 3815/11917/1969 3828/11918/1969 3827/11919/1969 

vt 9395.92 0
vn 0.272936 0 -0.962032
vt 9489.45 0
v -222.817 2.88727 -97.7314
vt 9489.45 113.672
vt 9395.92 113.672
f 3815/11920/1970 3814/11921/1970 3829/11922/1970 3828/11923/1970 

vt -1563.31 0
vn -0.969057 0 -0.246835
vt -1342.14 0
v -224.204 2.88727 -92.2875
vt -1342.14 113.672
vt -1563.31 113.672
f 3814/11924/1971 3813/11925/1971 3830/11926/1971 3829/11927/1971 

vt 9472.33 0
vn 0.26346 0 -0.96467
vt 9721.75 0
v -230.316 2.88727 -93.9566
vt 9721.75 113.672
vt 9472.33 113.672
f 3813/11928/1972 3812/11929/1972 3831/11930/1972 3830/11931/1972 

vt -1071.92 0
vn -0.961699 0 -0.274107
vt -745.508 0
v -232.588 2.88727 -85.9833
vt -745.508 113.672
vt -1071.92 113.672
f 3812/11932/1973 3811/11933/1973 3832/11934/1973 3831/11935/1973 

vt 9688.94 0
vn 0.229039 0 -0.973417
vt 9759.56 0
v -234.334 2.88727 -86.3942
vt 9759.56 113.672
vt 9688.94 113.672
f 3811/11936/1974 3810/11937/1974 3833/11938/1974 3832/11939/1974 

vt -1062.21 0
vt -999.688 0
v -234.72 2.88727 -84.8535
vt -999.688 113.672
vt -1062.21 113.672
f 3810/11940/1294 3809/11941/1294 3834/11942/1294 3833/11943/1294 

vt -9826.22 0
vn -0.341743 0 0.939793
vt -9808.47 0
v -234.296 2.88727 -84.6994
vt -9808.47 113.672
vt -9826.22 113.672
f 3809/11944/1975 3808/11945/1975 3835/11946/1975 3834/11947/1975 

vt -1050.08 0
vn -0.971427 0 -0.237337
vt -958.5 0
v -234.848 2.88727 -82.4396
vt -958.5 113.672
vt -1050.08 113.672
f 3808/11948/1976 3659/11949/1976 3836/11950/1976 3835/11951/1976 

vt -9737.64 0
vn -0.22362 0 0.974676
vt -9573.75 0
v -230.791 2.88727 -81.5088
vt -9573.75 113.672
vt -9737.64 113.672
f 3659/11952/1977 3674/11953/1977 3837/11954/1977 3836/11955/1977 

vt -1746.69 0
vn -0.987665 0 -0.156581
vt -1494.88 0
v -231.792 2.88727 -75.1918
vt -1494.88 113.672
vt -1746.69 113.672
f 3674/11956/1978 3675/11957/1978 3838/11958/1978 3837/11959/1978 

vt -9591.75 0
vn -0.328265 0 0.944586
vt -9561.84 0
v -231.075 2.88727 -74.9424
vt -9561.84 113.672
vt -9591.75 113.672
f 3675/11960/1979 3676/11961/1979 3839/11962/1979 3838/11963/1979 

vt 690.069 0
v -230.99 2.88727 -75.2849
vt 690.069 113.672
vt 676.178 113.672
f 3676/11513/1904 3807/11964/1904 3840/11965/1904 3839/11966/1904 

vt -9424.22 0
vn -0.14285 0 0.989744
vt -9325.14 0
v -228.499 2.88727 -74.9254
vt -9325.14 113.672
vt -9424.22 113.672
f 3807/11967/1980 3806/11968/1980 3841/11969/1980 3840/11970/1980 

vt 387.051 0
vn 0.962164 0 0.272471
vt 505.784 0
v -227.677 2.88727 -77.8271
vt 505.784 113.672
vt 387.051 113.672
f 3806/11971/1981 3805/11972/1981 3842/11973/1981 3841/11974/1981 

vt -9409.98 0
vn -0.21243 0 0.977176
vt -9362.39 0
v -226.496 2.88727 -77.5703
vt -9362.39 113.672
vt -9409.98 113.672
f 3805/11975/1982 3804/11976/1982 3843/11977/1982 3842/11978/1982 

vt 713.699 0
vn 0.967873 0 0.25144
vt 860.457 0
v -225.559 2.88727 -81.1782
vt 860.457 113.672
vt 713.699 113.672
f 3804/11979/1983 3803/11980/1983 3844/11981/1983 3843/11982/1983 

vt -9397.31 0
vn -0.250039 0 0.968236
vt -9302.29 0
v -223.222 2.88727 -80.5747
vt -9302.29 113.672
vt -9397.31 113.672
f 3803/11983/1984 3802/11984/1984 3845/11985/1984 3844/11986/1984 

vt 891.438 0
vn 0.968701 0 0.24823
vt 1100.17 0
v -221.906 2.88727 -85.7105
vt 1100.17 113.672
vt 891.438 113.672
f 3802/11987/1985 3801/11988/1985 3846/11989/1985 3845/11990/1985 

vt -9287.23 0
vn -0.236956 0 0.97152
vt -9265.9 0
v -221.379 2.88727 -85.5821
vt -9265.9 113.672
vt -9287.23 113.672
f 3801/11991/1986 3800/11992/1986 3847/11993/1986 3846/11994/1986 

vt 1159.59 0
vn 0.970265 0 0.242045
vt 1280.72 0
v -220.635 2.88727 -88.5673
vt 1280.72 113.672
vt 1159.59 113.672
f 3800/11995/1987 3799/11996/1987 3848/11997/1987 3847/11998/1987 

vt -9293.1 0
vn -0.25899 0 0.96588
vt -9210.15 0
v -218.6 2.88727 -88.0216
vt -9210.15 113.672
vt -9293.1 113.672
f 3799/11999/1988 3798/12000/1988 3849/12001/1988 3848/12002/1988 

vt -1423.76 0
vn -0.973955 0 -0.226741
vt -1325.67 0
v -219.165 2.88727 -85.5949
vt -1325.67 113.672
vt -1423.76 113.672
f 3798/12003/1989 3797/12004/1989 3850/12005/1989 3849/12006/1989 

vt 9165.31 0
vn 0.22486 0 -0.974391
vt 9215.89 0
v -220.416 2.88727 -85.8838
vt 9215.89 113.672
vt 9165.31 113.672
f 3797/12007/1990 3796/12008/1990 3851/12009/1990 3850/12010/1990 

vt -1311.84 0
vn -0.973616 0 -0.228191
vt -1228.77 0
v -220.898 2.88727 -83.8295
vt -1228.77 113.672
vt -1311.84 113.672
f 3796/12011/1991 3795/12012/1991 3852/12013/1991 3851/12014/1991 

vt -9172.35 0
vn -0.194336 0 0.980935
vt -9117.73 0
v -219.537 2.88727 -83.5599
vt -9117.73 113.672
vt -9172.35 113.672
f 3795/12015/1992 3794/12016/1992 3853/12017/1992 3852/12018/1992 

vt 734.943 0
vn 0.959905 0 0.280326
vt 794.45 0
v -219.113 2.88727 -85.0107
vt 794.45 113.672
vt 734.943 113.672
f 3794/12019/1993 3793/12020/1993 3854/12021/1993 3853/12022/1993 

vt -9099.27 0
vn -0.186453 0 0.982464
vt -8958.29 0
v -215.595 2.88727 -84.3431
vt -8958.29 113.672
vt -9099.27 113.672
f 3793/12023/1994 3792/12024/1994 3855/12025/1994 3854/12026/1994 

vt 1432.28 0
vn 0.976954 0 0.213452
vt 1555.43 0
v -214.928 2.88727 -87.3989
vt 1555.43 113.672
vt 1432.28 113.672
f 3792/12027/1995 3791/12028/1995 3856/12029/1995 3855/12030/1995 

vt 9060.49 0
vn 0.255893 0 -0.966705
vt 9131.6 0
vt 9131.6 113.672
vt 9060.49 113.672
f 3791/12031/1996 3790/12032/1996 3822/12033/1996 3856/12034/1996 

vt -8530.46 3459.1
vt -8702.84 3502.06
vt -8747.32 3516.22
vt -8733.17 3568.28
vt -8741.63 3570.18
vt -8702.84 3694.4
vt -8713.7 3699.84
vt -8682.36 3822.17
vt -8772.34 3847.69
vt -8826.93 3633.37
vt -9067.55 3699.08
vt -9157.02 3385.17
vt -9225.77 3401.35
vt -9240.93 3340.69
vt -9224.25 3334.62
vt -9094.09 2963.97
vt -8996.02 2949.82
vt -8963.67 3064.06
vt -8917.16 3053.95
vt -8880.26 3195.99
vt -8788.26 3172.23
vt -8736.45 3374.43
vt -8715.73 3369.37
vt -8686.41 3486.9
vt -8606.29 3465.42
vt -8628.53 3369.88
vt -8677.81 3381.25
vt -8696.77 3300.37
vt -8643.19 3289.76
vt -8626.51 3346.88
vt -8488 3320.59
vt -8461.72 3440.9
f 3822/12035/20 3821/12036/20 3823/12037/20 3824/12038/20 3825/12039/20 3826/12040/20 3827/12041/20 3828/12042/20 3829/12043/20 3830/12044/20 3831/12045/20 3832/12046/20 3833/12047/20 3834/12048/20 3835/12049/20 3836/11495/20 3837/11531/20 3838/11530/20 3839/11529/20 3840/12050/20 3841/12051/20 3842/12052/20 3843/12053/20 3844/12054/20 3845/12055/20 3846/12056/20 3847/12057/20 3848/12058/20 3849/12059/20 3850/12060/20 3851/12061/20 3852/12062/20 3853/12063/20 3854/12064/20 3855/12065/20 3856/12066/20 

g Mesh307 G_36_28354143234491 Model

v -218.767 0 -97.6576
vt 8612.86 3844.79
v -214.658 0 -96.7075
vt 8451.1 3807.38
f 3790/11861/1 3789/11860/1 3857/12067/1 3858/12068/1 

vt -9291.48 0
vn -0.241866 0 0.97031
vt -9113.83 0
v -216.674 3.12244 -87.8611
vt -9113.83 122.931
v -221.052 3.12244 -88.9524
vt -9291.48 122.931
f 3789/12069/1997 3790/12070/1997 3859/12071/1997 3860/12072/1997 

vt 1477.42 0
vn 0.975008 0 0.222172
vt 1834.63 0
v -214.658 3.12244 -96.7075
vt 1834.63 122.931
vt 1477.42 122.931
f 3790/12073/1998 3858/12074/1998 3861/12075/1998 3859/12076/1998 

vt 9091.63 0
vn 0.225304 0 -0.974288
vt 9257.66 0
v -218.767 3.12244 -97.6576
vt 9257.66 122.931
vt 9091.63 122.931
f 3858/12077/1999 3857/12078/1999 3862/12079/1999 3861/12080/1999 

vt -1531.69 0
vn -0.967222 0 -0.253931
vt -1177.35 0
vt -1177.35 122.931
vt -1531.69 122.931
f 3857/12081/2000 3789/12082/2000 3860/12083/2000 3862/12084/2000 

vt -8451.1 3807.38
vt -8612.86 3844.79
f 3860/12036/20 3859/12035/20 3861/12085/20 3862/12086/20 

g Mesh308 G_34_95287332166291 Model

v -262.164 0 -69.7639
vt 10321.4 2746.61
v -263.795 0 -61.8933
vt 10385.6 2436.75
f 3642/11403/1 3863/12087/1 3636/11384/1 73/201/1 72/200/1 71/199/1 3864/12088/1 3643/11404/1 

vt -669.077 0
vt -638.147 0
v -262.318 5.64631 -68.9935
vt -638.147 222.295
v -262.164 5.64631 -69.7639
vt -669.077 222.295
f 3863/12089/1397 3642/12090/1397 3865/12091/1397 3866/12092/1397 

vt -598.75 0
vn -0.979849 0 -0.199738
vt -330.49 0
v -263.679 5.64631 -62.317
vt -330.49 222.295
vt -598.75 222.295
f 3642/12093/2001 3643/12094/2001 3867/12095/2001 3865/12096/2001 

vt 364.461 0
vt 381.752 0
v -263.795 5.64631 -61.8933
vt 381.752 222.295
vt 364.461 222.295
f 3643/12097/632 3864/12098/632 3868/12099/632 3867/12100/632 

vt -10645.5 0
v -249.292 5.64631 -59.4628
vt -10066.6 222.295
vt -10645.5 222.295
f 3864/12101/39 71/218/39 3869/12102/39 3868/12103/39 

vt 475.117 0
vn 0.982558 0 0.185957
vt 782.276 0
v -247.842 5.64631 -67.1286
vt 782.276 222.295
vt 475.117 222.295
f 71/12104/2002 72/12105/2002 3870/12106/2002 3869/12107/2002 

vt 9989.72 0
vn 0.110432 0 -0.993884
vt 10017.2 0
v -248.535 5.64631 -67.2056
vt 10017.2 222.295
vt 9989.72 222.295
f 72/12108/2003 73/12109/2003 3871/12110/2003 3870/12111/2003 

vt 10103.8 0
vn 0.183038 0 -0.983106
vt 10604.4 0
v -261.034 5.64631 -69.5328
vt 10604.4 222.295
vt 10103.8 222.295
f 73/12112/2004 3636/12113/2004 3872/12114/2004 3871/12115/2004 

vt 10617.1 0
vn 0.200396 0 -0.979715
vt 10662.5 0
vt 10662.5 222.295
vt 10617.1 222.295
f 3636/12116/2005 3863/12117/2005 3866/12118/2005 3872/12119/2005 

vt -10321.4 2746.61
vt -10385.6 2436.75
f 3866/12120/20 3865/11434/20 3867/11433/20 3868/12121/20 3869/242/20 3870/241/20 3871/240/20 3872/11401/20 

g Mesh309 G_37_22226934379369 Model

v -249.064 0 -20.3542
vt 9805.66 801.348
v -251.061 0 -12.5623
vt 9884.28 494.579
v -255.78 0 -13.7101
vt 10070.1 539.768
v -253.854 0 -21.4908
vt 9994.24 846.095
f 3873/12122/1 3874/12123/1 3875/12124/1 3876/12125/1 

vt -1974.9 0
vn 0.96869 0 0.248272
vt -1658.22 0
v -249.064 3.97482 -20.3542
vt -1658.22 156.489
v -251.061 3.97482 -12.5623
vt -1974.9 156.489
f 3874/12126/2006 3873/12127/2006 3877/12128/2006 3878/12129/2006 

vt 9725.75 0
vn 0.230877 0 -0.972983
vt 9919.57 0
v -253.854 3.97482 -21.4908
vt 9919.57 156.489
vt 9725.75 156.489
f 3873/12130/2007 3876/12131/2007 3879/12132/2007 3877/12133/2007 

vt 1580.04 0
vn -0.970705 0 -0.240274
vt 1895.61 0
v -255.78 3.97482 -13.7101
vt 1895.61 156.489
vt 1580.04 156.489
f 3876/12134/2008 3875/12135/2008 3880/12136/2008 3879/12137/2008 

vt -9912.33 0
vn -0.236352 0 0.971668
vt -9721.13 0
vt -9721.13 156.489
vt -9912.33 156.489
f 3875/12138/2009 3874/12139/2009 3878/12140/2009 3880/12141/2009 

vt -9884.28 494.579
vt -9805.66 801.348
vt -9994.24 846.095
vt -10070.1 539.768
f 3878/12142/20 3877/12143/20 3879/12144/20 3880/12145/20 

g Mesh310 G_31_226454295650605 Model

v -246.278 0 -19.6933
vt 9696 775.327
v -248.179 0 -11.8612
vt 9770.81 466.978
f 3874/12123/1 3873/12122/1 3881/12146/1 3882/12147/1 

vt 1658.22 0
vn -0.96869 0 -0.248272
vt 1974.9 0
v -251.061 2.52722 -12.5623
vt 1974.9 99.4967
v -249.064 2.52722 -20.3542
vt 1658.22 99.4967
f 3873/12148/2010 3874/12149/2010 3883/12150/2010 3884/12151/2010 

vt -9604.35 0
v -248.179 2.52722 -11.8612
vt -9604.35 99.4967
vt -9721.13 99.4967
f 3874/12139/2009 3882/12152/2009 3885/12153/2009 3883/12154/2009 

vt -1849.97 0
vn 0.971806 0 0.235782
vt -1532.68 0
v -246.278 2.52722 -19.6933
vt -1532.68 99.4967
vt -1849.97 99.4967
f 3882/12155/2011 3881/12156/2011 3886/12157/2011 3885/12158/2011 

vt 9613.04 0
vt 9725.75 99.4967
vt 9613.04 99.4967
f 3881/12159/2007 3873/12130/2007 3884/12160/2007 3886/12161/2007 

vt -9770.81 466.978
vt -9696 775.327
f 3884/12143/20 3883/12142/20 3885/12162/20 3886/12163/20 

g Mesh311 G_32_65146062688512 Model

v -266.655 0 -6.57139
vt 10498.2 258.716
v -260.432 0 -5.53027
vt 10253.2 217.727
v -261.455 0 1.38907
vt 10293.5 -54.6877
v -273.601 0 -0.357096
vt 10771.7 14.0589
v -272.548 0 -7.81681
vt 10730.2 307.748
f 3887/12164/1 3888/12165/1 3889/12166/1 3890/12167/1 3891/12168/1 

vt 10148.6 0
vn 0.165013 0 -0.986291
v -266.655 5.04903 -6.57139
vt 10397 198.781
v -260.432 5.04903 -5.53027
vt 10148.6 198.781
f 3888/12169/2012 3887/2508/2012 3892/12170/2012 3893/12171/2012 

vt 10324.8 0
vn 0.206762 0 -0.978391
vt 10562 0
v -272.548 5.04903 -7.81681
vt 10562 198.781
vt 10324.8 198.781
f 3887/12172/2013 3891/12173/2013 3894/12174/2013 3892/12175/2013 

vt 1194.83 0
vn -0.990187 0 -0.139751
v -273.601 5.04903 -0.357096
vt 1491.43 198.781
vt 1194.83 198.781
f 3891/12176/2014 3890/11807/2014 3895/12177/2014 3894/12178/2014 

vn -0.1423 0 0.989824
vt -10181 0
v -261.455 5.04903 1.38907
vt -10181 198.781
vt -10664.1 198.781
f 3890/1910/2015 3889/12179/2015 3896/12180/2015 3895/12181/2015 

vn 0.98925 0 0.146237
vt -1284.01 0
vt -1284.01 198.781
vt -1559.39 198.781
f 3889/11837/2016 3888/12182/2016 3893/12183/2016 3896/12184/2016 

vt -10253.2 217.727
vt -10498.2 258.716
vt -10730.2 307.748
vt -10771.7 14.0589
vt -10293.5 -54.6877
f 3893/12185/20 3892/12186/20 3894/12187/20 3895/12188/20 3896/12189/20 

g Mesh312 G_17_846476788910838 Model

v -266.179 0 -8.94668
vt 10479.5 352.232
v -265.178 0 -8.74125
vt 10440.1 344.144
v -264.69 0 -11.1422
vt 10420.9 438.67
v -256.986 0 -9.961
vt 10117.6 392.165
v -257.551 0 -6.8025
vt 10139.8 267.815
v -260.145 0 -7.47015
vt 10241.9 294.1
f 3888/12165/1 3887/12164/1 3897/12190/1 3898/12191/1 3899/12192/1 3900/12193/1 3901/12194/1 3902/12195/1 

vn -0.165013 0 0.986291
vt -10148.6 0
v -260.432 3.35535 -5.53027
vt -10148.6 132.101
v -266.655 3.35535 -6.57139
vt -10397 132.101
f 3887/2524/2017 3888/12196/2017 3903/12197/2017 3904/12198/2017 

vt -1206.81 0
v -260.145 3.35535 -7.47015
vt -1206.81 132.101
vt -1284.01 132.101
f 3888/12182/2016 3902/12199/2016 3905/12200/2016 3903/12201/2016 

vt -9991.88 0
vn -0.249298 0 0.968427
vt -9886.44 0
v -257.551 3.35535 -6.8025
vt -9886.44 132.101
vt -9991.88 132.101
f 3902/12202/2018 3901/12203/2018 3906/12204/2018 3905/12205/2018 

vt -1521.66 0
vn 0.984378 0 0.176068
vt -1395.34 0
v -256.986 3.35535 -9.961
vt -1395.34 132.101
vt -1521.66 132.101
f 3901/12206/2019 3900/12207/2019 3907/12208/2019 3906/12209/2019 

vt 10060.1 0
vn 0.151562 0 -0.988448
vt 10367 0
v -264.69 3.35535 -11.1422
vt 10367 132.101
vt 10060.1 132.101
f 3900/12210/2020 3899/12211/2020 3908/12212/2020 3907/12213/2020 

vt 1645.31 0
vn -0.979971 0 -0.199139
vt 1741.77 0
v -265.178 3.35535 -8.74125
vt 1741.77 132.101
vt 1645.31 132.101
f 3899/12214/2021 3898/12215/2021 3909/12216/2021 3908/12217/2021 

vt 10296.3 0
vn 0.200944 0 -0.979603
vt 10336.5 0
v -266.179 3.35535 -8.94668
vt 10336.5 132.101
vt 10296.3 132.101
f 3898/12218/2022 3897/12219/2022 3910/12220/2022 3909/12221/2022 

vt 1709.81 0
vt 1805.18 0
vt 1805.18 132.101
vt 1709.81 132.101
f 3897/12222/1397 3887/12223/1397 3904/12224/1397 3910/12225/1397 

vt -10241.9 294.1
vt -10139.8 267.815
vt -10117.6 392.165
vt -10420.9 438.67
vt -10440.1 344.144
vt -10479.5 352.232
f 3904/12186/20 3903/12185/20 3905/12226/20 3906/12227/20 3907/12228/20 3908/12229/20 3909/12230/20 3910/12231/20 

g Mesh313 G_36_462467029641125 Model

v -258.566 0 6.24238
vt 10179.8 -245.763
v -258.093 0 2.28392
vt 10161.1 -89.9183
v -250.323 0 3.26363
vt 9855.23 -128.489
v -250.759 0 7.42361
vt 9872.41 -292.268
f 3911/12232/1 3912/12233/1 3913/12234/1 3914/12235/1 

vt 1293.91 0
vn -0.992948 0 -0.118552
vt 1450.86 0
v -258.566 1.64225 6.24238
vt 1450.86 64.6556
v -258.093 1.64225 2.28392
vt 1293.91 64.6556
f 3912/12236/2023 3911/12237/2023 3915/12238/2023 3916/12239/2023 

vt -10028.4 0
vn -0.149613 0 0.988745
vt -9717.57 0
v -250.759 1.64225 7.42361
vt -9717.57 64.6556
vt -10028.4 64.6556
f 3911/12240/2024 3914/12241/2024 3917/12242/2024 3915/12243/2024 

vt -1321.01 0
vn 0.994539 0 0.104365
vt -1156.33 0
v -250.323 1.64225 3.26363
vt -1156.33 64.6556
vt -1321.01 64.6556
f 3914/12244/2025 3913/12245/2025 3918/12246/2025 3917/12247/2025 

vt 9761.74 0
vn 0.125092 0 -0.992145
vt 10070.1 0
vt 10070.1 64.6556
vt 9761.74 64.6556
f 3913/12248/2026 3912/12249/2026 3916/12250/2026 3918/12251/2026 

vt -10161.1 -89.9183
vt -10179.8 -245.763
vt -9872.41 -292.268
vt -9855.23 -128.489
f 3916/12252/20 3915/12253/20 3917/12254/20 3918/12255/20 

g Mesh314 G_33_23936532801527 Model

v -258.617 0 7.05126
vt 10181.8 -277.609
v -264.189 0 6.11398
vt 10401.2 -240.708
v -264.356 0 7.11546
vt 10407.7 -280.136
v -266.266 0 6.82657
vt 10482.9 -268.763
v -266.334 0 8.12977
vt 10485.6 -320.07
v -277.735 0 6.40929
vt 10934.4 -252.334
v -263.663 0 1.58166
vt 10380.4 -62.2701
f 3912/12233/1 3911/12232/1 3919/12256/1 3920/12257/1 3921/12258/1 3922/12259/1 3923/12260/1 3924/12261/1 1558/4953/1 1561/4956/1 1560/4955/1 3925/12262/1 

vt -1450.86 0
vn 0.992948 0 0.118552
vt -1293.91 0
v -258.093 3.63428 2.28392
vt -1293.91 143.082
v -258.566 3.63428 6.24238
vt -1450.86 143.082
f 3911/12263/2027 3912/12264/2027 3926/12265/2027 3927/12266/2027 

vt 10291.1 0
v -263.663 3.63428 1.58166
vt 10291.1 143.082
vt 10070.1 143.082
f 3912/12249/2026 3925/12267/2026 3928/12268/2026 3926/12269/2026 

vt 10224.7 0
v -264.335 3.63428 1.46795
vt 10251.5 143.082
vt 10224.7 143.082
f 3925/12270/853 1560/4969/853 3929/12271/853 3928/12272/853 

vt 1674.98 0
vn -0.987842 0 -0.155464
vt 1868.08 0
v -265.098 3.63428 6.31299
vt 1868.08 143.082
vt 1674.98 143.082
f 1560/12273/2028 1561/12274/2028 3930/12275/2028 3929/12276/2028 

vt 10312.6 0
vn 0.132097 0 -0.991237
vt 10803.8 0
v -277.464 3.63428 4.66502
vt 10803.8 143.082
vt 10312.6 143.082
f 1561/12277/2029 1558/12278/2029 3931/12279/2029 3930/12280/2029 

vt 1928.33 0
v -277.735 3.63428 6.40929
vt 1928.33 143.082
vt 1858.83 143.082
f 1558/4958/850 3924/12281/850 3932/12282/850 3931/12283/850 

vt -10774.4 0
vn -0.149212 0 0.988805
vt -10320.4 0
v -266.334 3.63428 8.12977
vt -10320.4 143.082
vt -10774.4 143.082
f 3924/12284/2030 3923/12285/2030 3933/12286/2030 3932/12287/2030 

vt -861.276 0
vn 0.998665 0 0.0516551
vt -809.9 0
v -266.266 3.63428 6.82657
vt -809.9 143.082
vt -861.276 143.082
f 3923/12288/2031 3922/12289/2031 3934/12290/2031 3933/12291/2031 

vt -10324.8 0
vn -0.149559 0 0.988753
vt -10248.8 0
v -264.356 3.63428 7.11546
vt -10248.8 143.082
vt -10324.8 143.082
f 3922/12292/2032 3921/12293/2032 3935/12294/2032 3934/12295/2032 

vt -1987.34 0
vt -1947.37 0
v -264.189 3.63428 6.11398
vt -1947.37 143.082
vt -1987.34 143.082
f 3921/12296/1496 3920/12297/1496 3936/12298/1496 3935/12299/1496 

vt -10217.1 0
vn -0.165873 0 0.986147
vt -9994.68 0
v -258.617 3.63428 7.05126
vt -9994.68 143.082
vt -10217.1 143.082
f 3920/12300/2033 3919/12301/2033 3937/12302/2033 3936/12303/2033 

vt -922.214 0
vn 0.99799 0 0.0633645
vt -890.304 0
vt -890.304 143.082
vt -922.214 143.082
f 3919/12304/2034 3911/12305/2034 3927/12306/2034 3937/12307/2034 

vt -10380.4 -62.2701
vt -10934.4 -252.334
vt -10485.6 -320.07
vt -10482.9 -268.763
vt -10407.7 -280.136
vt -10401.2 -240.708
vt -10181.8 -277.609
f 3927/12253/20 3926/12252/20 3928/12308/20 3929/4976/20 3930/4975/20 3931/4974/20 3932/12309/20 3933/12310/20 3934/12311/20 3935/12312/20 3936/12313/20 3937/12314/20 

g Mesh315 G_21_72744505292784 Model

v -257.353 0 8.16856
vt 10132 -321.597
v -259.208 0 21.1875
vt 10205 -834.153
v -259.824 0 25.6299
vt 10229.3 -1009.05
v -263.214 0 25.1164
vt 10362.7 -988.833
v -263.676 0 28.9682
vt 10380.9 -1140.48
v -269.722 0 27.9618
vt 10619 -1100.86
f 3921/12258/1 3938/12315/1 3939/12316/1 3940/12317/1 3941/12318/1 3942/12319/1 3943/12320/1 1875/5902/1 1874/5901/1 3923/12260/1 3922/12259/1 

vt 9971.54 0
vn 0.148694 0 -0.988883
vt 10250.4 0
v -264.356 5.14802 7.11546
vt 10250.4 202.678
v -257.353 5.14802 8.16856
vt 9971.54 202.678
f 3938/12321/2035 3921/12322/2035 3944/12323/2035 3945/12324/2035 

vt 10248.8 0
vn 0.149559 0 -0.988753
v -266.266 5.14802 6.82657
vt 10324.8 202.678
vt 10248.8 202.678
f 3921/12325/2036 3922/12172/2036 3946/12326/2036 3944/12327/2036 

vt 809.9 0
vn -0.998665 0 -0.0516551
vt 861.276 0
v -266.334 5.14802 8.12977
vt 861.276 202.678
vt 809.9 202.678
f 3922/12328/2037 3923/12329/2037 3947/12330/2037 3946/12331/2037 

vt 1189.74 0
vn -0.996546 0 -0.0830455
vt 1262.79 0
v -266.488 5.14802 9.97865
vt 1262.79 202.678
vt 1189.74 202.678
f 3923/12332/2038 1874/12333/2038 3948/12334/2038 3947/12335/2038 

vt 2243.83 0
vn -0.984208 0 -0.177015
vt 2479.26 0
v -267.546 5.14802 15.8642
vt 2479.26 202.678
vt 2243.83 202.678
f 1874/12336/2039 1875/12337/2039 3949/12338/2039 3948/12339/2039 

vt 2963.19 0
v -269.722 5.14802 27.9618
vt 2963.19 202.678
f 1875/12337/2039 3943/12340/2039 3950/12341/2039 3949/12338/2039 

vt -10294.1 0
vt -10052.8 0
v -263.676 5.14802 28.9682
vt -10052.8 202.678
vt -10294.1 202.678
f 3943/12342/1004 3942/12343/1004 3951/12344/1004 3950/12345/1004 

vt -2369.19 0
vn 0.992877 0 0.119145
vt -2216.46 0
v -263.214 5.14802 25.1164
vt -2216.46 202.678
vt -2369.19 202.678
f 3942/12346/2040 3941/12347/2040 3952/12348/2040 3951/12349/2040 

vt -10097.7 0
vt -9962.7 0
v -259.824 5.14802 25.6299
vt -9962.7 202.678
vt -10097.7 202.678
f 3941/12350/755 3940/12351/755 3953/12352/755 3952/12353/755 

vt -2405.11 0
vn 0.990514 0 0.137412
vt -2228.54 0
v -259.208 5.14802 21.1875
vt -2228.54 202.678
vt -2405.11 202.678
f 3940/12354/2041 3939/12355/2041 3954/12356/2041 3953/12357/2041 

vt -2265.29 0
vn 0.990002 0 0.141056
vt -1747.56 0
vt -1747.56 202.678
vt -2265.29 202.678
f 3939/12358/2042 3938/12359/2042 3945/12360/2042 3954/12361/2042 

vt -10132 -321.597
vt -10619 -1100.86
vt -10380.9 -1140.48
vt -10362.7 -988.833
vt -10229.3 -1009.05
vt -10205 -834.153
f 3945/12362/20 3944/12312/20 3946/12311/20 3947/12310/20 3948/5952/20 3949/5951/20 3950/12363/20 3951/12364/20 3952/12365/20 3953/12366/20 3954/12367/20 

g Mesh316 G_26_793033602535903 Model

v -245.059 0 10.0172
vt 9647.98 -394.377
v -246.24 0 18.3371
vt 9694.48 -721.934
v -240.77 0 19.2359
vt 9479.14 -757.319
v -241.489 0 23.8324
vt 9507.45 -938.284
v -241.977 0 23.7554
vt 9526.66 -935.251
v -242.902 0 29.1993
vt 9563.05 -1149.58
v -245.161 0 28.9168
vt 9652.02 -1138.46
v -244.134 0 23.4472
vt 9611.58 -923.119
v -251.478 0 22.4201
vt 9900.72 -882.68
v -252.428 0 27.8897
vt 9938.13 -1098.02
v -256.486 0 27.145
vt 10097.9 -1068.7
v -255.459 0 21.8295
vt 10057.4 -859.427
f 3939/12316/1 3938/12315/1 3955/12368/1 3956/12369/1 3957/12370/1 3958/12371/1 3959/12372/1 3960/12373/1 3961/12374/1 3962/12375/1 3963/12376/1 3964/12377/1 3965/12378/1 3966/12379/1 

vt 1747.56 0
vn -0.990002 0 -0.141056
vt 2265.29 0
v -259.208 3.63295 21.1875
vt 2265.29 143.03
v -257.353 3.63295 8.16856
vt 1747.56 143.03
f 3938/12380/2043 3939/12381/2043 3967/12382/2043 3968/12383/2043 

vt -9917.84 0
vn -0.168776 0 0.985654
vt -9768.09 0
v -255.459 3.63295 21.8295
vt -9768.09 143.03
vt -9917.84 143.03
f 3939/12384/2044 3966/12385/2044 3969/12386/2044 3967/12387/2044 

vt 2751.98 0
vn -0.981837 0 -0.189727
vt 2965.13 0
v -256.486 3.63295 27.145
vt 2965.13 143.03
vt 2751.98 143.03
f 3966/12388/2045 3965/12389/2045 3970/12390/2045 3969/12391/2045 

vt -9739.02 0
vn -0.180529 0 0.98357
vt -9576.62 0
v -252.428 3.63295 27.8897
vt -9576.62 143.03
vt -9739.02 143.03
f 3965/12392/2046 3964/12393/2046 3971/12394/2046 3970/12395/2046 

vt -2782.69 0
vn 0.985246 0 0.171146
vt -2564.13 0
v -251.478 3.63295 22.4201
vt -2564.13 143.03
vt -2782.69 143.03
f 3964/12396/2047 3963/12397/2047 3972/12398/2047 3971/12399/2047 

vt -9683.02 0
vn -0.138512 0 0.990361
vt -9391.07 0
v -244.134 3.63295 23.4472
vt -9391.07 143.03
vt -9683.02 143.03
f 3963/12400/2048 3962/12401/2048 3973/12402/2048 3972/12403/2048 

vt 2681.24 0
vn -0.98282 0 -0.184567
vt 2900.34 0
v -245.161 3.63295 28.9168
vt 2900.34 143.03
vt 2681.24 143.03
f 3962/12404/2049 3961/12405/2049 3974/12406/2049 3973/12407/2049 

vt -9436.28 0
vt -9346.62 0
v -242.902 3.63295 29.1993
vt -9346.62 143.03
vt -9436.28 143.03
f 3961/12408/236 3960/12409/236 3975/12410/236 3974/12411/236 

vt -2734.35 0
vn 0.985887 0 0.167415
vt -2516.95 0
v -241.977 3.63295 23.7554
vt -2516.95 143.03
vt -2734.35 143.03
f 3960/12412/2050 3959/12413/2050 3976/12414/2050 3975/12415/2050 

vt -9264.22 0
vn -0.155963 0 0.987763
vt -9244.77 0
v -241.489 3.63295 23.8324
vt -9244.77 143.03
vt -9264.22 143.03
f 3959/12416/2051 3958/12417/2051 3977/12418/2051 3976/12419/2051 

vt -2396.34 0
vn 0.987986 0 0.154545
vt -2213.18 0
v -240.77 3.63295 19.2359
vt -2213.18 143.03
vt -2396.34 143.03
f 3958/12420/2052 3957/12421/2052 3978/12422/2052 3977/12423/2052 

vt 9230.91 0
vn 0.162145 0 -0.986767
vt 9449.14 0
v -246.24 3.63295 18.3371
vt 9449.14 143.03
vt 9230.91 143.03
f 3957/12424/2053 3956/12425/2053 3979/12426/2053 3978/12427/2053 

vt -2077.48 0
vn 0.990071 0 0.140566
vt -1746.64 0
v -245.059 3.63295 10.0172
vt -1746.64 143.03
vt -2077.48 143.03
f 3956/12428/2054 3955/12429/2054 3980/12430/2054 3979/12431/2054 

vt 9482.08 0
vt 9971.54 143.03
vt 9482.08 143.03
f 3955/12432/2035 3938/12321/2035 3968/12433/2035 3980/12434/2035 

vt -10057.4 -859.427
vt -10097.9 -1068.7
vt -9938.13 -1098.02
vt -9900.72 -882.68
vt -9611.58 -923.119
vt -9652.02 -1138.46
vt -9563.05 -1149.58
vt -9526.66 -935.251
vt -9507.45 -938.284
vt -9479.14 -757.319
vt -9694.48 -721.934
vt -9647.98 -394.377
f 3968/12362/20 3967/12367/20 3969/12435/20 3970/12436/20 3971/12437/20 3972/12438/20 3973/12439/20 3974/12440/20 3975/12441/20 3976/12442/20 3977/12443/20 3978/12444/20 3979/12445/20 3980/12446/20 

g Mesh317 G_26_45903919946188 Model

v -263.535 0 -46.5502
vt 10375.4 1832.68
v -262.353 0 -54.0484
vt 10328.9 2127.89
f 3721/11640/1 3720/11639/1 3981/12447/1 3982/12448/1 

vt 414.446 0
vn 0.990823 0 0.135164
vt 709.434 0
v -259.895 3.44666 -53.6403
vt 709.434 135.695
v -260.907 3.44666 -46.2163
vt 414.446 135.695
f 3720/12449/2055 3721/12450/2055 3983/12451/2055 3984/12452/2055 

vt 10537.9 0
v -262.353 3.44666 -54.0484
vt 10537.9 135.695
vt 10439.8 135.695
f 3721/11665/1930 3982/12453/1930 3985/12454/1930 3983/12455/1930 

vt -494.64 0
vn -0.987818 0 -0.155615
vt -195.793 0
v -263.535 3.44666 -46.5502
vt -195.793 135.695
vt -494.64 135.695
f 3982/12456/2056 3981/12457/2056 3986/12458/2056 3985/12459/2056 

vt -10523.6 0
vt -10419.4 135.695
vt -10523.6 135.695
f 3981/12460/1925 3720/11641/1925 3984/12461/1925 3986/12462/1925 

vt -10328.9 2127.89
vt -10375.4 1832.68
f 3984/11672/20 3983/11674/20 3985/12463/20 3986/12464/20 

g Mesh318 G_20_504247465188477 Model

v -242.401 0 -43.6485
vt 9543.34 1718.44
v -245.148 0 -44.0593
vt 9651.51 1734.62
v -245.508 0 -41.4915
vt 9665.67 1633.52
v -251.517 0 -42.3389
vt 9902.24 1666.88
f 3688/11536/1 3687/11535/1 3987/12465/1 3988/12466/1 3989/12467/1 3990/12468/1 3719/11638/1 3707/11600/1 3706/11599/1 

vt 9705.52 0
vn 0.169324 0 -0.985561
vt 9826.87 0
v -244.488 2.97054 -51.0523
vt 9826.87 116.95
v -241.451 2.97054 -50.5304
vt 9705.52 116.95
f 3687/12469/2057 3688/12470/2057 3991/12471/2057 3992/12472/2057 

vt -373.662 0
v -245.441 2.97054 -44.3258
vt -373.662 116.95
vt -641.127 116.95
f 3688/11557/1912 3706/12473/1912 3993/12474/1912 3991/12475/1912 

vt 9814.83 0
vn 0.147842 0 -0.989011
vt 10013.1 0
v -250.422 2.97054 -45.0704
vt 10013.1 116.95
vt 9814.83 116.95
f 3706/12476/2058 3707/12477/2058 3994/12478/2058 3993/12479/2058 

vt 9605.44 0
vn -0.109541 0 -0.993982
vt 9636.59 0
v -251.209 2.97054 -44.9838
vt 9636.59 116.95
vt 9605.44 116.95
f 3707/12480/2059 3719/12481/2059 3995/12482/2059 3994/12483/2059 

vt -614.613 0
vn -0.993282 0 -0.115722
vt -509.777 0
v -251.517 2.97054 -42.3389
vt -509.777 116.95
vt -614.613 116.95
f 3719/12484/2060 3990/12485/2060 3996/12486/2060 3995/12487/2060 

vt -10038 0
vn -0.139644 0 0.990202
vt -9799.07 0
v -245.508 2.97054 -41.4915
vt -9799.07 116.95
vt -10038 116.95
f 3990/12488/2061 3989/12489/2061 3997/12490/2061 3996/12491/2061 

vt 277.621 0
vn 0.990342 0 0.138648
vt 379.705 0
v -245.148 2.97054 -44.0593
vt 379.705 116.95
vt 277.621 116.95
f 3989/12492/2062 3988/12493/2062 3998/12494/2062 3997/12495/2062 

vt -9801.92 0
vn -0.147888 0 0.989004
vt -9692.54 0
v -242.401 2.97054 -43.6485
vt -9692.54 116.95
vt -9801.92 116.95
f 3988/12496/2063 3987/12497/2063 3999/12498/2063 3998/12499/2063 

vt 397.127 0
vn 0.990604 0 0.136762
vt 670.639 0
vt 670.639 116.95
vt 397.127 116.95
f 3987/12500/2064 3687/12501/2064 3992/12502/2064 3999/12503/2064 

vt -9902.24 1666.88
vt -9665.67 1633.52
vt -9651.51 1734.62
vt -9543.34 1718.44
f 3992/11578/20 3991/11577/20 3993/11637/20 3994/11636/20 3995/11673/20 3996/12504/20 3997/12505/20 3998/12506/20 3999/12507/20 

g Mesh319 G_25_81845902777033 Model

v -246.731 0 -36.2562
vt 9713.82 1427.41
v -245.741 0 -39.0649
vt 9674.83 1537.99
v -240.292 0 -38.0441
vt 9460.31 1497.8
v -239.756 0 -41.5621
vt 9439.21 1636.3
v -239.438 0 -41.5203
vt 9426.7 1634.66
v -239.297 0 -42.2265
vt 9421.14 1662.46
v -230.823 0 -41.1994
vt 9087.51 1622.02
v -231.362 0 -36.988
vt 9108.74 1456.22
v -239.631 0 -37.8868
vt 9434.28 1491.61
v -243.303 0 -24.4054
vt 9578.85 960.841
v -249.748 0 -25.5738
vt 9832.61 1006.84
f 4000/12508/1 4001/12509/1 4002/12510/1 4003/12511/1 4004/12512/1 4005/12513/1 4006/12514/1 4007/12515/1 4008/12516/1 4009/12517/1 4010/12518/1 

vt 1766.35 0
vn -0.943105 0 -0.332495
vt 1883.6 0
v -246.731 2.8266 -36.2562
vt 1883.6 111.283
v -245.741 2.8266 -39.0649
vt 1766.35 111.283
f 4001/12519/2065 4000/12520/2065 4011/12521/2065 4012/12522/2065 

vt 1266.72 0
vn -0.962349 0 -0.271817
vt 1703.74 0
v -249.748 2.8266 -25.5738
vt 1703.74 111.283
vt 1266.72 111.283
f 4000/12523/2066 4010/12524/2066 4013/12525/2066 4011/12526/2066 

vt -9854.52 0
vn -0.178368 0 0.983964
vt -9596.63 0
v -243.303 2.8266 -24.4054
vt -9596.63 111.283
vt -9854.52 111.283
f 4010/12527/2067 4009/12528/2067 4014/12529/2067 4013/12530/2067 

vt -1590.32 0
vn 0.964849 0 0.262806
vt -1040.22 0
v -239.631 2.8266 -37.8868
vt -1040.22 111.283
vt -1590.32 111.283
f 4009/12531/2068 4008/12532/2068 4015/12533/2068 4014/12534/2068 

vt -9540.22 0
vn -0.108059 0 0.994144
vt -9212.77 0
v -231.362 2.8266 -36.988
vt -9212.77 111.283
vt -9540.22 111.283
f 4008/12535/2069 4007/12536/2069 4016/12537/2069 4015/12538/2069 

vt 287.51 0
vn 0.991901 0 0.127012
vt 454.665 0
v -230.823 2.8266 -41.1994
vt 454.665 111.283
vt 287.51 111.283
f 4007/12539/2070 4006/12540/2070 4017/12541/2070 4016/12542/2070 

vt 9216.66 0
vn 0.120331 0 -0.992734
vt 9552.73 0
v -239.297 2.8266 -42.2265
vt 9552.73 111.283
vt 9216.66 111.283
f 4006/12543/2071 4005/12544/2071 4018/12545/2071 4017/12546/2071 

vt 217.46 0
vt 245.812 0
v -239.438 2.8266 -41.5203
vt 245.812 111.283
vt 217.46 111.283
f 4005/12547/1397 4004/12548/1397 4019/12549/1397 4018/12550/1397 

vt 9559.29 0
vn 0.130195 0 -0.991488
vt 9571.9 0
v -239.756 2.8266 -41.5621
vt 9571.9 111.283
vt 9559.29 111.283
f 4004/12551/2072 4003/12552/2072 4020/12553/2072 4019/12554/2072 

vt -195.769 0
vn -0.98859 0 -0.150634
vt -55.666 0
v -240.292 2.8266 -38.0441
vt -55.666 111.283
vt -195.769 111.283
f 4003/12555/2073 4002/12556/2073 4021/12557/2073 4020/12558/2073 

vt 9574.34 0
vn 0.184154 0 -0.982897
vt 9792.59 0
vt 9792.59 111.283
vt 9574.34 111.283
f 4002/12559/2074 4001/12560/2074 4012/12561/2074 4021/12562/2074 

vt -9674.83 1537.99
vt -9713.82 1427.41
vt -9832.61 1006.84
vt -9578.85 960.841
vt -9434.28 1491.61
vt -9108.74 1456.22
vt -9087.51 1622.02
vt -9421.14 1662.46
vt -9426.7 1634.66
vt -9439.21 1636.3
vt -9460.31 1497.8
f 4012/12563/20 4011/12564/20 4013/12565/20 4014/12566/20 4015/12567/20 4016/12568/20 4017/12569/20 4018/12570/20 4019/12571/20 4020/12572/20 4021/12573/20 

g Mesh320 G_24_712373287979702 Model

v -248.195 0 -36.6028
vt 9771.44 1441.06
v -248.612 0 -34.311
vt 9787.87 1350.83
v -248.034 0 -34.2853
vt 9765.12 1349.82
v -248.968 0 -30.456
vt 9801.9 1199.05
v -249.504 0 -30.5683
vt 9823 1203.48
v -250.541 0 -25.9301
vt 9863.82 1020.87
v -252.899 0 -26.3378
vt 9956.66 1036.92
v -250.653 0 -37.0843
vt 9868.24 1460.01
v -255.115 0 -37.89
vt 10043.9 1491.73
v -254.409 0 -40.689
vt 10016.1 1601.93
f 4001/12509/1 4000/12508/1 4022/12574/1 4023/12575/1 4024/12576/1 4025/12577/1 4026/12578/1 4027/12579/1 4028/12580/1 4029/12581/1 4030/12582/1 4031/12583/1 

vt -1883.6 0
vn 0.943105 0 0.332495
vt -1766.35 0
v -245.741 2.71204 -39.0649
vt -1766.35 106.773
v -246.731 2.71204 -36.2562
vt -1883.6 106.773
f 4000/12584/2075 4001/12585/2075 4032/12586/2075 4033/12587/2075 

vt 10139.8 0
v -254.409 2.71204 -40.689
vt 10139.8 106.773
vt 9792.59 106.773
f 4001/12560/2074 4031/12588/2074 4034/12589/2074 4032/12590/2074 

vt 896.962 0
vn -0.969617 0 -0.244628
vt 1010.61 0
v -255.115 2.71204 -37.89
vt 1010.61 106.773
vt 896.962 106.773
f 4031/12591/2076 4030/12592/2076 4035/12593/2076 4034/12594/2076 

vt -10149.1 0
vn -0.177702 0 0.984084
vt -9970.63 0
v -250.653 2.71204 -37.0843
vt -9970.63 106.773
vt -10149.1 106.773
f 4030/12595/2077 4029/12596/2077 4036/12597/2077 4035/12598/2077 

vt 589.601 0
vn -0.978852 0 -0.204569
vt 1021.83 0
v -252.899 2.71204 -26.3378
vt 1021.83 106.773
vt 589.601 106.773
f 4029/12599/2078 4028/12600/2078 4037/12601/2078 4036/12602/2078 

vt -9987.75 0
vn -0.170386 0 0.985377
vt -9893.53 0
v -250.541 2.71204 -25.9301
vt -9893.53 106.773
vt -9987.75 106.773
f 4028/12603/2079 4027/12604/2079 4038/12605/2079 4037/12606/2079 

vt -1155.47 0
vn 0.975916 0 0.218146
vt -968.356 0
v -249.504 2.71204 -30.5683
vt -968.356 106.773
vt -1155.47 106.773
f 4027/12607/2080 4026/12608/2080 4039/12609/2080 4038/12610/2080 

vt -9860.99 0
vn -0.205124 0 0.978736
vt -9839.42 0
v -248.968 2.71204 -30.456
vt -9839.42 106.773
vt -9860.99 106.773
f 4026/12611/2081 4025/12612/2081 4040/12613/2081 4039/12614/2081 

vt -1157.9 0
vn 0.971516 0 0.236975
vt -1002.72 0
v -248.034 2.71204 -34.2853
vt -1002.72 106.773
vt -1157.9 106.773
f 4025/12615/2082 4024/12616/2082 4041/12617/2082 4040/12618/2082 

vt 9815.43 0
vn 0.0444006 0 -0.999014
vt 9838.2 0
v -248.612 2.71204 -34.311
vt 9838.2 106.773
vt 9815.43 106.773
f 4024/12619/2083 4023/12620/2083 4042/12621/2083 4041/12622/2083 

vt -424.303 0
vn 0.983826 0 0.179128
vt -332.59 0
v -248.195 2.71204 -36.6028
vt -332.59 106.773
vt -424.303 106.773
f 4023/12623/2084 4022/12624/2084 4043/12625/2084 4042/12626/2084 

vt -9840.51 0
vt -9781.29 0
vt -9781.29 106.773
vt -9840.51 106.773
f 4022/12627/1341 4000/12628/1341 4033/12629/1341 4043/12630/1341 

vt -10016.1 1601.93
vt -10043.9 1491.73
vt -9868.24 1460.01
vt -9956.66 1036.92
vt -9863.82 1020.87
vt -9823 1203.48
vt -9801.9 1199.05
vt -9765.12 1349.82
vt -9787.87 1350.83
vt -9771.44 1441.06
f 4033/12564/20 4032/12563/20 4034/12631/20 4035/12632/20 4036/12633/20 4037/12634/20 4038/12635/20 4039/12636/20 4040/12637/20 4041/12638/20 4042/12639/20 4043/12640/20 

g Mesh321 G_24_738456307060545 Model

v -262.003 0 -35.3638
vt 10315.1 1392.28
v -265.833 0 -36.0732
vt 10465.9 1420.21
v -265.178 0 -39.6554
vt 10440.1 1561.24
v -261.237 0 -38.964
vt 10284.9 1534.01
f 4044/12641/1 4045/12642/1 4046/12643/1 4047/12644/1 

vt -10549.5 0
vn -0.182148 0 0.983271
vt -10396.1 0
v -262.003 3.36145 -35.3638
vt -10396.1 132.341
v -265.833 3.36145 -36.0732
vt -10549.5 132.341
f 4045/12645/2085 4044/12646/2085 4048/12647/2085 4049/12648/2085 

vt -786.976 0
vn 0.978063 0 0.208307
vt -642.06 0
v -261.237 3.36145 -38.964
vt -642.06 132.341
vt -786.976 132.341
f 4044/12649/2086 4047/12650/2086 4050/12651/2086 4048/12652/2086 

vt 10395.3 0
vn 0.172799 0 -0.984957
vt 10552.8 0
v -265.178 3.36145 -39.6554
vt 10552.8 132.341
vt 10395.3 132.341
f 4047/12653/2087 4046/12654/2087 4051/12655/2087 4050/12656/2087 

vt 341.506 0
vn -0.9837 0 -0.179816
vt 484.874 0
vt 484.874 132.341
vt 341.506 132.341
f 4046/12657/2088 4045/12658/2088 4049/12659/2088 4051/12660/2088 

vt -10465.9 1420.21
vt -10315.1 1392.28
vt -10284.9 1534.01
vt -10440.1 1561.24
f 4049/12661/20 4048/12662/20 4050/12663/20 4051/12664/20 

g Mesh322 G_32_21794507757279 Model

v -256.842 0 -34.1312
vt 10111.9 1343.75
v -256.03 0 -38.0506
vt 10079.9 1498.05
f 4052/12665/1 4044/12641/1 4047/12644/1 4053/12666/1 

vt -10356.4 0
vn -0.232275 0 0.97265
vt -10147.5 0
v -256.842 4.17672 -34.1312
vt -10147.5 164.438
v -262.003 4.17672 -35.3638
vt -10356.4 164.438
f 4044/12667/2089 4052/12668/2089 4054/12669/2089 4055/12670/2089 

vt -734.544 0
vn 0.979227 0 0.202769
vt -576.966 0
v -256.03 4.17672 -38.0506
vt -576.966 164.438
vt -734.544 164.438
f 4052/12671/2090 4053/12672/2090 4056/12673/2090 4054/12674/2090 

vt 10187.2 0
v -261.237 4.17672 -38.964
vt 10395.3 164.438
vt 10187.2 164.438
f 4053/12675/2087 4047/12653/2087 4057/12676/2087 4056/12677/2087 

vt 642.06 0
vn -0.978063 0 -0.208307
vt 786.976 0
vt 786.976 164.438
vt 642.06 164.438
f 4047/12678/2091 4044/12679/2091 4055/12680/2091 4057/12681/2091 

vt -10111.9 1343.75
vt -10079.9 1498.05
f 4055/12662/20 4054/12682/20 4056/12683/20 4057/12663/20 

g Mesh323 G_30_67969442767046 Model

v -258.546 0 -27.3143
vt 10179 1075.36
f 4058/12684/1 4052/12665/1 4053/12666/1 4030/12582/1 4029/12581/1 4028/12580/1 

vt 1148.86 0
vn -0.970142 0 -0.242536
vt 1425.51 0
v -258.546 4.37824 -27.3143
vt 1425.51 172.371
v -256.842 4.37824 -34.1312
vt 1148.86 172.371
f 4052/12685/2092 4058/12686/2092 4059/12687/2092 4060/12688/2092 

vt -10213.4 0
v -252.899 4.37824 -26.3378
vt -9987.75 172.371
vt -10213.4 172.371
f 4058/12689/2079 4028/12603/2079 4061/12690/2079 4059/12691/2079 

vt -1021.83 0
vn 0.978852 0 0.204569
vt -589.601 0
v -250.653 4.37824 -37.0843
vt -589.601 172.371
vt -1021.83 172.371
f 4028/12692/2093 4029/12693/2093 4062/12694/2093 4061/12695/2093 

vt 9970.63 0
vn 0.177702 0 -0.984084
vt 10149.1 0
v -255.115 4.37824 -37.89
vt 10149.1 172.371
vt 9970.63 172.371
f 4029/12696/2094 4030/12697/2094 4063/12698/2094 4062/12699/2094 

vt 10150.6 0
vn 0.1728 0 -0.984957
v -256.03 4.37824 -38.0506
vt 10187.2 172.371
vt 10150.6 172.371
f 4030/12700/2095 4053/12675/2095 4064/12701/2095 4063/12702/2095 

vt 576.966 0
vn -0.979227 0 -0.202769
vt 734.544 0
vt 734.544 172.371
vt 576.966 172.371
f 4053/12703/2096 4052/12704/2096 4060/12705/2096 4064/12706/2096 

vt -10179 1075.36
f 4060/12682/20 4059/12707/20 4061/12634/20 4062/12633/20 4063/12632/20 4064/12683/20 

g Mesh324 G_18_67517499757544 Model

v -268.284 0 -36.5831
vt 10562.4 1440.28
v -269.804 0 -29.2609
vt 10622.2 1152
v -271.777 0 -29.6021
vt 10699.9 1165.44
v -270.339 0 -37.0105
vt 10643.3 1457.11
f 4065/12708/1 4066/12709/1 4067/12710/1 4068/12711/1 

vt -1030.34 0
vn 0.97914 0 0.203189
vt -735.922 0
v -268.284 3.61729 -36.5831
vt -735.922 142.413
v -269.804 3.61729 -29.2609
vt -1030.34 142.413
f 4066/12712/2097 4065/12713/2097 4069/12714/2097 4070/12715/2097 

vt 10634.4 0
vn 0.20362 0 -0.97905
vt 10717 0
v -270.339 3.61729 -37.0105
vt 10717 142.413
vt 10634.4 142.413
f 4065/12716/2098 4068/12717/2098 4071/12718/2098 4069/12719/2098 

vt 597.68 0
vn -0.981677 0 -0.190551
vt 894.791 0
v -271.777 3.61729 -29.6021
vt 894.791 142.413
vt 597.68 142.413
f 4068/12720/2099 4067/12721/2099 4072/12722/2099 4071/12723/2099 

vt -10742 0
vt -10663.2 0
vt -10663.2 142.413
vt -10742 142.413
f 4067/12724/2079 4066/12725/2079 4070/12726/2079 4072/12727/2079 

vt -10622.2 1152
vt -10562.4 1440.28
vt -10643.3 1457.11
vt -10699.9 1165.44
f 4070/12728/20 4069/12729/20 4071/12730/20 4072/12731/20 

g Mesh325 G_30_373082491103276 Model

v -72.7597 0 -42.517
vt 2864.56 1673.9
v -68.2916 0 -35.7891
vt 2688.65 1409.02
f 37/109/1 43/115/1 4073/12732/1 2108/6613/1 2113/6618/1 3219/10060/1 3218/10059/1 4074/12733/1 2120/6645/1 2122/6647/1 

vt -391.099 0
vn -0.917008 0 -0.39887
vt -203.336 0
v -75.0985 4.93132 -38.2977
vt -203.336 194.147
v -73.1963 4.93132 -42.6711
vt -391.099 194.147
f 43/12734/2100 37/12735/2100 4075/12736/2100 4076/12737/2100 

vt -3236.5 0
v -74.676 4.93132 -37.967
vt -3236.5 194.147
vt -3257.62 194.147
f 37/117/21 2122/12738/21 4077/12739/21 4075/12740/21 

vt -3265.15 0
vn -0.322858 0 0.946447
vt -3031.42 0
v -69.0571 4.93132 -36.0503
vt -3031.42 194.147
vt -3265.15 194.147
f 2122/12741/2101 2120/12742/2101 4078/12743/2101 4077/12744/2101 

vt -2999.58 0
v -68.2916 4.93132 -35.7891
vt -2999.58 194.147
f 2120/12742/2101 4074/12745/2101 4079/12746/2101 4078/12743/2101 

vt 371.049 0
vn 0.935837 0 0.352432
vt 849.744 0
v -64.0064 4.93132 -47.1678
vt 849.744 194.147
vt 371.049 194.147
f 4074/12747/2102 3218/12748/2102 4080/12749/2102 4079/12750/2102 

vt 878.787 0
v -63.7464 4.93132 -47.8582
vt 878.787 194.147
f 3218/12748/2102 3219/12751/2102 4081/12752/2102 4080/12749/2102 

vt 3030.59 0
vn 0.372096 0 -0.928194
vt 3045.76 0
v -64.1042 4.93132 -48.0016
vt 3045.76 194.147
vt 3030.59 194.147
f 3219/12753/2103 2113/12754/2103 4082/12755/2103 4081/12756/2103 

vt 3277.83 0
v -69.5755 4.93132 -50.195
vt 3277.83 194.147
f 2113/12754/2103 2108/12757/2103 4083/12758/2103 4082/12755/2103 

vt -776.1 0
vn -0.923715 0 -0.383079
vt -448.853 0
v -72.7597 4.93132 -42.517
vt -448.853 194.147
vt -776.1 194.147
f 2108/12759/2104 4073/12760/2104 4084/12761/2104 4083/12762/2104 

vt 3258.36 0
vn 0.33282 0 -0.94299
vt 3276.58 0
vt 3276.58 194.147
vt 3258.36 194.147
f 4073/12763/2105 43/12764/2105 4076/12765/2105 4084/12766/2105 

vt -2688.65 1409.02
vt -2864.56 1673.9
f 4076/146/20 4075/145/20 4077/6671/20 4078/6670/20 4079/12767/20 4080/10098/20 4081/10097/20 4082/6641/20 4083/6640/20 4084/12768/20 

g Mesh326 G_20_178952160010674 Model

v -66.5711 0 -33.5808
vt 2620.91 1322.08
f 1802/5685/1 1792/5647/1 1791/5646/1 2120/6645/1 4074/12733/1 3218/10059/1 2090/6563/1 2098/6571/1 2097/6570/1 4085/12769/1 

vt -3068.76 0
vn -0.375048 0 0.927005
vt -2943.03 0
v -68.8493 3.80551 -29.1411
vt -2943.03 149.823
v -71.8096 3.80551 -30.3388
vt -3068.76 149.823
f 1792/12770/2106 1802/12771/2106 4086/12772/2106 4087/12773/2106 

vt -20.3417 0
v -66.5711 3.80551 -33.5808
vt -20.3417 149.823
vt -216.8 149.823
f 1802/5695/687 4085/12774/687 4088/12775/687 4086/12776/687 

vt 107.543 0
vn 0.908738 0 0.417366
vt 562.395 0
v -61.7492 3.80551 -44.0796
vt 562.395 149.823
vt 107.543 149.823
f 4085/12777/2107 2097/12778/2107 4089/12779/2107 4088/12780/2107 

vt 2934.55 0
vn 0.419058 0 -0.907959
vt 3003.06 0
v -63.3291 3.80551 -44.8088
vt 3003.06 149.823
vt 2934.55 149.823
f 2097/12781/2108 2098/12782/2108 4090/12783/2108 4089/12784/2108 

vt 550.529 0
v -62.5263 3.80551 -46.5386
vt 625.605 149.823
vt 550.529 149.823
f 2098/12785/1678 2090/10084/1678 4091/12786/1678 4090/12787/1678 

vt 2982.3 0
vn 0.391264 0 -0.920278
vt 3045.62 0
v -64.0064 3.80551 -47.1678
vt 3045.62 149.823
vt 2982.3 149.823
f 2090/12788/2109 3218/12789/2109 4092/12790/2109 4091/12791/2109 

vt -371.049 0
v -68.2916 3.80551 -35.7891
vt -371.049 149.823
vt -849.744 149.823
f 3218/10077/1676 4074/12792/1676 4093/12793/1676 4092/12794/1676 

vt 2999.58 0
v -69.0571 3.80551 -36.0503
vt 3031.42 149.823
vt 2999.58 149.823
f 4074/12795/1118 2120/6651/1118 4094/12796/1118 4093/12797/1118 

vt -98.2349 0
vn -0.900845 0 -0.434141
vt 131.34 0
v -71.5887 3.80551 -30.7973
vt 131.34 149.823
vt -98.2349 149.823
f 2120/12798/2110 1791/12799/2110 4095/12800/2110 4094/12801/2110 

vt 151.377 0
vt 151.377 149.823
f 1791/12799/2110 1792/12802/2110 4087/12803/2110 4095/12800/2110 

vt -2620.91 1322.08
f 4087/5682/20 4086/5702/20 4088/12804/20 4089/6607/20 4090/6606/20 4091/6605/20 4092/10098/20 4093/12767/20 4094/6670/20 4095/5683/20 

g Mesh327 G_22_764293322098744 Model

v -67.9353 0 -54.3758
vt 2674.62 2140.78
f 4096/12805/1 3216/10057/1 2111/6616/1 2110/6615/1 

vt 3147.56 0
vn 0.341743 0 -0.939793
vt 3245.19 0
v -67.9353 3.06681 -54.3758
vt 3245.19 120.741
v -65.6049 3.06681 -53.5284
vt 3147.56 120.741
f 3216/12806/2111 4096/12807/2111 4097/12808/2111 4098/12809/2111 

vt -1102.99 0
vn -0.940333 0 -0.340257
vt -1014.22 0
v -68.7025 3.06681 -52.2557
vt -1014.22 120.741
vt -1102.99 120.741
f 4096/12810/2112 2110/12811/2112 4099/12812/2112 4097/12813/2112 

vt -3258.01 0
v -66.3792 3.06681 -51.3762
vt -3160.21 120.741
vt -3258.01 120.741
f 2110/12814/1674 2111/10065/1674 4100/12815/1674 4099/12816/1674 

vt 1018.61 0
vn 0.940961 0 0.338514
vt 1108.66 0
vt 1108.66 120.741
vt 1018.61 120.741
f 2111/12817/2113 3216/12818/2113 4098/12819/2113 4100/12820/2113 

vt -2674.62 2140.78
f 4098/10096/20 4097/12821/20 4099/6644/20 4100/6643/20 

g Mesh328 G_35_51447384703904 Model

v -77.4333 0 -57.7895
vt 3048.55 2275.18
v -77.1508 0 -58.7782
vt 3037.43 2314.1
v -79.3544 0 -59.6373
vt 3124.19 2347.93
v -78.9772 0 -61.399
vt 3109.34 2417.28
v -73.0454 0 -59.2677
vt 2875.8 2333.37
v -73.2123 0 -58.5037
vt 2882.37 2303.3
v -73.3503 0 -58.0977
vt 2887.81 2287.31
v -75.9953 0 -59.0221
vt 2991.94 2323.7
v -76.6372 0 -57.4429
vt 3017.21 2261.53
f 4101/12822/1 4102/12823/1 4103/12824/1 4104/12825/1 4105/12826/1 4106/12827/1 4107/12828/1 4108/12829/1 4109/12830/1 

vt -1390.62 0
vn -0.961524 0 -0.274721
vt -1350.14 0
v -77.4333 3.78952 -57.7895
vt -1350.14 149.194
v -77.1508 3.78952 -58.7782
vt -1390.62 149.194
f 4102/12831/2114 4101/12832/2114 4110/12833/2114 4111/12834/2114 

vt -3703.42 0
vn -0.399267 0 0.916835
vt -3669.24 0
v -76.6372 3.78952 -57.4429
vt -3669.24 149.194
vt -3703.42 149.194
f 4101/12835/2115 4109/12836/2115 4112/12837/2115 4110/12838/2115 

vt 958.827 0
vn 0.926384 0 0.376579
vt 1025.94 0
v -75.9953 3.78952 -59.0221
vt 1025.94 149.194
vt 958.827 149.194
f 4109/12839/2116 4108/12840/2116 4113/12841/2116 4112/12842/2116 

vt -3591.08 0
vn -0.329942 0 0.944001
vt -3480.77 0
v -73.3503 3.78952 -58.0977
vt -3480.77 149.194
vt -3591.08 149.194
f 4108/12843/2117 4107/12844/2117 4114/12845/2117 4113/12846/2117 

vt 1236.22 0
vn 0.946796 0 0.321836
vt 1253.1 0
v -73.2123 3.78952 -58.5037
vt 1253.1 149.194
vt 1236.22 149.194
f 4107/12847/2118 4106/12848/2118 4115/12849/2118 4114/12850/2118 

vt 1634.96 0
vt 1665.75 0
v -73.0454 3.78952 -59.2677
vt 1665.75 149.194
vt 1634.96 149.194
f 4106/12851/1995 4105/12852/1995 4116/12853/1995 4115/12854/1995 

vt 3495.42 0
vn 0.338142 0 -0.941095
vt 3743.57 0
v -78.9772 3.78952 -61.399
vt 3743.57 149.194
vt 3495.42 149.194
f 4105/12855/2119 4104/12856/2119 4117/12857/2119 4116/12858/2119 

vt -1712.72 0
vn -0.977837 0 -0.209367
vt -1641.79 0
v -79.3544 3.78952 -59.6373
vt -1641.79 149.194
vt -1712.72 149.194
f 4104/12859/2120 4103/12860/2120 4118/12861/2120 4117/12862/2120 

vt -3763.68 0
vn -0.363265 0 0.931686
vt -3670.57 0
vt -3670.57 149.194
vt -3763.68 149.194
f 4103/12863/2121 4102/12864/2121 4111/12865/2121 4118/12866/2121 

vt -3037.43 2314.1
vt -3048.55 2275.18
vt -3017.21 2261.53
vt -2991.94 2323.7
vt -2887.81 2287.31
vt -2882.37 2303.3
vt -2875.8 2333.37
vt -3109.34 2417.28
vt -3124.19 2347.93
f 4111/12867/20 4110/12868/20 4112/12869/20 4113/12870/20 4114/12871/20 4115/12872/20 4116/12873/20 4117/12874/20 4118/12875/20 

g Mesh329 G_50_62652426615698 Model

v -78.974 0 -54.2715
vt 3109.21 2136.67
v -80.0549 0 -51.5283
vt 3151.77 2028.67
v -80.4152 0 -50.6139
vt 3165.95 1992.67
v -81.237 0 -50.845
vt 3198.31 2001.77
f 4103/12824/1 4102/12823/1 4101/12822/1 4119/12876/1 4120/12877/1 4121/12878/1 4122/12879/1 

vt 3670.57 0
vn 0.363265 0 -0.931686
vt 3763.68 0
v -79.3544 4.79793 -59.6373
vt 3763.68 188.895
v -77.1508 4.79793 -58.7782
vt 3670.57 188.895
f 4102/12880/2122 4103/12881/2122 4123/12882/2122 4124/12883/2122 

vt -1287.79 0
v -81.237 4.79793 -50.845
vt -1287.79 188.895
vt -1641.79 188.895
f 4103/12860/2120 4122/12884/2120 4125/12885/2120 4123/12886/2120 

vt -3620.82 0
vt -3587.22 0
v -80.4152 4.79793 -50.6139
vt -3587.22 188.895
vt -3620.82 188.895
f 4122/12887/221 4121/12888/221 4126/12889/221 4125/12890/221 

vt 693.303 0
vn 0.930379 0 0.366599
vt 731.998 0
v -80.0549 4.79793 -51.5283
vt 731.998 188.895
vt 693.303 188.895
f 4121/12891/2123 4120/12892/2123 4127/12893/2123 4126/12894/2123 

vt 848.08 0
v -78.974 4.79793 -54.2715
vt 848.08 188.895
f 4120/12892/2123 4119/12895/2123 4128/12896/2123 4127/12893/2123 

vt 709.88 0
vn 0.916004 0 0.40117
vt 861.085 0
v -77.4333 4.79793 -57.7895
vt 861.085 188.895
vt 709.88 188.895
f 4119/12897/2124 4101/12898/2124 4129/12899/2124 4128/12900/2124 

vt 1350.14 0
vn 0.961524 0 0.274721
vt 1390.62 0
vt 1390.62 188.895
vt 1350.14 188.895
f 4101/12901/2125 4102/12902/2125 4124/12903/2125 4129/12904/2125 

vt -3198.31 2001.77
vt -3165.95 1992.67
vt -3151.77 2028.67
vt -3109.21 2136.67
f 4124/12867/20 4123/12875/20 4125/12905/20 4126/12906/20 4127/12907/20 4128/12908/20 4129/12868/20 

g Mesh330 G_36_763232093551196 Model

v -67.4474 0 -55.6084
vt 2655.41 2189.31
f 4119/12876/1 4101/12822/1 4109/12830/1 4108/12829/1 4107/12828/1 4106/12827/1 4130/12909/1 4096/12805/1 2110/6615/1 2109/6614/1 

vt -861.085 0
vn -0.916004 0 -0.40117
vt -709.88 0
v -78.974 7.50602 -54.2715
vt -709.88 295.513
v -77.4333 7.50602 -57.7895
vt -861.085 295.513
f 4101/12910/2126 4119/12911/2126 4131/12912/2126 4132/12913/2126 

vt -3686.69 0
vn -0.378575 0 0.925571
vt -3283.34 0
v -69.4916 7.50602 -50.393
vt -3283.34 295.513
vt -3686.69 295.513
f 4119/12914/2127 2109/12915/2127 4133/12916/2127 4131/12917/2127 

vt 759.494 0
vn 0.920769 0 0.390108
vt 839.138 0
v -68.7025 7.50602 -52.2557
vt 839.138 295.513
vt 759.494 295.513
f 2109/12918/2128 2110/12919/2128 4134/12920/2128 4133/12921/2128 

vt 1014.22 0
vn 0.940333 0 0.340257
vt 1102.99 0
v -67.9353 7.50602 -54.3758
vt 1102.99 295.513
vt 1014.22 295.513
f 2110/12922/2129 4096/12923/2129 4135/12924/2129 4134/12925/2129 

vt 1006.12 0
vn 0.929807 0 0.368048
vt 1058.31 0
v -67.4474 7.50602 -55.6084
vt 1058.31 295.513
vt 1006.12 295.513
f 4096/12926/2130 4130/12927/2130 4136/12928/2130 4135/12929/2130 

vt 3355.53 0
vn 0.448805 0 -0.89363
vt 3609.51 0
v -73.2123 7.50602 -58.5037
vt 3609.51 295.513
vt 3355.53 295.513
f 4130/12930/2131 4106/12931/2131 4137/12932/2131 4136/12933/2131 

vt -1253.1 0
vn -0.946796 0 -0.321836
vt -1236.22 0
v -73.3503 7.50602 -58.0977
vt -1236.22 295.513
vt -1253.1 295.513
f 4106/12934/2132 4107/12935/2132 4138/12936/2132 4137/12937/2132 

vt 3480.77 0
vn 0.329942 0 -0.944001
vt 3591.08 0
v -75.9953 7.50602 -59.0221
vt 3591.08 295.513
vt 3480.77 295.513
f 4107/12938/2133 4108/12939/2133 4139/12940/2133 4138/12941/2133 

vt -1025.94 0
vn -0.926384 0 -0.376579
vt -958.827 0
v -76.6372 7.50602 -57.4429
vt -958.827 295.513
vt -1025.94 295.513
f 4108/12942/2134 4109/12943/2134 4140/12944/2134 4139/12945/2134 

vt 3669.24 0
vn 0.399267 0 -0.916835
vt 3703.42 0
vt 3703.42 295.513
vt 3669.24 295.513
f 4109/12946/2135 4101/12947/2135 4132/12948/2135 4140/12949/2135 

vt -2655.41 2189.31
f 4132/12868/20 4131/12908/20 4133/6639/20 4134/6644/20 4135/12821/20 4136/12950/20 4137/12872/20 4138/12871/20 4139/12870/20 4140/12869/20 

g Mesh331 G_25_870670043965905 Model

v -81.9431 0 -47.5196
vt 3226.11 1870.85
v -81.6221 0 -47.3783
vt 3213.47 1865.29
v -76.5345 0 -50.1501
vt 3013.17 1974.41
f 42/114/1 41/113/1 4141/12951/1 4142/12952/1 4121/12878/1 4120/12877/1 4143/12953/1 

vt -3658.97 0
vn -0.332174 0 0.943218
vt -3503.8 0
v -78.5375 7.26203 -44.9116
vt -3503.8 285.907
v -82.2551 7.26203 -46.2208
vt -3658.97 285.907
f 41/12954/2136 42/12955/2136 4144/12956/2136 4145/12957/2136 

vt 547.286 0
vn 0.934052 0 0.357137
vt 768.087 0
v -76.5345 7.26203 -50.1501
vt 768.087 285.907
vt 547.286 285.907
f 42/12958/2137 4143/12959/2137 4146/12960/2137 4144/12961/2137 

vt 3525.6 0
vn 0.364561 0 -0.93118
vt 3674.44 0
v -80.0549 7.26203 -51.5283
vt 3674.44 285.907
vt 3525.6 285.907
f 4143/12962/2138 4120/12963/2138 4147/12964/2138 4146/12965/2138 

vt -731.998 0
vn -0.930379 0 -0.366599
vt -693.303 0
v -80.4152 7.26203 -50.6139
vt -693.303 285.907
vt -731.998 285.907
f 4120/12966/2139 4121/12967/2139 4148/12968/2139 4147/12969/2139 

vt -760.533 0
vn -0.936939 0 -0.349493
vt -624.576 0
v -81.6221 7.26203 -47.3783
vt -624.576 285.907
vt -760.533 285.907
f 4121/12970/2140 4142/12971/2140 4149/12972/2140 4148/12973/2140 

vt 3692.56 0
vn 0.402739 0 -0.915315
vt 3706.37 0
v -81.9431 7.26203 -47.5196
vt 3706.37 285.907
vt 3692.56 285.907
f 4142/12974/2141 4141/12975/2141 4150/12976/2141 4149/12977/2141 

vt -1065.71 0
vt -1013.13 285.907
vt -1065.71 285.907
f 4141/12978/25 41/132/25 4145/12979/25 4150/12980/25 

vt -3013.17 1974.41
vt -3213.47 1865.29
vt -3226.11 1870.85
f 4145/148/20 4144/147/20 4146/12981/20 4147/12907/20 4148/12906/20 4149/12982/20 4150/12983/20 

g Mesh332 G_33_999347959548444 Model

f 43/115/1 42/114/1 4143/12953/1 4120/12877/1 4119/12876/1 2109/6614/1 2108/6613/1 4073/12732/1 

vt -3535.29 0
vn -0.386818 0 0.922156
vt -3307.26 0
v -73.1963 7.97236 -42.6711
vt -3307.26 313.872
v -78.5375 7.97236 -44.9116
vt -3535.29 313.872
f 42/12984/2142 43/12985/2142 4151/12986/2142 4152/12987/2142 

vt -3276.58 0
vn -0.33282 0 0.94299
vt -3258.36 0
v -72.7597 7.97236 -42.517
vt -3258.36 313.872
vt -3276.58 313.872
f 43/12988/2143 4073/12989/2143 4153/12990/2143 4151/12991/2143 

vt 448.853 0
vn 0.923715 0 0.383079
vt 776.1 0
v -69.5755 7.97236 -50.195
vt 776.1 313.872
vt 448.853 313.872
f 4073/12992/2144 2108/12993/2144 4154/12994/2144 4153/12995/2144 

vt 751.025 0
v -69.4916 7.97236 -50.393
vt 759.494 313.872
vt 751.025 313.872
f 2108/12996/2128 2109/12918/2128 4155/12997/2128 4154/12998/2128 

vt 3283.34 0
vn 0.378575 0 -0.925571
vt 3686.69 0
v -78.974 7.97236 -54.2715
vt 3686.69 313.872
vt 3283.34 313.872
f 2109/12999/2145 4119/13000/2145 4156/13001/2145 4155/13002/2145 

vt -848.08 0
v -80.0549 7.97236 -51.5283
vt -731.998 313.872
vt -848.08 313.872
f 4119/13003/2139 4120/12966/2139 4157/13004/2139 4156/13005/2139 

vt -3674.44 0
vn -0.364561 0 0.93118
vt -3525.6 0
v -76.5345 7.97236 -50.1501
vt -3525.6 313.872
vt -3674.44 313.872
f 4120/13006/2146 4143/13007/2146 4158/13008/2146 4157/13009/2146 

vt -768.087 0
vt -547.286 0
vt -547.286 313.872
vt -768.087 313.872
f 4143/13010/658 42/13011/658 4152/13012/658 4158/13013/658 

f 4152/147/20 4151/146/20 4153/12768/20 4154/6640/20 4155/6639/20 4156/12908/20 4157/12907/20 4158/12981/20 

g Mesh333 G_26_625413326661736 Model

v -48.368 0 -31.0851
vt 1904.25 1223.82
v -47.427 0 -33.2674
vt 1867.2 1309.74
v -37.5478 0 -28.596
vt 1478.26 1125.82
v -38.5596 0 -26.0907
vt 1518.09 1027.19
v -41.5265 0 -27.6015
vt 1634.9 1086.67
f 4159/13014/1 4160/13015/1 4161/13016/1 4162/13017/1 4163/13018/1 

vt -463.375 0
vt -369.809 0
v -48.368 4.33099 -31.0851
vt -369.809 170.511
v -47.427 4.33099 -33.2674
vt -463.375 170.511
f 4160/13019/1070 4159/13020/1070 4164/13021/1070 4165/13022/1070 

vt -2252.24 0
vn -0.453753 0 0.891128
vt -1949.99 0
v -41.5265 4.33099 -27.6015
vt -1949.99 170.511
vt -2252.24 170.511
f 4159/13023/2147 4163/13024/2147 4166/13025/2147 4164/13026/2147 

vt -1818.91 0
v -38.5596 4.33099 -26.0907
vt -1818.91 170.511
f 4163/13024/2147 4162/13027/2147 4167/13028/2147 4166/13025/2147 

vt 383.988 0
vn 0.927242 0 0.374463
vt 490.358 0
v -37.5478 4.33099 -28.596
vt 490.358 170.511
vt 383.988 170.511
f 4162/13029/2148 4161/13030/2148 4168/13031/2148 4167/13032/2148 

vt 1817.65 0
vn 0.42748 0 -0.904025
vt 2247.89 0
vt 2247.89 170.511
vt 1817.65 170.511
f 4161/13033/2149 4160/13034/2149 4165/13035/2149 4168/13036/2149 

vt -1867.2 1309.74
vt -1904.25 1223.82
vt -1634.9 1086.67
vt -1518.09 1027.19
vt -1478.26 1125.82
f 4165/13037/20 4164/13038/20 4166/13039/20 4167/13040/20 4168/13041/20 

g Mesh334 G_23_94247694280681 Model

v -44.7473 0 -39.4821
vt 1761.7 1554.41
v -35.7597 0 -33.0238
vt 1407.86 1300.15
f 4161/13016/1 4160/13015/1 4169/13042/1 4170/13043/1 

vt -2247.89 0
vn -0.42748 0 0.904025
vt -1817.65 0
v -37.5478 3.98344 -28.596
vt -1817.65 156.828
v -47.427 3.98344 -33.2674
vt -2247.89 156.828
f 4160/13044/2150 4161/13045/2150 4171/13046/2150 4172/13047/2150 

vt 490.357 0
vt 678.363 0
v -35.7597 3.98344 -33.0238
vt 678.363 156.828
vt 490.357 156.828
f 4161/13048/2148 4170/13049/2148 4173/13050/2148 4171/13051/2148 

vt 1901.99 0
vn 0.58354 0 -0.812084
vt 2337.71 0
v -44.7473 3.98344 -39.4821
vt 2337.71 156.828
vt 1901.99 156.828
f 4170/13052/2151 4169/13053/2151 4174/13054/2151 4173/13055/2151 

vt -729.823 0
vt -463.375 156.828
vt -729.823 156.828
f 4169/13056/1070 4160/13019/1070 4172/13057/1070 4174/13058/1070 

vt -1407.86 1300.15
vt -1761.7 1554.41
f 4172/13037/20 4171/13041/20 4173/13059/20 4174/13060/20 

g Mesh335 G_36_54012446899842 Model

v -46.2399 0 -17.1527
vt 1820.47 675.303
v -53.4664 0 -20.4251
vt 2104.98 804.137
v -49.1769 0 -30.6742
vt 1936.1 1207.65
f 4163/13018/1 4175/13061/1 4176/13062/1 4177/13063/1 4159/13014/1 

vt -132.994 0
vn 0.911548 0 0.411194
vt 318.292 0
v -41.5265 4.42986 -27.6015
vt 318.292 174.404
v -46.2399 4.42986 -17.1527
vt -132.994 174.404
f 4175/13064/2152 4163/13065/2152 4178/13066/2152 4179/13067/2152 

vt 1949.99 0
vn 0.453753 0 -0.891128
vt 2252.24 0
v -48.368 4.42986 -31.0851
vt 2252.24 174.404
vt 1949.99 174.404
f 4163/13068/2153 4159/13069/2153 4180/13070/2153 4178/13071/2153 

vt 1143.56 0
vn -0.452865 0 -0.891579
vt 1179.28 0
v -49.1769 4.42986 -30.6742
vt 1179.28 174.404
vt 1143.56 174.404
f 4159/13072/2154 4177/13073/2154 4181/13074/2154 4180/13075/2154 

vt -366.537 0
vn -0.922468 0 -0.386075
vt 70.8873 0
v -53.4664 4.42986 -20.4251
vt 70.8873 174.404
vt -366.537 174.404
f 4177/13076/2155 4176/13077/2155 4182/13078/2155 4181/13079/2155 

vt -2249.25 0
vn -0.412508 0 0.910954
vt -1936.93 0
vt -1936.93 174.404
vt -2249.25 174.404
f 4176/13080/2156 4175/13081/2156 4179/13082/2156 4182/13083/2156 

vt -1820.47 675.303
vt -1936.1 1207.65
vt -2104.98 804.137
f 4179/13084/20 4178/13039/20 4180/13038/20 4181/13085/20 4182/13086/20 

g Mesh336 G_33_35846199335468 Model

v -38.9952 0 -25.012
vt 1535.24 984.726
v -39.9742 0 -25.2672
vt 1573.79 994.772
v -44.1238 0 -16.2167
vt 1737.16 638.455
f 4175/13061/1 4163/13018/1 4162/13017/1 4183/13087/1 4184/13088/1 4185/13089/1 

vt -318.292 0
vn -0.911548 0 -0.411194
vt 132.994 0
v -46.2399 3.47936 -17.1527
vt 132.994 136.983
v -41.5265 3.47936 -27.6015
vt -318.292 136.983
f 4163/13090/2157 4175/13091/2157 4186/13092/2157 4187/13093/2157 

vt -1938.05 0
vn -0.404506 0 0.914535
vt -1846.95 0
v -44.1238 3.47936 -16.2167
vt -1846.95 136.983
vt -1938.05 136.983
f 4175/13094/2158 4185/13095/2158 4188/13096/2158 4186/13097/2158 

vt -143.646 0
vt 248.339 0
v -39.9742 3.47936 -25.2672
vt 248.339 136.983
vt -143.646 136.983
f 4185/13098/1072 4184/13099/1072 4189/13100/1072 4188/13101/1072 

vt -1773.81 0
vn -0.252228 0 0.967668
vt -1733.98 0
v -38.9952 3.47936 -25.012
vt -1733.98 136.983
vt -1773.81 136.983
f 4184/13102/2159 4183/13103/2159 4190/13104/2159 4189/13105/2159 

vt 338.187 0
v -38.5596 3.47936 -26.0907
vt 383.988 136.983
vt 338.187 136.983
f 4183/13106/2148 4162/13029/2148 4191/13107/2148 4190/13108/2148 

vt 1818.91 0
vt 1949.99 136.983
vt 1818.91 136.983
f 4162/13109/2153 4163/13068/2153 4187/13110/2153 4191/13111/2153 

vt -1737.16 638.455
vt -1573.79 994.772
vt -1535.24 984.726
f 4187/13039/20 4186/13084/20 4188/13112/20 4189/13113/20 4190/13114/20 4191/13040/20 

g Mesh337 G_33_029059305293856 Model

v -54.9298 0 -16.9284
vt 2162.59 666.471
f 4192/13115/1 4176/13062/1 4175/13061/1 4185/13089/1 2005/6297/1 2004/6296/1 

vt 70.887 0
vt 220.124 0
v -54.9298 3.68118 -16.9284
vt 220.124 144.928
v -53.4664 3.68118 -20.4251
vt 70.887 144.928
f 4176/13116/1066 4192/13117/1066 4193/13118/1066 4194/13119/1066 

vt -2247.03 0
vn -0.405647 0 0.91403
vt -2116.28 0
v -51.8943 3.68118 -15.5812
vt -2116.28 144.928
vt -2247.03 144.928
f 4192/13120/2160 2004/13121/2160 4195/13122/2160 4193/13123/2160 

vt -1848.6 0
v -45.6798 3.68118 -12.8232
vt -1848.6 144.928
f 2004/13121/2160 2005/13124/2160 4196/13125/2160 4195/13122/2160 

v -44.1238 3.68118 -16.2167
vt -143.646 144.928
vt -290.625 144.928
f 2005/6348/1072 4185/13098/1072 4197/13126/1072 4196/13127/1072 

vt 1846.95 0
vn 0.404506 0 -0.914535
vt 1938.05 0
v -46.2399 3.68118 -17.1527
vt 1938.05 144.928
vt 1846.95 144.928
f 4185/13128/2161 4175/13129/2161 4198/13130/2161 4197/13131/2161 

vt 1936.93 0
vn 0.412508 0 -0.910954
vt 2249.25 0
vt 2249.25 144.928
vt 1936.93 144.928
f 4175/13132/2162 4176/13133/2162 4194/13134/2162 4198/13135/2162 

vt -2162.59 666.471
f 4194/13086/20 4193/13136/20 4195/6352/20 4196/6351/20 4197/13112/20 4198/13084/20 

g Mesh338 G_51_40513631531382 Model

f 2013/6305/1 4192/13115/1 2004/6296/1 2014/6306/1 

v -55.7535 1.91814 -14.9603
vt 304.12 75.5174
v -54.9298 1.91814 -16.9284
vt 220.124 75.5174
f 4192/13117/1066 2013/6319/1066 4199/13137/1066 4200/13138/1066 

vt -2245.94 0
vn -0.403799 0 0.914848
vt -2111.69 0
v -52.6339 1.91814 -13.5833
vt -2111.69 75.5174
vt -2245.94 75.5174
f 2013/13139/2163 2014/13140/2163 4201/13141/2163 4199/13142/2163 

vt -217.839 0
vn 0.937811 0 0.347147
vt -133.966 0
v -51.8943 1.91814 -15.5812
vt -133.966 75.5174
vt -217.839 75.5174
f 2014/13143/2164 2004/13144/2164 4202/13145/2164 4201/13146/2164 

vt 2247.03 0
vt 2247.03 75.5174
vt 2116.28 75.5174
f 2004/6308/1063 4192/13147/1063 4200/13148/1063 4202/13149/1063 

f 4200/13136/20 4199/6354/20 4201/6353/20 4202/6352/20 

g Mesh339 G_36_938173348838696 Model

v -60.1931 0 -30.8026
vt 2369.81 1212.7
v -59.7951 0 -30.5715
vt 2354.14 1203.6
f 4203/13150/1 4085/12769/1 2097/6570/1 2096/6569/1 2095/6568/1 2094/6567/1 4204/13151/1 

vt -2930.82 0
vn -0.399342 0 0.916802
vt -2656.93 0
v -60.1931 5.42857 -30.8026
vt -2656.93 213.723
v -66.5711 5.42857 -33.5808
vt -2930.82 213.723
f 4085/13152/2165 4203/13153/2165 4205/13154/2165 4206/13155/2165 

vt -2658.32 0
vn -0.502136 0 0.864789
vt -2640.2 0
v -59.7951 5.42857 -30.5715
vt -2640.2 213.723
vt -2658.32 213.723
f 4203/13156/2166 4204/13157/2166 4207/13158/2166 4205/13159/2166 

vt 137.224 0
vn 0.912803 0 0.408399
vt 615.74 0
v -54.8313 5.42857 -41.666
vt 615.74 213.723
vt 137.224 213.723
f 4204/13160/2167 2094/13161/2167 4208/13162/2167 4207/13163/2167 

vt 2649.28 0
vn 0.421928 0 -0.906629
vt 2917.38 0
v -61.0052 5.42857 -44.5392
vt 2917.38 213.723
vt 2649.28 213.723
f 2094/13164/2168 2095/13165/2168 4209/13166/2168 4208/13167/2168 

vt -517.354 0
vn -0.897921 0 -0.440157
vt -488.644 0
v -61.3262 5.42857 -43.8844
vt -488.644 213.723
vt -517.354 213.723
f 2095/13168/2169 2096/13169/2169 4210/13170/2169 4209/13171/2169 

vt 2916.21 0
v -61.7492 5.42857 -44.0796
vt 2934.55 213.723
vt 2916.21 213.723
f 2096/13172/2108 2097/12781/2108 4211/13173/2108 4210/13174/2108 

vt -562.395 0
vn -0.908738 0 -0.417366
vt -107.543 0
vt -107.543 213.723
vt -562.395 213.723
f 2097/13175/2170 4085/13176/2170 4206/13177/2170 4211/13178/2170 

vt -2369.81 1212.7
vt -2354.14 1203.6
f 4206/12804/20 4205/13179/20 4207/13180/20 4208/6610/20 4209/6609/20 4210/6608/20 4211/6607/20 

g Mesh340 G_35_52630050677607 Model

v -63.9679 0 -22.9449
vt 2518.42 903.342
f 4085/12769/1 4203/13150/1 4212/13181/1 2132/6676/1 2131/6675/1 2130/6674/1 2129/6673/1 1803/5686/1 1802/5685/1 

vt 2656.93 0
vn 0.399342 0 -0.916802
vt 2930.82 0
v -66.5711 4.13736 -33.5808
vt 2930.82 162.888
v -60.1931 4.13736 -30.8026
vt 2656.93 162.888
f 4203/13182/2171 4085/13183/2171 4213/13184/2171 4214/13185/2171 

vt 20.3417 0
vt 216.8 0
v -68.8493 4.13736 -29.1411
vt 216.8 162.888
vt 20.3417 162.888
f 4085/13186/1660 1802/13187/1660 4215/13188/1660 4213/13189/1660 

vt 262.333 0
v -69.3774 4.13736 -28.1122
vt 262.333 162.888
f 1802/13187/1660 1803/13190/1660 4216/13191/1660 4215/13188/1660 

vt 279.423 0
v -69.5755 4.13736 -27.726
vt 279.423 162.888
f 1803/13190/1660 2129/13192/1660 4217/13193/1660 4216/13191/1660 

vt -2944.91 0
vn -0.416655 0 0.909065
vt -2918.22 0
v -68.9592 4.13736 -27.4435
vt -2918.22 162.888
vt -2944.91 162.888
f 2129/13194/2172 2130/13195/2172 4218/13196/2172 4217/13197/2172 

vt 470.34 0
vn -0.857493 0 -0.514496
vt 552.869 0
v -70.0378 4.13736 -25.646
vt 552.869 162.888
vt 470.34 162.888
f 2130/13198/2173 2131/13199/2173 4219/13200/2173 4218/13201/2173 

vt -2927.91 0
vn -0.414377 0 0.910105
vt -2903.05 0
v -69.4632 4.13736 -25.3844
vt -2903.05 162.888
vt -2927.91 162.888
f 2131/13202/2174 2132/13203/2174 4220/13204/2174 4219/13205/2174 

vt -2905.04 0
vn -0.405742 0 0.913988
vt -2668.33 0
v -63.9679 4.13736 -22.9449
vt -2668.33 162.888
vt -2905.04 162.888
f 2132/13206/2175 4212/13207/2175 4221/13208/2175 4220/13209/2175 

vt -276.264 0
vn 0.901385 0 0.433018
vt 66.941 0
vt 66.941 162.888
vt -276.264 162.888
f 4212/13210/2176 4203/13211/2176 4214/13212/2176 4221/13213/2176 

vt -2518.42 903.342
f 4214/13179/20 4213/12804/20 4215/5702/20 4216/5701/20 4217/6717/20 4218/6716/20 4219/6715/20 4220/6714/20 4221/13214/20 

g Mesh341 G_42_639995774707074 Model

v -112.957 0 37.2641
vt 4447.12 -1467.09
v -112.777 0 35.5949
vt 4440.04 -1401.38
v -105.728 0 45.3658
vt 4162.53 -1786.05
v -110.068 0 44.7109
vt 4333.38 -1760.27
v -109.381 0 37.8659
vt 4306.34 -1490.78
f 4222/13215/1 4223/13216/1 2027/6363/1 2026/6362/1 1827/5758/1 1826/5757/1 4224/13217/1 4225/13218/1 4226/13219/1 

vt 1868.73 0
vn -0.994251 0 -0.107073
vt 1934.82 0
v -112.957 2.704 37.2641
vt 1934.82 106.457
v -112.777 2.704 35.5949
vt 1868.73 106.457
f 4223/13220/2177 4222/13221/2177 4227/13222/2177 4228/13223/2177 

vt -4141.93 0
vn -0.165978 0 0.986129
vt -3999.17 0
v -109.381 2.704 37.8659
vt -3999.17 106.457
vt -4141.93 106.457
f 4222/13224/2178 4226/13225/2178 4229/13226/2178 4227/13227/2178 

vt 1913.32 0
vn -0.995002 0 -0.0998502
vt 2184.17 0
v -110.068 2.704 44.7109
vt 2184.17 106.457
vt 1913.32 106.457
f 4226/13228/2179 4225/13229/2179 4230/13230/2179 4229/13231/2179 

vt -4022.25 0
vn -0.149199 0 0.988807
vt -3849.46 0
v -105.728 2.704 45.3658
vt -3849.46 106.457
vt -4022.25 106.457
f 4225/13232/2180 4224/13233/2180 4231/13234/2180 4230/13235/2180 

vt 2237.89 0
v -105.833 2.704 46.3008
vt 2274.93 106.457
vt 2237.89 106.457
f 4224/13236/977 1826/5765/977 4232/13237/977 4231/13238/977 

vt -3996.62 0
vn -0.0850006 0 0.996381
vt -3906.33 0
v -103.548 2.704 46.4957
vt -3906.33 106.457
vt -3996.62 106.457
f 1826/13239/2181 1827/13240/2181 4233/13241/2181 4232/13242/2181 

vt -1872.04 0
v -102.448 2.704 36.5306
vt -1872.04 106.457
vt -2266.75 106.457
f 1827/5774/979 2026/13243/979 4234/13244/979 4233/13245/979 

vt 3795.92 0
vn 0.138196 0 -0.990405
vt 3971.49 0
v -106.864 2.704 35.9143
vt 3971.49 106.457
vt 3795.92 106.457
f 2026/13246/2182 2027/13247/2182 4235/13248/2182 4234/13249/2182 

vt 4124.87 0
vn 0.0539387 0 -0.998544
vt 4357.99 0
vt 4357.99 106.457
vt 4124.87 106.457
f 2027/13250/2183 4223/13251/2183 4228/13252/2183 4235/13253/2183 

vt -4440.04 -1401.38
vt -4447.12 -1467.09
vt -4306.34 -1490.78
vt -4333.38 -1760.27
vt -4162.53 -1786.05
f 4228/13254/20 4227/13255/20 4229/13256/20 4230/13257/20 4231/13258/20 4232/5778/20 4233/5777/20 4234/6445/20 4235/6444/20 

g Mesh342 G_30_46115185715993 Model

v -151.411 0 24.0298
vt 5961.06 -946.056
v -158.794 0 35.1103
vt 6251.72 -1382.29
v -158.408 0 30.9503
vt 6236.55 -1218.51
v -157.76 0 24.6541
vt 6211 -970.634
v -157.625 0 23.3509
vt 6205.72 -919.328
v -154.295 0 23.7148
vt 6074.6 -933.652
v -152.195 0 23.9441
vt 5991.94 -942.683
f 4236/13259/1 1109/3564/1 1122/3577/1 1121/3576/1 1120/3575/1 4237/13260/1 4238/13261/1 4239/13262/1 4240/13263/1 4241/13264/1 4242/13265/1 

vt -1267.39 0
vt -1252.71 0
v -151.411 4.30756 24.0298
vt -1252.71 169.589
v -151.43 4.30756 24.4022
vt -1267.39 169.589
f 1109/13266/2031 4236/13267/2031 4243/13268/2031 4244/13269/2031 

vt 5823.06 0
vn 0.1086 0 -0.994086
vt 5854.12 0
v -152.195 4.30756 23.9441
vt 5854.12 169.589
vt 5823.06 169.589
f 4236/13270/2184 4242/13271/2184 4245/13272/2184 4243/13273/2184 

vt 5937.27 0
v -154.295 4.30756 23.7148
vt 5937.27 169.589
f 4242/13271/2184 4241/13274/2184 4246/13275/2184 4245/13272/2184 

vt 6069.17 0
v -157.625 4.30756 23.3509
vt 6069.17 169.589
f 4241/13274/2184 4240/13276/2184 4247/13277/2184 4246/13275/2184 

vt 1550.69 0
vn -0.994731 0 -0.102519
vt 1602.27 0
v -157.76 4.30756 24.6541
vt 1602.27 169.589
vt 1550.69 169.589
f 4240/13278/2185 4239/13279/2185 4248/13280/2185 4247/13281/2185 

vt 1851.46 0
v -158.408 4.30756 30.9503
vt 1851.46 169.589
f 4239/13279/2185 4238/13282/2185 4249/13283/2185 4248/13280/2185 

vt 1788.32 0
vn -0.995741 0 -0.0921982
vt 1952.8 0
v -158.794 4.30756 35.1103
vt 1952.8 169.589
vt 1788.32 169.589
f 4238/13284/2186 4237/13285/2186 4250/13286/2186 4249/13287/2186 

vt -6088.07 0
vn -0.0970398 0 0.995281
v -141.231 4.30756 36.8226
vt -5393.36 169.589
vt -6088.07 169.589
f 4237/13288/2187 1120/3594/2187 4251/13289/2187 4250/13290/2187 

vt -1903.8 0
vn 0.996586 0 0.0825574
vt -1602.9 0
v -140.6 4.30756 29.2057
vt -1602.9 169.589
vt -1903.8 169.589
f 1120/13291/2188 1121/13292/2188 4252/13293/2188 4251/13294/2188 

vt 5372.39 0
vn 0.111682 0 -0.993744
vt 5815.95 0
v -151.796 4.30756 27.9475
vt 5815.95 169.589
vt 5372.39 169.589
f 1121/13295/2189 1122/13296/2189 4253/13297/2189 4252/13298/2189 

vt -1708.05 0
vn 0.994716 0 0.102669
vt -1567.73 0
vt -1567.73 169.589
vt -1708.05 169.589
f 1122/13299/2190 1109/13300/2190 4244/13301/2190 4253/13302/2190 

vt -5961.06 -946.056
vt -5991.94 -942.683
vt -6074.6 -933.652
vt -6205.72 -919.328
vt -6211 -970.634
vt -6236.55 -1218.51
vt -6251.72 -1382.29
f 4244/3635/20 4243/13303/20 4245/13304/20 4246/13305/20 4247/13306/20 4248/13307/20 4249/13308/20 4250/13309/20 4251/3638/20 4252/3637/20 4253/3636/20 

g Mesh343 G_45_713038170887835 Model

v -141.729 0 25.4244
vt 5579.87 -1000.96
v -147.975 0 16.8006
vt 5825.79 -661.44
v -140.446 0 17.809
vt 5529.39 -701.142
v -141.437 0 23.6899
vt 5568.37 -932.672
f 4254/13310/1 4236/13259/1 4242/13265/1 2155/6752/1 2166/6763/1 2165/6762/1 4255/13311/1 4256/13312/1 4257/13313/1 

vt -5765.3 0
vn -0.142562 0 0.989786
vt -5380.18 0
v -141.729 5.43812 25.4244
vt -5380.18 214.099
v -151.411 5.43812 24.0298
vt -5765.3 214.099
f 4236/13314/2191 4254/13315/2191 4258/13316/2191 4259/13317/2191 

vt -1913.5 0
vn 0.986121 0 0.166031
vt -1844.25 0
v -141.437 5.43812 23.6899
vt -1844.25 214.099
vt -1913.5 214.099
f 4254/13318/2192 4257/13319/2192 4260/13320/2192 4258/13321/2192 

vt -1609.46 0
v -140.446 5.43812 17.809
vt -1609.46 214.099
f 4257/13319/2192 4256/13322/2192 4261/13323/2192 4260/13320/2192 

vt 5387.36 0
vn 0.132761 0 -0.991148
vt 5686.41 0
v -147.975 5.43812 16.8006
vt 5686.41 214.099
vt 5387.36 214.099
f 4256/13324/2193 4255/13325/2193 4262/13326/2193 4261/13327/2193 

vt 5773.98 0
v -150.18 5.43812 16.5053
vt 5773.98 214.099
f 4255/13325/2193 2165/13328/2193 4263/13329/2193 4262/13326/2193 

vt 5807.58 0
v -151.026 5.43812 16.392
vt 5807.58 214.099
f 2165/13328/2193 2166/13330/2193 4264/13331/2193 4263/13329/2193 

vt 1547.61 0
vn -0.988223 0 -0.153023
vt 1753.1 0
v -151.824 5.43812 21.5499
vt 1753.1 214.099
vt 1547.61 214.099
f 2166/13332/2194 2155/13333/2194 4265/13334/2194 4264/13335/2194 

vt 1848.48 0
v -152.195 5.43812 23.9441
vt 1848.48 214.099
f 2155/13333/2194 4242/13336/2194 4266/13337/2194 4265/13334/2194 

vt -5854.12 0
vn -0.1086 0 0.994086
vt -5823.06 0
vt -5823.06 214.099
vt -5854.12 214.099
f 4242/13338/2195 4236/13339/2195 4259/13340/2195 4266/13341/2195 

vt -5579.87 -1000.96
vt -5568.37 -932.672
vt -5529.39 -701.142
vt -5825.79 -661.44
f 4259/13303/20 4258/13342/20 4260/13343/20 4261/13344/20 4262/13345/20 4263/6813/20 4264/6812/20 4265/6811/20 4266/13304/20 

g Mesh344 G_41_81166437957426 Model

v -137.594 0 18.191
vt 5417.1 -716.183
v -138.597 0 24.1069
vt 5456.58 -949.089
f 4267/13346/1 4268/13347/1 4257/13313/1 4256/13312/1 

vt -1847.64 0
vn 0.985937 0 0.167119
vt -1611.41 0
v -137.594 5.02981 18.191
vt -1611.41 198.024
v -138.597 5.02981 24.1069
vt -1847.64 198.024
f 4268/13348/2196 4267/13349/2196 4269/13350/2196 4270/13351/2196 

vt 5274.07 0
v -140.446 5.02981 17.809
vt 5387.36 198.024
vt 5274.07 198.024
f 4267/13352/2193 4256/13324/2193 4271/13353/2193 4269/13354/2193 

vt 1609.46 0
vn -0.986121 0 -0.166031
vt 1844.25 0
v -141.437 5.02981 23.6899
vt 1844.25 198.024
vt 1609.46 198.024
f 4256/13355/2197 4257/13356/2197 4272/13357/2197 4271/13358/2197 

vt -5373.77 0
vn -0.145296 0 0.989388
vt -5260.78 0
vt -5260.78 198.024
vt -5373.77 198.024
f 4257/13359/2198 4268/13360/2198 4270/13361/2198 4272/13362/2198 

vt -5456.58 -949.089
vt -5417.1 -716.183
f 4270/13363/20 4269/13364/20 4271/13344/20 4272/13343/20 

g Mesh345 G_54_63439020337593 Model

v -134.742 0 18.5731
vt 5304.82 -731.223
v -135.567 0 24.4664
vt 5337.29 -963.242
f 4268/13347/1 4267/13346/1 4273/13365/1 4274/13366/1 

vt 1611.41 0
vn -0.985937 0 -0.167119
vt 1847.64 0
v -138.597 3.60061 24.1069
vt 1847.64 141.756
v -137.594 3.60061 18.191
vt 1611.41 141.756
f 4267/13367/2199 4268/13368/2199 4275/13369/2199 4276/13370/2199 

vt -5306.76 0
vn -0.117818 0 0.993035
vt -5186.63 0
v -135.567 3.60061 24.4664
vt -5186.63 141.756
vt -5306.76 141.756
f 4268/13371/2200 4274/13372/2200 4277/13373/2200 4275/13374/2200 

vt -1693.6 0
vn 0.990351 0 0.138582
vt -1459.32 0
v -134.742 3.60061 18.5731
vt -1459.32 141.756
vt -1693.6 141.756
f 4274/13375/2201 4273/13376/2201 4278/13377/2201 4277/13378/2201 

vt 5160.78 0
vt 5274.07 141.756
vt 5160.78 141.756
f 4273/13379/2193 4267/13352/2193 4276/13380/2193 4278/13381/2193 

vt -5337.29 -963.242
vt -5304.82 -731.223
f 4276/13364/20 4275/13363/20 4277/13382/20 4278/13383/20 

g Mesh346 G_28_219670504704784 Model

v -138.931 0 25.8273
vt 5469.72 -1016.82
f 4257/13313/1 4268/13347/1 4279/13384/1 4254/13310/1 

vt 5260.78 0
vn 0.145296 0 -0.989388
vt 5373.77 0
v -141.437 4.03365 23.6899
vt 5373.77 158.805
v -138.597 4.03365 24.1069
vt 5260.78 158.805
f 4268/13385/2202 4257/13386/2202 4280/13387/2202 4281/13388/2202 

vt 1913.5 0
v -141.729 4.03365 25.4244
vt 1913.5 158.805
vt 1844.25 158.805
f 4257/13356/2197 4254/13389/2197 4282/13390/2197 4280/13391/2197 

vt -5268.9 0
v -138.931 4.03365 25.8273
vt -5268.9 158.805
vt -5380.18 158.805
f 4254/13315/2191 4279/13392/2191 4283/13393/2191 4282/13394/2191 

vt -2040.07 0
vn 0.981692 0 0.190477
vt -1971.07 0
vt -1971.07 158.805
vt -2040.07 158.805
f 4279/13395/2203 4268/13396/2203 4281/13397/2203 4283/13398/2203 

vt -5469.72 -1016.82
f 4281/13363/20 4280/13343/20 4282/13342/20 4283/13399/20 

g Mesh347 G_34_27938310148074 Model

v -135.409 0 -2.47077
vt 5331.07 97.2745
v -149.004 0 -4.23975
vt 5866.31 166.919
v -148.117 0 -11.283
vt 5831.4 444.211
v -134.655 0 -10.0214
vt 5301.37 394.545
f 4284/13400/1 4285/13401/1 4286/13402/1 4287/13403/1 

vt -5838.81 0
vn -0.129029 0 0.991641
vt -5299.05 0
v -135.409 4.96039 -2.47077
vt -5299.05 195.291
v -149.004 4.96039 -4.23975
vt -5838.81 195.291
f 4285/13404/2204 4284/13405/2204 4288/13406/2204 4289/13407/2204 

vt -433.132 0
vn 0.995047 0 0.0994032
vt -134.383 0
v -134.655 4.96039 -10.0214
vt -134.383 195.291
vt -433.132 195.291
f 4284/13408/2205 4287/13409/2205 4290/13410/2205 4288/13411/2205 

vt 5315.06 0
vn 0.0932966 0 -0.995638
vt 5847.4 0
v -148.117 4.96039 -11.283
vt 5847.4 195.291
vt 5315.06 195.291
f 4287/13412/2206 4286/13413/2206 4291/13414/2206 4290/13415/2206 

vt 287.848 0
vn -0.992164 0 -0.124941
vt 567.33 0
vt 567.33 195.291
vt 287.848 195.291
f 4286/13416/2207 4285/13417/2207 4289/13418/2207 4291/13419/2207 

vt -5866.31 166.919
vt -5331.07 97.2745
vt -5301.37 394.545
vt -5831.4 444.211
f 4289/13420/20 4288/13421/20 4290/13422/20 4291/13423/20 

g Mesh348 G_32_96485949640165 Model

v -151 0 -4.49942
vt 5944.88 177.143
v -151.154 0 -3.75473
vt 5950.95 147.824
v -156.752 0 -4.55078
vt 6171.34 179.164
v -156.444 0 -6.8362
vt 6159.21 269.142
v -151.334 0 -6.16855
vt 5958.03 242.856
v -150.538 0 -11.5098
vt 5926.69 453.14
f 4286/13402/1 4285/13401/1 4292/13424/1 4293/13425/1 4294/13426/1 4295/13427/1 4296/13428/1 4297/13429/1 

vt -567.33 0
vn 0.992164 0 0.124941
vt -287.848 0
v -148.117 3.31265 -11.283
vt -287.848 130.419
v -149.004 3.31265 -4.23975
vt -567.33 130.419
f 4285/13430/2208 4286/13431/2208 4298/13432/2208 4299/13433/2208 

vt 5943.11 0
v -150.538 3.31265 -11.5098
vt 5943.11 130.419
vt 5847.4 130.419
f 4286/13413/2206 4297/13434/2206 4300/13435/2206 4298/13436/2206 

vt 425.465 0
vn -0.989075 0 -0.14741
vt 638.071 0
v -151.334 3.31265 -6.16855
vt 638.071 130.419
vt 425.465 130.419
f 4297/13437/2209 4296/13438/2209 4301/13439/2209 4300/13440/2209 

vt 5939.28 0
vn 0.129552 0 -0.991573
vt 6142.17 0
v -156.444 3.31265 -6.8362
vt 6142.17 130.419
vt 5939.28 130.419
f 4296/13441/2210 4295/13442/2210 4302/13443/2210 4301/13444/2210 

vt 556.28 0
vn -0.991032 0 -0.133622
vt 647.072 0
v -156.752 3.31265 -4.55078
vt 647.072 130.419
vt 556.28 130.419
f 4295/13445/2211 4294/13446/2211 4303/13447/2211 4302/13448/2211 

vt -6135.1 0
vn -0.140786 0 0.99004
vt -5912.49 0
v -151.154 3.31265 -3.75473
vt -5912.49 130.419
vt -6135.1 130.419
f 4294/13449/2212 4293/13450/2212 4304/13451/2212 4303/13452/2212 

vt -1060.94 0
vn 0.97926 0 0.202606
vt -1031 0
v -151 3.31265 -4.49942
vt -1031 130.419
vt -1060.94 130.419
f 4293/13453/2213 4292/13454/2213 4305/13455/2213 4304/13456/2213 

vt -5918.05 0
vt -5838.81 130.419
vt -5918.05 130.419
f 4292/13457/2204 4285/13404/2204 4299/13458/2204 4305/13459/2204 

vt -5926.69 453.14
vt -5958.03 242.856
vt -6159.21 269.142
vt -6171.34 179.164
vt -5950.95 147.824
vt -5944.88 177.143
f 4299/13420/20 4298/13423/20 4300/13460/20 4301/13461/20 4302/13462/20 4303/13463/20 4304/13464/20 4305/13465/20 

g Mesh349 G_11_693624541991039 Model

v -76.8074 0 -34.4747
vt 3023.91 1357.27
v -81.3268 0 -35.6046
vt 3201.84 1401.75
v -80.6592 0 -37.4278
vt 3175.56 1473.53
v -83.2527 0 -38.4036
vt 3277.67 1511.95
f 39/111/1 38/110/1 4306/13466/1 4307/13467/1 4308/13468/1 4309/13469/1 

vt 3313.21 0
vn 0.371391 0 -0.928477
vt 3612.65 0
v -82.3283 2.74695 -41.2539
vt 3612.65 108.148
v -75.2666 2.74695 -38.4292
vt 3313.21 108.148
f 38/13470/2214 39/13471/2214 4310/13472/2214 4311/13473/2214 

vt -545 0
vn -0.951223 0 -0.308505
vt -427.027 0
v -83.2527 2.74695 -38.4036
vt -427.027 108.148
vt -545 108.148
f 39/13474/2215 4309/13475/2215 4312/13476/2215 4310/13477/2215 

vt -3600.14 0
vn -0.352139 0 0.935948
vt -3491.05 0
v -80.6592 2.74695 -37.4278
vt -3491.05 108.148
vt -3600.14 108.148
f 4309/13478/2216 4308/13479/2216 4313/13480/2216 4312/13481/2216 

vt -291.71 0
vn -0.939019 0 -0.343866
vt -215.269 0
v -81.3268 2.74695 -35.6046
vt -215.269 108.148
vt -291.71 108.148
f 4308/13482/2217 4307/13483/2217 4314/13484/2217 4313/13485/2217 

vt -3446.22 0
vn -0.242536 0 0.970143
vt -3262.81 0
v -76.8074 2.74695 -34.4747
vt -3262.81 108.148
vt -3446.22 108.148
f 4307/13486/2218 4306/13487/2218 4315/13488/2218 4314/13489/2218 

vt 166.904 0
vn 0.931777 0 0.36303
vt 333.994 0
vt 333.994 108.148
vt 166.904 108.148
f 4306/13490/2219 38/13491/2219 4311/13492/2219 4315/13493/2219 

vt -3277.67 1511.95
vt -3175.56 1473.53
vt -3201.84 1401.75
vt -3023.91 1357.27
f 4311/144/20 4310/150/20 4312/13494/20 4313/13495/20 4314/13496/20 4315/13497/20 

g Mesh350 G_39_74573693896081 Model

v -104.636 0 -32.6093
vt 4119.51 1283.83
v -104.958 0 -25.6749
vt 4132.2 1010.82
v -104.996 0 -24.9815
vt 4133.71 983.525
v -118.144 0 -26.0601
vt 4651.34 1025.99
v -118.08 0 -26.5608
vt 4648.81 1045.7
v -119.762 0 -26.5993
vt 4715.03 1047.22
v -119.662 0 -27.7356
vt 4711.11 1091.95
v -120.718 0 -27.7549
vt 4752.69 1092.71
v -120.654 0 -29.0516
vt 4750.16 1143.77
v -119.948 0 -29.0516
vt 4722.36 1143.77
v -119.813 0 -33.0575
vt 4717.05 1301.48
v -117.746 0 -32.9163
vt 4635.67 1295.92
v -117.682 0 -33.5519
vt 4633.14 1320.94
f 4316/13498/1 4317/13499/1 4318/13500/1 4319/13501/1 4320/13502/1 4321/13503/1 4322/13504/1 4323/13505/1 4324/13506/1 4325/13507/1 4326/13508/1 4327/13509/1 4328/13510/1 

vt 817.913 0
vn 0.998922 0 0.0464206
vt 1091.22 0
v -104.636 4.58701 -32.6093
vt 1091.22 180.591
v -104.958 4.58701 -25.6749
vt 817.913 180.591
f 4317/13511/2220 4316/13512/2220 4329/13513/2220 4330/13514/2220 

vt 4201.31 0
vn 0.0720592 0 -0.9974
vt 4716.28 0
v -117.682 4.58701 -33.5519
vt 4716.28 180.591
vt 4201.31 180.591
f 4316/13515/2221 4328/13516/2221 4331/13517/2221 4329/13518/2221 

vt -848.628 0
vn -0.994937 0 -0.100499
vt -823.478 0
v -117.746 4.58701 -32.9163
vt -823.478 180.591
vt -848.628 180.591
f 4328/13519/2222 4327/13520/2222 4332/13521/2222 4331/13522/2222 

vt 4713.22 0
vn 0.0681641 0 -0.997674
vt 4794.79 0
v -119.813 4.58701 -33.0575
vt 4794.79 180.591
vt 4713.22 180.591
f 4327/13523/2223 4326/13524/2223 4333/13525/2223 4332/13526/2223 

vt -1142.08 0
vn -0.999434 0 -0.0336348
vt -984.283 0
v -119.948 4.58701 -29.0516
vt -984.283 180.591
vt -1142.08 180.591
f 4326/13527/2224 4325/13528/2224 4334/13529/2224 4333/13530/2224 

vt 4722.36 0
vn -2.1439e-09 0 -1
vt 4750.16 0
v -120.654 4.58701 -29.0516
vt 4750.16 180.591
vt 4722.36 180.591
f 4325/13531/2225 4324/13532/2225 4335/13533/2225 4334/13534/2225 

vt -907.498 0
vn -0.998777 0 -0.0494444
vt -856.381 0
v -120.718 4.58701 -27.7549
vt -856.381 180.591
vt -907.498 180.591
f 4324/13535/2226 4323/13536/2226 4336/13537/2226 4335/13538/2226 

vt -4771.82 0
vn -0.018234 0 0.999834
vt -4730.24 0
v -119.662 4.58701 -27.7356
vt -4730.24 180.591
vt -4771.82 180.591
f 4323/13539/2227 4322/13540/2227 4337/13541/2227 4336/13542/2227 

vt -676.808 0
vn -0.996188 0 -0.0872368
vt -631.901 0
v -119.762 4.58701 -26.5993
vt -631.901 180.591
vt -676.808 180.591
f 4322/13543/2228 4321/13544/2228 4338/13545/2228 4337/13546/2228 

vt -4737.77 0
vn -0.0228948 0 0.999738
vt -4671.53 0
v -118.08 4.58701 -26.5608
vt -4671.53 180.591
vt -4737.77 180.591
f 4321/13547/2229 4320/13548/2229 4339/13549/2229 4338/13550/2229 

vt -446.048 0
vn -0.991882 0 -0.127164
vt -426.173 0
v -118.144 4.58701 -26.0601
vt -426.173 180.591
vt -446.048 180.591
f 4320/13551/2230 4319/13552/2230 4340/13553/2230 4339/13554/2230 

vt -4719.65 0
vn -0.0817566 0 0.996652
vt -4200.29 0
v -104.996 4.58701 -24.9815
vt -4200.29 180.591
vt -4719.65 180.591
f 4319/13555/2231 4318/13556/2231 4341/13557/2231 4340/13558/2231 

vt 752.714 0
vn 0.99846 0 0.05547
vt 780.052 0
vt 780.052 180.591
vt 752.714 180.591
f 4318/13559/2232 4317/13560/2232 4330/13561/2232 4341/13562/2232 

vt -4132.2 1010.82
vt -4119.51 1283.83
vt -4633.14 1320.94
vt -4635.67 1295.92
vt -4717.05 1301.48
vt -4722.36 1143.77
vt -4750.16 1143.77
vt -4752.69 1092.71
vt -4711.11 1091.95
vt -4715.03 1047.22
vt -4648.81 1045.7
vt -4651.34 1025.99
vt -4133.71 983.525
f 4330/13563/20 4329/13564/20 4331/13565/20 4332/13566/20 4333/13567/20 4334/13568/20 4335/13569/20 4336/13570/20 4337/13571/20 4338/13572/20 4339/13573/20 4340/13574/20 4341/13575/20 

g Mesh351 G_30_815283786887157 Model

v -97.5109 0 -32.0946
vt 3839.01 1263.57
v -98.23 0 -25.1099
vt 3867.32 988.58
f 4317/13499/1 4316/13498/1 4342/13576/1 4343/13577/1 

vt -1091.22 0
vn -0.998922 0 -0.0464206
vt -817.913 0
v -104.958 3.93947 -25.6749
vt -817.913 155.097
v -104.636 3.93947 -32.6093
vt -1091.22 155.097
f 4316/13578/2233 4317/13579/2233 4344/13580/2233 4345/13581/2233 

vt -4202.29 0
vn -0.083675 0 0.996493
vt -3936.48 0
v -98.23 3.93947 -25.1099
vt -3936.48 155.097
vt -4202.29 155.097
f 4317/13582/2234 4343/13583/2234 4346/13584/2234 4344/13585/2234 

vt 587.37 0
vn 0.994743 0 0.1024
vt 863.809 0
v -97.5109 3.93947 -32.0946
vt 863.809 155.097
vt 587.37 155.097
f 4343/13586/2235 4342/13587/2235 4347/13588/2235 4346/13589/2235 

vt 3920.09 0
vt 4201.31 155.097
vt 3920.09 155.097
f 4342/13590/2221 4316/13515/2221 4345/13591/2221 4347/13592/2221 

vt -3867.32 988.58
vt -3839.01 1263.57
f 4345/13564/20 4344/13563/20 4346/13593/20 4347/13594/20 

g Mesh352 G_32_116186796451146 Model

v -103.52 0 -35.1568
vt 4075.58 1384.13
v -102.916 0 -41.2619
vt 4051.82 1624.49
v -102.916 0 -42.2121
vt 4051.82 1661.89
v -95.7776 0 -41.3903
vt 3770.77 1629.54
v -95.829 0 -40.2862
vt 3772.79 1586.07
v -95.3924 0 -40.2541
vt 3755.61 1584.81
v -95.8161 0 -34.6946
vt 3772.29 1365.93
v -96.869 0 -34.823
vt 3813.74 1370.98
v -97.1514 0 -33.0383
vt 3824.86 1300.72
v -103.661 0 -33.6546
vt 4081.14 1324.98
f 4348/13595/1 4349/13596/1 4350/13597/1 4351/13598/1 4352/13599/1 4353/13600/1 4354/13601/1 4355/13602/1 4356/13603/1 4357/13604/1 

vt -1218.05 0
vn -0.995151 0 -0.098364
vt -976.523 0
v -103.52 4.28829 -35.1568
vt -976.523 168.83
v -102.916 4.28829 -41.2619
vt -1218.05 168.83
f 4349/13605/2236 4348/13606/2236 4358/13607/2236 4359/13608/2236 

vt -996.557 0
vn -0.995609 0 -0.0936043
vt -937.154 0
v -103.661 4.28829 -33.6546
vt -937.154 168.83
vt -996.557 168.83
f 4348/13609/2237 4357/13610/2237 4360/13611/2237 4358/13612/2237 

vt -4187.86 0
vn -0.0942531 0 0.995548
vt -3930.43 0
v -97.1514 4.28829 -33.0383
vt -3930.43 168.83
vt -4187.86 168.83
f 4357/13613/2238 4356/13614/2238 4361/13615/2238 4360/13616/2238 

vt 686.797 0
vn 0.987705 0 0.156327
vt 757.935 0
v -96.869 4.28829 -34.823
vt 757.935 168.83
vt 686.797 168.83
f 4356/13617/2239 4355/13618/2239 4362/13619/2239 4361/13620/2239 

vt -3951.66 0
vn -0.121054 0 0.992646
vt -3909.9 0
v -95.8161 4.28829 -34.6946
vt -3909.9 168.83
vt -3951.66 168.83
f 4355/13621/2240 4354/13622/2240 4363/13623/2240 4362/13624/2240 

vt 1075.31 0
vn 0.997108 0 0.0759921
vt 1294.83 0
v -95.3924 4.28829 -40.2541
vt 1294.83 168.83
vt 1075.31 168.83
f 4354/13625/2241 4353/13626/2241 4364/13627/2241 4363/13628/2241 

vt 3861.71 0
vn 0.0733314 0 -0.997308
vt 3878.95 0
v -95.829 4.28829 -40.2862
vt 3878.95 168.83
vt 3861.71 168.83
f 4353/13629/2242 4352/13630/2242 4365/13631/2242 4364/13632/2242 

vt 1409.07 0
vn 0.99892 0 0.0464614
vt 1452.59 0
v -95.7776 4.28829 -41.3903
vt 1452.59 168.83
vt 1409.07 168.83
f 4352/13633/2243 4351/13634/2243 4366/13635/2243 4365/13636/2243 

vt 3932.38 0
vn 0.114353 0 -0.99344
vt 4215.29 0
v -102.916 4.28829 -42.2121
vt 4215.29 168.83
vt 3932.38 168.83
f 4351/13637/2244 4350/13638/2244 4367/13639/2244 4366/13640/2244 

vt -1661.89 0
vn -1 0 -1.39426e-09
vt -1624.49 0
vt -1624.49 168.83
vt -1661.89 168.83
f 4350/13641/2245 4349/13642/2245 4359/13643/2245 4367/13644/2245 

vt -4051.82 1624.49
vt -4075.58 1384.13
vt -4081.14 1324.98
vt -3824.86 1300.72
vt -3813.74 1370.98
vt -3772.29 1365.93
vt -3755.61 1584.81
vt -3772.79 1586.07
vt -3770.77 1629.54
vt -4051.82 1661.89
f 4359/13645/20 4358/13646/20 4360/13647/20 4361/13648/20 4362/13649/20 4363/13650/20 4364/13651/20 4365/13652/20 4366/13653/20 4367/13654/20 

g Mesh353 G_37_95982947466907 Model

v -106.588 0 -35.4393
vt 4196.4 1395.25
v -106.486 0 -36.3252
vt 4192.35 1430.13
v -109.246 0 -36.6077
vt 4301.03 1441.25
v -109.336 0 -35.542
vt 4304.57 1399.29
v -113.997 0 -35.94
vt 4488.06 1414.96
v -113.522 0 -41.9039
vt 4469.36 1649.76
f 4349/13596/1 4348/13595/1 4368/13655/1 4369/13656/1 4370/13657/1 4371/13658/1 4372/13659/1 4373/13660/1 

vt 976.523 0
vn 0.995151 0 0.098364
vt 1218.05 0
v -102.916 3.92181 -41.2619
vt 1218.05 154.402
v -103.52 3.92181 -35.1568
vt 976.523 154.402
f 4348/13661/2246 4349/13662/2246 4374/13663/2246 4375/13664/2246 

vt 4142.58 0
vn 0.0604221 0 -0.998173
vt 4560.88 0
v -113.522 3.92181 -41.9039
vt 4560.88 154.402
vt 4142.58 154.402
f 4349/13665/2247 4373/13666/2247 4376/13667/2247 4374/13668/2247 

vt -1289.67 0
vn -0.996843 0 -0.079404
vt -1054.12 0
v -113.997 3.92181 -35.94
vt -1054.12 154.402
vt -1289.67 154.402
f 4373/13669/2248 4372/13670/2248 4377/13671/2248 4376/13672/2248 

vt -4592.18 0
vn -0.0850897 0 0.996373
vt -4408.02 0
v -109.336 3.92181 -35.542
vt -4408.02 154.402
vt -4592.18 154.402
f 4372/13673/2249 4371/13674/2249 4378/13675/2249 4377/13676/2249 

vt 1032.59 0
vn 0.996462 0 0.084039
vt 1074.69 0
v -109.246 3.92181 -36.6077
vt 1074.69 154.402
vt 1032.59 154.402
f 4371/13677/2250 4370/13678/2250 4379/13679/2250 4378/13680/2250 

vt -4425.4 0
vn -0.101794 0 0.994805
vt -4316.15 0
v -106.486 3.92181 -36.3252
vt -4316.15 154.402
vt -4425.4 154.402
f 4370/13681/2251 4369/13682/2251 4380/13683/2251 4379/13684/2251 

vt -937.774 0
vn -0.993346 0 -0.115171
vt -902.661 0
v -106.588 3.92181 -35.4393
vt -902.661 154.402
vt -937.774 154.402
f 4369/13685/2252 4368/13686/2252 4381/13687/2252 4380/13688/2252 

vt -4306.62 0
vn -0.0916627 0 0.99579
vt -4185.3 0
vt -4185.3 154.402
vt -4306.62 154.402
f 4368/13689/2253 4348/13690/2253 4375/13691/2253 4381/13692/2253 

vt -4469.36 1649.76
vt -4488.06 1414.96
vt -4304.57 1399.29
vt -4301.03 1441.25
vt -4192.35 1430.13
vt -4196.4 1395.25
f 4375/13646/20 4374/13645/20 4376/13693/20 4377/13694/20 4378/13695/20 4379/13696/20 4380/13697/20 4381/13698/20 

g Mesh354 G_28_217069423695257 Model

f 4223/13216/1 2030/6366/1 2029/6365/1 2028/6364/1 2027/6363/1 

vt -4225.55 0
v -112.777 4.29697 35.5949
vt -4225.55 169.172
v -121.459 4.29697 34.4808
vt -4570.15 169.172
f 2030/6414/1083 4223/13699/1083 4382/13700/1083 4383/13701/1083 

vt -4357.99 0
vn -0.0539387 0 0.998544
vt -4124.87 0
v -106.864 4.29697 35.9143
vt -4124.87 169.172
vt -4357.99 169.172
f 4223/13702/2254 2027/13703/2254 4384/13704/2254 4382/13705/2254 

vt -1924.88 0
vn 0.992278 0 0.124035
vt -1615.15 0
v -105.889 4.29697 28.1079
vt -1615.15 169.172
vt -1924.88 169.172
f 2027/13706/2255 2028/13707/2255 4385/13708/2255 4384/13709/2255 

vt 4001.5 0
vn 0.12274 0 -0.992439
vt 4578.07 0
v -120.423 4.29697 26.3104
vt 4578.07 169.172
vt 4001.5 169.172
f 2028/13710/2256 2029/13711/2256 4386/13712/2256 4385/13713/2256 

vt 1623.83 0
vn -0.992061 0 -0.125755
vt 1948.08 0
vt 1948.08 169.172
vt 1623.83 169.172
f 2029/13714/2257 2030/13715/2257 4383/13716/2257 4386/13717/2257 

f 4383/6441/20 4382/13254/20 4384/6444/20 4385/6443/20 4386/6442/20 

g Mesh355 G_37_25041953777581 Model

v -122.212 0 36.3149
vt 4811.48 -1429.72
v -110.119 0 45.5198
vt 4335.4 -1792.12
v -123.049 0 43.9149
vt 4844.43 -1728.93
v -123.023 0 43.3243
vt 4843.42 -1705.68
f 4387/13718/1 4222/13215/1 4226/13219/1 4225/13218/1 4388/13719/1 4389/13720/1 4390/13721/1 

vt 4274.22 0
vt 4640.5 0
v -122.212 5.30995 36.3149
vt 4640.5 209.053
v -112.957 5.30995 37.2641
vt 4274.22 209.053
f 4222/13722/131 4387/13723/131 4391/13724/131 4392/13725/131 

vt 1973.42 0
vn -0.993369 0 -0.114972
vt 2251.23 0
v -123.023 5.30995 43.3243
vt 2251.23 209.053
vt 1973.42 209.053
f 4387/13726/2258 4390/13727/2258 4393/13728/2258 4391/13729/2258 

vt 1914.46 0
vt 1937.73 0
v -123.049 5.30995 43.9149
vt 1937.73 209.053
vt 1914.46 209.053
f 4390/13730/150 4389/13731/150 4394/13732/150 4393/13733/150 

vt -4594.56 0
vn -0.123186 0 0.992384
vt -4081.62 0
v -110.119 5.30995 45.5198
vt -4081.62 209.053
vt -4594.56 209.053
f 4389/13734/2259 4388/13735/2259 4395/13736/2259 4394/13737/2259 

vt -2063.23 0
vt -2031.32 0
v -110.068 5.30995 44.7109
vt -2031.32 209.053
vt -2063.23 209.053
f 4388/13738/2034 4225/13739/2034 4396/13740/2034 4395/13741/2034 

vt -2184.17 0
vn 0.995002 0 0.0998502
vt -1913.32 0
v -109.381 5.30995 37.8659
vt -1913.32 209.053
vt -2184.17 209.053
f 4225/13742/2260 4226/13743/2260 4397/13744/2260 4396/13745/2260 

vt 3999.17 0
vn 0.165978 0 -0.986129
vt 4141.93 0
vt 4141.93 209.053
vt 3999.17 209.053
f 4226/13746/2261 4222/13747/2261 4392/13748/2261 4397/13749/2261 

vt -4811.48 -1429.72
vt -4843.42 -1705.68
vt -4844.43 -1728.93
vt -4335.4 -1792.12
f 4392/13255/20 4391/13750/20 4393/13751/20 4394/13752/20 4395/13753/20 4396/13257/20 4397/13256/20 

g Mesh356 G_26_882385819709512 Model

v -124.718 0 42.708
vt 4910.15 -1681.42
v -123.973 0 36.1342
vt 4880.83 -1422.61
f 4387/13718/1 4390/13721/1 4398/13754/1 4399/13755/1 

vt -2251.23 0
vn 0.993369 0 0.114972
vt -1973.42 0
v -122.212 3.17285 36.3149
vt -1973.42 124.915
v -123.023 3.17285 43.3243
vt -2251.23 124.915
f 4390/13756/2262 4387/13757/2262 4400/13758/2262 4401/13759/2262 

vt 4710.21 0
v -123.973 3.17285 36.1342
vt 4710.21 124.915
vt 4640.5 124.915
f 4387/13723/131 4399/13760/131 4402/13761/131 4400/13762/131 

vt 1962.96 0
vn -0.993645 0 -0.112561
vt 2223.42 0
v -124.718 3.17285 42.708
vt 2223.42 124.915
vt 1962.96 124.915
f 4399/13763/2263 4398/13764/2263 4403/13765/2263 4402/13766/2263 

vt -4039.91 0
vt -3968.91 0
vt -3968.91 124.915
vt -4039.91 124.915
f 4398/13767/1975 4390/13768/1975 4401/13769/1975 4403/13770/1975 

vt -4880.83 -1422.61
vt -4910.15 -1681.42
f 4401/13751/20 4400/13750/20 4402/13771/20 4403/13772/20 

g Mesh357 G_34_65839381478247 Model

v -139.977 0 -19.7976
vt 5510.92 779.434
v -133.318 0 -18.9016
vt 5248.75 744.157
v -134.317 0 -11.6219
vt 5288.07 457.554
v -138.745 0 -12.0169
vt 5462.39 473.107
v -138.86 0 -10.9769
vt 5466.94 432.162
v -150.929 0 -12.3893
vt 5942.1 487.766
v -150.075 0 -20.9457
vt 5908.47 824.634
f 4404/13773/1 4405/13774/1 4406/13775/1 4407/13776/1 4408/13777/1 4409/13778/1 4410/13779/1 

vt 5301.11 0
vn 0.133355 0 -0.991068
vt 5565.64 0
v -139.977 5.84014 -19.7976
vt 5565.64 229.927
v -133.318 5.84014 -18.9016
vt 5301.11 229.927
f 4405/13780/2264 4404/13781/2264 4411/13782/2264 4412/13783/2264 

vt 5563.7 0
vn 0.112972 0 -0.993598
vt 5963.8 0
v -150.075 5.84014 -20.9457
vt 5963.8 229.927
vt 5563.7 229.927
f 4404/13784/2265 4410/13785/2265 4413/13786/2265 4411/13787/2265 

vt -233.469 0
vn -0.995051 0 -0.0993632
vt 105.074 0
v -150.929 5.84014 -12.3893
vt 105.074 229.927
vt -233.469 229.927
f 4410/13788/2266 4409/13789/2266 4414/13790/2266 4413/13791/2266 

vt -5958.52 0
vt -5480.12 0
v -138.86 5.84014 -10.9769
vt -5480.12 229.927
vt -5958.52 229.927
f 4409/13792/1442 4408/13793/1442 4415/13794/1442 4414/13795/1442 

vt -174.204 0
vt -133.007 0
v -138.745 5.84014 -12.0169
vt -133.007 229.927
vt -174.204 229.927
f 4408/13796/1289 4407/13797/1289 4416/13798/1289 4415/13799/1289 

vt -5482.83 0
vn -0.0888663 0 0.996044
vt -5307.81 0
v -134.317 5.84014 -11.6219
vt -5307.81 229.927
vt -5482.83 229.927
f 4407/13800/2267 4406/13801/2267 4417/13802/2267 4416/13803/2267 

vt -265.47 0
vn 0.990719 0 0.135924
vt 23.8179 0
vt 23.8179 229.927
vt -265.47 229.927
f 4406/13804/2268 4405/13805/2268 4412/13806/2268 4417/13807/2268 

vt -5248.75 744.157
vt -5510.92 779.434
vt -5908.47 824.634
vt -5942.1 487.766
vt -5466.94 432.162
vt -5462.39 473.107
vt -5288.07 457.554
f 4412/13808/20 4411/13809/20 4413/13810/20 4414/13811/20 4415/13812/20 4416/13813/20 4417/13814/20 

g Mesh358 G_39_18918706655184 Model

v -131.58 0 -18.6677
vt 5180.33 734.951
v -131.812 0 -16.408
vt 5189.43 645.984
v -131.118 0 -16.331
vt 5162.13 642.951
v -131.837 0 -11.4006
vt 5190.44 448.843
f 4406/13775/1 4405/13774/1 4418/13815/1 4419/13816/1 4420/13817/1 4421/13818/1 

vt -23.8179 0
vn -0.990719 0 -0.135924
vt 265.47 0
v -134.317 3.77636 -11.6219
vt 265.47 148.676
v -133.318 3.77636 -18.9016
vt -23.8179 148.676
f 4405/13819/2269 4406/13820/2269 4422/13821/2269 4423/13822/2269 

vt -5209.79 0
v -131.837 3.77636 -11.4006
vt -5209.79 148.676
vt -5307.81 148.676
f 4406/13801/2267 4421/13823/2267 4424/13824/2267 4422/13825/2267 

vt -304.871 0
vn 0.989533 0 0.144307
vt -108.71 0
v -131.118 3.77636 -16.331
vt -108.71 148.676
vt -304.871 148.676
f 4421/13826/2270 4420/13827/2270 4425/13828/2270 4424/13829/2270 

vt 5201.56 0
vt 5229.03 0
v -131.812 3.77636 -16.408
vt 5229.03 148.676
vt 5201.56 148.676
f 4420/13830/2003 4419/13831/2003 4426/13832/2003 4425/13833/2003 

vt 114.649 0
vn 0.994811 0 0.101742
vt 204.079 0
v -131.58 3.77636 -18.6677
vt 204.079 148.676
vt 114.649 148.676
f 4419/13834/2271 4418/13835/2271 4427/13836/2271 4426/13837/2271 

vt 5232.07 0
vt 5301.11 148.676
vt 5232.07 148.676
f 4418/13838/2264 4405/13780/2264 4423/13839/2264 4427/13840/2264 

vt -5190.44 448.843
vt -5162.13 642.951
vt -5189.43 645.984
vt -5180.33 734.951
f 4423/13808/20 4422/13814/20 4424/13841/20 4425/13842/20 4426/13843/20 4427/13844/20 

g Mesh359 G_35_152804413478044 Model

v -132.229 0 -27.5013
vt 5205.86 1082.73
v -130.898 0 -27.3004
vt 5153.45 1074.82
v -131.375 0 -21.9803
vt 5172.24 865.367
v -131.863 0 -20.0287
vt 5191.45 788.532
v -139.875 0 -20.9788
vt 5506.88 825.939
v -145.331 0 -21.6834
vt 5721.71 853.677
v -144.433 0 -28.6424
vt 5686.33 1127.65
f 4428/13845/1 4429/13846/1 4430/13847/1 4431/13848/1 4432/13849/1 4433/13850/1 4434/13851/1 

vt 5256.13 0
vn 0.149216 0 -0.988805
vt 5309.14 0
v -132.229 5.06075 -27.5013
vt 5309.14 199.242
v -130.898 5.06075 -27.3004
vt 5256.13 199.242
f 4429/13852/2272 4428/13853/2272 4435/13854/2272 4436/13855/2272 

vt 5284.05 0
vn 0.0930973 0 -0.995657
vt 5766.61 0
v -144.433 5.06075 -28.6424
vt 5766.61 199.242
vt 5284.05 199.242
f 4428/13856/2273 4434/13857/2273 4437/13858/2273 4435/13859/2273 

vt -390.017 0
vn -0.991763 0 -0.128087
vt -113.766 0
v -145.331 5.06075 -21.6834
vt -113.766 199.242
vt -390.017 199.242
f 4434/13860/2274 4433/13861/2274 4438/13862/2274 4437/13863/2274 

vt -5783.92 0
vn -0.128055 0 0.991767
vt -5567.31 0
v -139.875 5.06075 -20.9788
vt -5567.31 199.242
vt -5783.92 199.242
f 4433/13864/2275 4432/13865/2275 4439/13866/2275 4438/13867/2275 

vt -5565.82 0
vn -0.117765 0 0.993042
vt -5248.19 0
v -131.863 5.06075 -20.0287
vt -5248.19 199.242
vt -5565.82 199.242
f 4432/13868/2276 4431/13869/2276 4440/13870/2276 4439/13871/2276 

vt -494.123 0
vn 0.970143 0 0.242536
vt -414.924 0
v -131.375 5.06075 -21.9803
vt -414.924 199.242
vt -494.123 199.242
f 4431/13872/2277 4430/13873/2277 4441/13874/2277 4440/13875/2277 

vt 399.604 0
vn 0.995998 0 0.0893809
vt 609.897 0
vt 609.897 199.242
vt 399.604 199.242
f 4430/13876/2278 4429/13877/2278 4436/13878/2278 4441/13879/2278 

vt -5153.45 1074.82
vt -5205.86 1082.73
vt -5686.33 1127.65
vt -5721.71 853.677
vt -5506.88 825.939
vt -5191.45 788.532
vt -5172.24 865.367
f 4436/13880/20 4435/13881/20 4437/13882/20 4438/13883/20 4439/13884/20 4440/13885/20 4441/13886/20 

g Mesh360 G_26_30125024945727 Model

v -129.038 0 -27.0198
vt 5080.24 1063.77
v -129.654 0 -21.929
vt 5104.51 863.345
f 4430/13847/1 4429/13846/1 4442/13887/1 4443/13888/1 

vt -609.897 0
vn -0.995998 0 -0.0893809
vt -399.604 0
v -131.375 3.64874 -21.9803
vt -399.604 143.651
v -130.898 3.64874 -27.3004
vt -609.897 143.651
f 4429/13889/2279 4430/13890/2279 4444/13891/2279 4445/13892/2279 

vt -5195.76 0
vn -0.0298375 0 0.999555
vt -5127.99 0
v -129.654 3.64874 -21.929
vt -5127.99 143.651
vt -5195.76 143.651
f 4430/13893/2280 4443/13894/2280 4446/13895/2280 4444/13896/2280 

vt 243.618 0
vn 0.992752 0 0.120182
vt 445.508 0
v -129.038 3.64874 -27.0198
vt 445.508 143.651
vt 243.618 143.651
f 4443/13897/2281 4442/13898/2281 4447/13899/2281 4446/13900/2281 

vt 5182.1 0
vt 5256.13 143.651
vt 5182.1 143.651
f 4442/13901/2272 4429/13852/2272 4445/13902/2272 4447/13903/2272 

vt -5104.51 863.345
vt -5080.24 1063.77
f 4445/13880/20 4444/13886/20 4446/13904/20 4447/13905/20 

g Mesh361 G_34_06029604257529 Model

v -131.512 0 -35.9117
vt 5177.64 1413.85
v -132.389 0 -28.6552
vt 5212.18 1128.16
v -144.206 0 -29.7973
vt 5677.41 1173.12
f 288/871/1 287/870/1 4448/13906/1 4449/13907/1 4450/13908/1 

vt -826.432 0
vn -0.993869 0 -0.110563
vt -537.531 0
v -145.408 4.86696 -29.9135
vt -537.531 191.612
v -144.597 4.86696 -37.2066
vt -826.432 191.612
f 287/13909/2282 288/13910/2282 4451/13911/2282 4452/13912/2282 

vt -5811.49 0
vn -0.0961987 0 0.995362
vt -5763.93 0
v -144.206 4.86696 -29.7973
vt -5763.93 191.612
vt -5811.49 191.612
f 288/13913/2283 4450/13914/2283 4453/13915/2283 4451/13916/2283 

vt -5296.53 0
v -132.389 4.86696 -28.6552
vt -5296.53 191.612
f 4450/13914/2283 4449/13917/2283 4454/13918/2283 4453/13915/2283 

vt 494.549 0
vn 0.992774 0 0.119999
vt 782.318 0
v -131.512 4.86696 -35.9117
vt 782.318 191.612
vt 494.549 191.612
f 4449/13919/2284 4448/13920/2284 4455/13921/2284 4454/13922/2284 

vt 5291.71 0
vt 5809.38 191.612
vt 5291.71 191.612
f 4448/13923/147 287/876/147 4452/13924/147 4455/13925/147 

vt -5677.41 1173.12
vt -5212.18 1128.16
vt -5177.64 1413.85
f 4452/904/20 4451/910/20 4453/13926/20 4454/13927/20 4455/13928/20 

g Mesh362 G_28_80486491821205 Model

v -129.43 0 -35.7057
vt 5095.66 1405.74
v -129.507 0 -34.8968
vt 5098.69 1373.89
v -129.154 0 -34.8647
vt 5084.79 1372.63
v -129.289 0 -33.9467
vt 5090.1 1336.48
v -129.038 0 -32.9067
vt 5080.24 1295.54
v -129.083 0 -32.239
vt 5082.01 1269.25
v -129.629 0 -31.3339
vt 5103.5 1233.62
v -129.725 0 -30.4094
vt 5107.29 1197.22
v -130.02 0 -30.3902
vt 5118.91 1196.46
v -130.104 0 -29.6968
vt 5122.2 1169.17
v -131.709 0 -29.8509
vt 5185.39 1175.23
v -131.752 0 -28.6062
vt 5187.1 1126.23
f 4449/13907/1 4448/13906/1 4456/13929/1 4457/13930/1 4458/13931/1 4459/13932/1 4460/13933/1 4461/13934/1 4462/13935/1 4463/13936/1 4464/13937/1 4465/13938/1 4466/13939/1 4467/13940/1 

vt -782.318 0
vn -0.992774 0 -0.119999
vt -494.549 0
v -132.389 3.62972 -28.6552
vt -494.549 142.903
v -131.512 3.62972 -35.9117
vt -782.318 142.903
f 4448/13941/2285 4449/13942/2285 4468/13943/2285 4469/13944/2285 

vt -5283.35 0
vt -5258.19 0
v -131.752 3.62972 -28.6062
vt -5258.19 142.903
vt -5283.35 142.903
f 4449/13945/1493 4467/13946/1493 4470/13947/1493 4468/13948/1493 

vt 944.709 0
vn 0.999392 0 0.0348625
vt 993.742 0
v -131.709 3.62972 -29.8509
vt 993.742 142.903
vt 944.709 142.903
f 4467/13949/2286 4466/13950/2286 4471/13951/2286 4470/13952/2286 

vt -5273.96 0
vn -0.0955607 0 0.995424
vt -5210.48 0
v -130.104 3.62972 -29.6968
vt -5210.48 142.903
vt -5273.96 142.903
f 4466/13953/2287 4465/13954/2287 4472/13955/2287 4471/13956/2287 

vt 548.645 0
vn 0.992833 0 0.119508
vt 576.138 0
v -130.02 3.62972 -30.3902
vt 576.138 142.903
vt 548.645 142.903
f 4465/13957/2288 4464/13958/2288 4473/13959/2288 4472/13960/2288 

vt -5030.2 0
vn 0.0650791 0 0.99788
vt -5018.55 0
v -129.725 3.62972 -30.4094
vt -5018.55 142.903
vt -5030.2 142.903
f 4464/13961/2289 4463/13962/2289 4474/13963/2289 4473/13964/2289 

vt 661.632 0
vn 0.994618 0 0.103606
vt 698.224 0
v -129.629 3.62972 -31.3339
vt 698.224 142.903
vt 661.632 142.903
f 4463/13965/2290 4462/13966/2290 4475/13967/2290 4474/13968/2290 

vt -1578.35 0
vn 0.856419 0 0.516281
vt -1536.73 0
v -129.083 3.62972 -32.239
vt -1536.73 142.903
vt -1578.35 142.903
f 4462/13969/2291 4461/13970/2291 4476/13971/2291 4475/13972/2291 

vt 925.102 0
vn 0.997743 0 0.0671557
vt 951.446 0
v -129.038 3.62972 -32.9067
vt 951.446 142.903
vt 925.102 142.903
f 4461/13973/2292 4460/13974/2292 4477/13975/2292 4476/13976/2292 

vt 2448.6 0
vn 0.972224 0 -0.234054
vt 2490.72 0
v -129.289 3.62972 -33.9467
vt 2490.72 142.903
vt 2448.6 142.903
f 4460/13977/2293 4459/13978/2293 4478/13979/2293 4477/13980/2293 

vt 582.736 0
vn 0.989388 0 0.145295
vt 619.266 0
v -129.154 3.62972 -34.8647
vt 619.266 142.903
vt 582.736 142.903
f 4459/13981/2294 4458/13982/2294 4479/13983/2294 4478/13984/2294 

vt 5188.18 0
vn 0.0905357 0 -0.995893
vt 5202.14 0
v -129.507 3.62972 -34.8968
vt 5202.14 142.903
vt 5188.18 142.903
f 4458/13985/2295 4457/13986/2295 4480/13987/2295 4479/13988/2295 

vt 884.298 0
vn 0.995495 0 0.0948091
vt 916.288 0
v -129.43 3.62972 -35.7057
vt 916.288 142.903
vt 884.298 142.903
f 4457/13989/2296 4456/13990/2296 4481/13991/2296 4480/13992/2296 

vt 5209.32 0
vt 5291.71 142.903
vt 5209.32 142.903
f 4456/13993/147 4448/13923/147 4469/13994/147 4481/13995/147 

vt -5187.1 1126.23
vt -5185.39 1175.23
vt -5122.2 1169.17
vt -5118.91 1196.46
vt -5107.29 1197.22
vt -5103.5 1233.62
vt -5082.01 1269.25
vt -5080.24 1295.54
vt -5090.1 1336.48
vt -5084.79 1372.63
vt -5098.69 1373.89
vt -5095.66 1405.74
f 4469/13928/20 4468/13927/20 4470/13996/20 4471/13997/20 4472/13998/20 4473/13999/20 4474/14000/20 4475/14001/20 4476/14002/20 4477/14003/20 4478/14004/20 4479/14005/20 4480/14006/20 4481/14007/20 

g Mesh363 G_34_290710722139394 Model

v -131.767 0 -28.1946
vt 5187.66 1110.02
v -132.139 0 -28.1561
vt 5202.32 1108.51
f 4428/13845/1 4434/13851/1 4450/13908/1 4449/13907/1 4467/13940/1 4482/14008/1 4483/14009/1 

vt -5766.61 0
vn -0.0930973 0 0.995657
vt -5284.05 0
v -132.229 3.4147 -27.5013
vt -5284.05 134.437
v -144.433 3.4147 -28.6424
vt -5766.61 134.437
f 4434/14010/2297 4428/14011/2297 4484/14012/2297 4485/14013/2297 

vt 364.778 0
vn 0.990712 0 0.13598
vt 390.8 0
v -132.139 3.4147 -28.1561
vt 390.8 134.437
vt 364.778 134.437
f 4428/14014/2298 4483/14015/2298 4486/14016/2298 4484/14017/2298 

vt -5060.64 0
vn 0.102899 0 0.994692
vt -5045.9 0
v -131.767 3.4147 -28.1946
vt -5045.9 134.437
vt -5060.64 134.437
f 4483/14018/2299 4482/14019/2299 4487/14020/2299 4486/14021/2299 

vt 928.494 0
v -131.752 3.4147 -28.6062
vt 944.709 134.437
vt 928.494 134.437
f 4482/14022/2286 4467/13949/2286 4488/14023/2286 4487/14024/2286 

vt 5258.19 0
vn 0.0766965 0 -0.997054
vt 5283.35 0
v -132.389 3.4147 -28.6552
vt 5283.35 134.437
vt 5258.19 134.437
f 4467/14025/2300 4449/14026/2300 4489/14027/2300 4488/14028/2300 

vt 5296.53 0
vn 0.0961987 0 -0.995362
vt 5763.93 0
v -144.206 3.4147 -29.7973
vt 5763.93 134.437
vt 5296.53 134.437
f 4449/14029/2301 4450/14030/2301 4490/14031/2301 4489/14032/2301 

vt -58.7292 0
vn -0.981312 0 -0.192424
vt -12.3944 0
vt -12.3944 134.437
vt -58.7292 134.437
f 4450/14033/2302 4434/14034/2302 4485/14035/2302 4490/14036/2302 

vt -5202.32 1108.51
vt -5187.66 1110.02
f 4485/13882/20 4484/13881/20 4486/14037/20 4487/14038/20 4488/13996/20 4489/13927/20 4490/13926/20 

g Mesh364 G_33_114268252208106 Model

f 289/872/1 288/871/1 4450/13908/1 4434/13851/1 4433/13850/1 4432/13849/1 4404/13773/1 4410/13779/1 3163/9877/1 3162/9876/1 

vt 5843.32 0
vn 0.180735 0 -0.983532
vt 5963.58 0
v -148.413 2.73671 -30.4656
vt 5963.58 107.745
v -145.408 2.73671 -29.9135
vt 5843.32 107.745
f 288/14039/2303 289/14040/2303 4491/14041/2303 4492/14042/2303 

vt -533.916 0
vn -0.993641 0 -0.112594
vt -174.756 0
v -149.44 2.73671 -21.4009
vt -174.756 107.745
vt -533.916 107.745
f 289/14043/2304 3162/14044/2304 4493/14045/2304 4491/14046/2304 

vt 5866.38 0
vn -0.0190183 0 -0.999819
vt 5889.64 0
v -150.031 2.73671 -21.3897
vt 5889.64 107.745
vt 5866.38 107.745
f 3162/14047/2305 3163/14048/2305 4494/14049/2305 4493/14050/2305 

vt -251.037 0
vt -233.47 0
v -150.075 2.73671 -20.9457
vt -233.47 107.745
vt -251.037 107.745
f 3163/14051/2266 4410/14052/2266 4495/14053/2266 4494/14054/2266 

vt -5963.8 0
vn -0.112972 0 0.993598
vt -5563.7 0
v -139.977 2.73671 -19.7976
vt -5563.7 107.745
vt -5963.8 107.745
f 4410/14055/2306 4404/14056/2306 4496/14057/2306 4495/14058/2306 

vt 299.094 0
vn 0.996241 0 0.0866296
vt 345.775 0
v -139.875 2.73671 -20.9788
vt 345.775 107.745
vt 299.094 107.745
f 4404/14059/2307 4432/14060/2307 4497/14061/2307 4496/14062/2307 

vt 5567.31 0
vn 0.128055 0 -0.991767
vt 5783.92 0
v -145.331 2.73671 -21.6834
vt 5783.92 107.745
vt 5567.31 107.745
f 4432/14063/2308 4433/14064/2308 4498/14065/2308 4497/14066/2308 

vt 113.766 0
vn 0.991763 0 0.128087
vt 390.017 0
v -144.433 2.73671 -28.6424
vt 390.017 107.745
vt 113.766 107.745
f 4433/14067/2309 4434/14068/2309 4499/14069/2309 4498/14070/2309 

vt 12.3944 0
vn 0.981312 0 0.192424
vt 58.7292 0
v -144.206 2.73671 -29.7973
vt 58.7292 107.745
vt 12.3944 107.745
f 4434/14071/2310 4450/14072/2310 4500/14073/2310 4499/14074/2310 

vt 5811.49 0
vt 5811.49 107.745
vt 5763.93 107.745
f 4450/14030/2301 288/14075/2301 4492/14076/2301 4500/14077/2301 

f 4492/910/20 4491/909/20 4493/9907/20 4494/9906/20 4495/13810/20 4496/13809/20 4497/13884/20 4498/13883/20 4499/13882/20 4500/13926/20 

g Mesh365 G_32_89010573006859 Model

v -148.15 0 -3.29251
vt 5832.67 129.626
v -162.635 0 -0.222151
vt 6402.94 8.74608
v -161.837 0 -5.03868
vt 6371.52 198.373
f 4294/13426/1 4293/13425/1 4501/14078/1 1141/3652/1 1140/3651/1 1139/3650/1 1138/3649/1 1137/3648/1 4502/14079/1 4503/14080/1 

vt 5912.49 0
vn 0.140786 0 -0.99004
vt 6135.1 0
v -156.752 4.66244 -4.55078
vt 6135.1 183.561
v -151.154 4.66244 -3.75473
vt 5912.49 183.561
f 4293/14081/2311 4294/14082/2311 4504/14083/2311 4505/14084/2311 

vt 6160.24 0
vn 0.0955208 0 -0.995427
vt 6361.33 0
v -161.837 4.66244 -5.03868
vt 6361.33 183.561
vt 6160.24 183.561
f 4294/14085/2312 4503/14086/2312 4506/14087/2312 4504/14088/2312 

vt 845.734 0
vn -0.986551 0 -0.163452
vt 1037.95 0
v -162.635 4.66244 -0.222151
vt 1037.95 183.561
vt 845.734 183.561
f 4503/14089/2313 4502/14090/2313 4507/14091/2313 4506/14092/2313 

vt -6318.33 0
vn -0.163384 0 0.986563
vt -5978.03 0
v -154.107 4.66244 1.19006
vt -5978.03 183.561
vt -6318.33 183.561
f 4502/14093/2314 1137/14094/2314 4508/14095/2314 4507/14096/2314 

vt -1641.59 0
vn 0.964764 0 0.263117
vt -1595.48 0
v -153.799 4.66244 0.0601859
vt -1595.48 183.561
vt -1641.59 183.561
f 1137/14097/2315 1138/14098/2315 4509/14099/2315 4508/14100/2315 

vt -6014.75 0
vn -0.114842 0 0.993384
vt -5838.68 0
v -149.357 4.66244 0.573764
vt -5838.68 183.561
vt -6014.75 183.561
f 1138/14101/2316 1139/14102/2316 4510/14103/2316 4509/14104/2316 

vt -853.945 0
vn 0.989949 0 0.141421
vt -832.499 0
v -149.28 4.66244 0.034507
vt -832.499 183.561
vt -853.945 183.561
f 1139/14105/2317 1140/14106/2317 4511/14107/2317 4510/14108/2317 

vt -5851.36 0
vn -0.0933407 0 0.995634
vt -5824.96 0
v -148.612 4.66244 0.0970993
vt -5824.96 183.561
vt -5851.36 183.561
f 1140/14109/2318 1141/14110/2318 4512/14111/2318 4511/14112/2318 

vt -794.317 0
vn 0.99083 0 0.135113
vt -659.632 0
v -148.15 4.66244 -3.29251
vt -659.632 183.561
vt -794.317 183.561
f 1141/14113/2319 4501/14114/2319 4513/14115/2319 4512/14116/2319 

vt 5784.55 0
vt 5904.23 0
vt 5904.23 183.561
vt 5784.55 183.561
f 4501/14117/1379 4293/14118/1379 4505/14119/1379 4513/14120/1379 

vt -6371.52 198.373
vt -6402.94 8.74608
vt -5832.67 129.626
f 4505/13464/20 4504/13463/20 4506/14121/20 4507/14122/20 4508/3705/20 4509/3704/20 4510/3715/20 4511/3714/20 4512/3713/20 4513/14123/20 

g Mesh366 G_42_557665919929846 Model

v -132.588 0 -9.82779
vt 5220.01 386.921
v -133.436 0 -2.214
vt 5253.37 87.1654
f 4284/13400/1 4287/13403/1 4514/14124/1 4515/14125/1 

vt 134.383 0
vn -0.995047 0 -0.0994032
vt 433.132 0
v -135.409 3.64258 -2.47077
vt 433.132 143.409
v -134.655 3.64258 -10.0214
vt 134.383 143.409
f 4287/14126/2320 4284/14127/2320 4516/14128/2320 4517/14129/2320 

vt -5220.71 0
v -133.436 3.64258 -2.214
vt -5220.71 143.409
vt -5299.05 143.409
f 4284/13405/2204 4515/14130/2204 4518/14131/2204 4516/14132/2204 

vt -494.474 0
vn 0.993863 0 0.110615
vt -192.868 0
v -132.588 3.64258 -9.82779
vt -192.868 143.409
vt -494.474 143.409
f 4515/14133/2321 4514/14134/2321 4519/14135/2321 4518/14136/2321 

vt 5233.34 0
vt 5315.06 143.409
vt 5233.34 143.409
f 4514/14137/2206 4287/13412/2206 4517/14138/2206 4519/14139/2206 

vt -5253.37 87.1654
vt -5220.01 386.921
f 4517/13422/20 4516/13421/20 4518/14140/20 4519/14141/20 

g Mesh367 G_18_59063687804377 Model

v -137.39 0 16.9826
vt 5409.07 -668.605
v -135.593 0 7.41558
vt 5338.3 -291.952
v -136.594 0 16.5829
vt 5377.72 -652.872
v -134.514 0 16.9424
vt 5295.84 -667.025
f 4273/13365/1 4267/13346/1 4520/14142/1 2144/6718/1 2147/6721/1 1145/3656/1 1144/3655/1 1143/3654/1 4521/14143/1 4522/14144/1 4523/14145/1 

vt -5274.07 0
vt -5160.78 0
v -134.742 2.4457 18.5731
vt -5160.78 96.2874
v -137.594 2.4457 18.191
vt -5274.07 96.2874
f 4267/14146/1137 4273/14147/1137 4524/14148/1137 4525/14149/1137 

vt -1394.49 0
v -134.514 2.4457 16.9424
vt -1394.49 96.2874
vt -1459.32 96.2874
f 4273/13376/2201 4523/14150/2201 4526/14151/2201 4524/14152/2201 

vt 5104.86 0
vn 0.170314 0 -0.98539
vt 5187.96 0
v -136.594 2.4457 16.5829
vt 5187.96 96.2874
vt 5104.86 96.2874
f 4523/14153/2322 4522/14154/2322 4527/14155/2322 4526/14156/2322 

vt -1233.02 0
vn 0.994086 0 0.108598
vt -869.952 0
v -135.593 2.4457 7.41558
vt -869.952 96.2874
vt -1233.02 96.2874
f 4522/14157/2323 4521/14158/2323 4528/14159/2323 4527/14160/2323 

vt 5276.81 0
vn 0.106533 0 -0.994309
vt 5390.69 0
v -138.469 2.4457 7.10743
vt 5390.69 96.2874
vt 5276.81 96.2874
f 4521/14161/2324 1143/14162/2324 4529/14163/2324 4528/14164/2324 

vt 5390.05 0
vn 0.107278 0 -0.994229
vt 5497.83 0
v -141.191 2.4457 6.81373
vt 5497.83 96.2874
vt 5390.05 96.2874
f 1143/14165/2325 1144/14166/2325 4530/14167/2325 4529/14168/2325 

vt 1420.99 0
v -141.525 2.4457 8.38014
vt 1484.04 96.2874
vt 1420.99 96.2874
f 1144/14169/1132 1145/6734/1132 4531/14170/1132 4530/14171/1132 

vt -5479.97 0
vn -0.131589 0 0.991304
vt -5364.72 0
v -138.623 2.4457 8.76533
vt -5364.72 96.2874
vt -5479.97 96.2874
f 1145/14172/2326 2147/14173/2326 4532/14174/2326 4531/14175/2326 

vt 872.546 0
vn -0.99529 0 -0.0969438
vt 1185.4 0
v -139.393 2.4457 16.6744
vt 1185.4 96.2874
vt 872.546 96.2874
f 2147/14176/2327 2144/14177/2327 4533/14178/2327 4532/14179/2327 

vt -5324.28 0
vt -5244.5 0
v -137.39 2.4457 16.9826
vt -5244.5 96.2874
vt -5324.28 96.2874
f 2144/14180/1490 4520/14181/1490 4534/14182/1490 4533/14183/1490 

vt 1560.32 0
vn -0.986028 0 -0.166582
vt 1608.57 0
vt 1608.57 96.2874
vt 1560.32 96.2874
f 4520/14184/2328 4267/14185/2328 4525/14186/2328 4534/14187/2328 

vt -5295.84 -667.025
vt -5377.72 -652.872
vt -5338.3 -291.952
vt -5409.07 -668.605
f 4525/13364/20 4524/13383/20 4526/14188/20 4527/14189/20 4528/14190/20 4529/3711/20 4530/3710/20 4531/3709/20 4532/6750/20 4533/6749/20 4534/14191/20 

g Mesh368 G_26_214294289848727 Model

v -156.958 0 16.018
vt 6179.43 -630.63
v -155.288 0 4.84769
vt 6113.72 -190.854
v -163.275 0 3.64078
vt 6428.13 -143.338
f 4502/14079/1 1137/3648/1 1148/3659/1 1147/3658/1 2146/6720/1 2145/6719/1 2163/6760/1 2162/6759/1 2161/6758/1 4535/14192/1 4536/14193/1 4537/14194/1 

vt 5978.03 0
vn 0.163384 0 -0.986563
vt 6318.33 0
v -162.635 2.86145 -0.222151
vt 6318.33 112.656
v -154.107 2.86145 1.19006
vt 5978.03 112.656
f 1137/14195/2329 4502/14196/2329 4538/14197/2329 4539/14198/2329 

vt 1192.1 0
v -163.275 2.86145 3.64078
vt 1192.1 112.656
vt 1037.95 112.656
f 4502/14090/2313 4537/14199/2313 4540/14200/2313 4538/14201/2313 

vt -6334.54 0
vn -0.149429 0 0.988773
vt -6016.56 0
v -155.288 2.86145 4.84769
vt -6016.56 112.656
vt -6334.54 112.656
f 4537/14202/2330 4536/14203/2330 4541/14204/2330 4540/14205/2330 

vt 1092.27 0
vn -0.98902 0 -0.147785
vt 1536.93 0
v -156.958 2.86145 16.018
vt 1536.93 112.656
vt 1092.27 112.656
f 4536/14206/2331 4535/14207/2331 4542/14208/2331 4541/14209/2331 

vt -6115.44 0
vn -0.074355 0 0.997232
vt -6057.65 0
v -155.494 2.86145 16.1271
vt -6057.65 112.656
vt -6115.44 112.656
f 4535/14210/2332 2161/14211/2332 4543/14212/2332 4542/14213/2332 

vt -1399.07 0
vn 0.992075 0 0.125645
vt -1374.93 0
v -155.417 2.86145 15.5189
vt -1374.93 112.656
vt -1399.07 112.656
f 2161/14214/2333 2162/14215/2333 4544/14216/2333 4543/14217/2333 

vt -5982.14 0
vn -0.133709 0 0.991021
vt -5917.87 0
v -153.799 2.86145 15.7371
vt -5917.87 112.656
vt -5982.14 112.656
f 2162/14218/2334 2163/14219/2334 4545/14220/2334 4544/14221/2334 

vt -1753.87 0
vn 0.981943 0 0.189178
vt -1730.92 0
v -153.689 2.86145 15.1647
vt -1730.92 112.656
vt -1753.87 112.656
f 2163/14222/2335 2145/14223/2335 4546/14224/2335 4545/14225/2335 

vt 5954.57 0
vn 0.105026 0 -0.994469
vt 6004.68 0
v -154.955 2.86145 15.031
vt 6004.68 112.656
vt 5954.57 112.656
f 2145/14226/2336 2146/14227/2336 4547/14228/2336 4546/14229/2336 

vt -1433.86 0
vn 0.990296 0 0.138977
vt -1176.62 0
v -154.047 2.86145 8.56045
vt -1176.62 112.656
vt -1433.86 112.656
f 2146/14230/2337 1147/14231/2337 4548/14232/2337 4547/14233/2337 

vt 6023.88 0
v -154.955 2.86145 8.45718
vt 6023.88 112.656
vt 5987.9 112.656
f 1147/6739/1133 1148/14234/1133 4549/14235/1133 4548/14236/1133 

vt -1037.31 0
vn 0.99327 0 0.115823
vt -749.26 0
vt -749.26 112.656
vt -1037.31 112.656
f 1148/14237/2338 1137/14238/2338 4539/14239/2338 4549/14240/2338 

vt -6428.13 -143.338
vt -6113.72 -190.854
vt -6179.43 -630.63
f 4539/3705/20 4538/14122/20 4540/14241/20 4541/14242/20 4542/14243/20 4543/6817/20 4544/6816/20 4545/6815/20 4546/6748/20 4547/6751/20 4548/3707/20 4549/3706/20 

g Mesh369 G_39_05815020900413 Model

f 2144/6718/1 4520/14142/1 4267/13346/1 4256/13312/1 4255/13311/1 2165/6762/1 2164/6761/1 2163/6760/1 2145/6719/1 

vt 5244.5 0
vt 5324.28 0
v -139.393 3.45071 16.6744
vt 5324.28 135.855
v -137.39 3.45071 16.9826
vt 5244.5 135.855
f 4520/14244/1379 2144/14245/1379 4550/14246/1379 4551/14247/1379 

vt 5388.62 0
v -153.689 3.45071 15.1647
vt 5954.57 135.855
vt 5388.62 135.855
f 2144/14248/2336 2145/14226/2336 4552/14249/2336 4550/14250/2336 

vt 1730.92 0
vn -0.981943 0 -0.189178
vt 1753.87 0
v -153.799 3.45071 15.7371
vt 1753.87 135.855
vt 1730.92 135.855
f 2145/14251/2339 2163/14252/2339 4553/14253/2339 4552/14254/2339 

vt -5945.12 0
vn -0.113893 0 0.993493
vt -5800.87 0
v -150.159 3.45071 16.1544
vt -5800.87 135.855
vt -5945.12 135.855
f 2163/14255/2340 2164/14256/2340 4554/14257/2340 4553/14258/2340 

vt 982.74 0
vn -0.998268 0 -0.0588386
vt 996.577 0
v -150.18 3.45071 16.5053
vt 996.577 135.855
vt 982.74 135.855
f 2164/14259/2341 2165/14260/2341 4555/14261/2341 4554/14262/2341 

vt -5686.41 0
v -147.975 3.45071 16.8006
vt -5686.41 135.855
vt -5773.98 135.855
f 2165/6773/1137 4255/14263/1137 4556/14264/1137 4555/14265/1137 

vt -5387.36 0
v -140.446 3.45071 17.809
vt -5387.36 135.855
f 4255/14263/1137 4256/14266/1137 4557/14267/1137 4556/14264/1137 

v -137.594 3.45071 18.191
vt -5274.07 135.855
f 4256/14266/1137 4267/14146/1137 4558/14268/1137 4557/14267/1137 

vt -1608.57 0
vn 0.986028 0 0.166582
vt -1560.32 0
vt -1560.32 135.855
vt -1608.57 135.855
f 4267/14269/2342 4520/14270/2342 4551/14271/2342 4558/14272/2342 

f 4551/14191/20 4550/6749/20 4552/6748/20 4553/6815/20 4554/6814/20 4555/6813/20 4556/13345/20 4557/13344/20 4558/13364/20 

g Mesh370 G_35_097319858765815 Model

v -159.769 0 24.4022
vt 6290.13 -960.715
v -162.671 0 24.1454
vt 6404.37 -950.605
v -162.414 0 20.0624
vt 6394.26 -789.859
f 2156/6753/1 4241/13264/1 4240/13263/1 4239/13262/1 4559/14273/1 4560/14274/1 4561/14275/1 2158/6755/1 2157/6754/1 

vt -1403.18 0
vn 0.996972 0 0.0777597
vt -1308.89 0
v -154.109 3.00438 21.327
vt -1308.89 118.283
v -154.295 3.00438 23.7148
vt -1403.18 118.283
f 4241/14276/2343 2156/14277/2343 4562/14278/2343 4563/14279/2343 

vt 5957 0
vn 0.097149 0 -0.99527
vt 6047.35 0
v -156.393 3.00438 21.104
vt 6047.35 118.283
vt 5957 118.283
f 2156/14280/2344 2157/14281/2344 4564/14282/2344 4562/14283/2344 

vt -705.384 0
vn 0.999793 0 -0.020352
vt -680.547 0
v -156.405 3.00438 20.4733
vt -680.547 118.283
vt -705.384 118.283
f 2157/14284/2345 2158/14285/2345 4565/14286/2345 4564/14287/2345 

vt 6088.37 0
vn 0.0682168 0 -0.997671
vt 6325.49 0
v -162.414 3.00438 20.0624
vt 6325.49 118.283
vt 6088.37 118.283
f 2158/14288/2346 4561/14289/2346 4566/14290/2346 4565/14291/2346 

vt 1189.66 0
vn -0.998028 0 -0.0627691
vt 1350.73 0
v -162.671 3.00438 24.1454
vt 1350.73 118.283
vt 1189.66 118.283
f 4561/14292/2347 4560/14293/2347 4567/14294/2347 4566/14295/2347 

vt -6295.65 0
vn -0.0881511 0 0.996107
vt -6180.96 0
v -159.769 3.00438 24.4022
vt -6180.96 118.283
vt -6295.65 118.283
f 4560/14296/2348 4559/14297/2348 4568/14298/2348 4567/14299/2348 

vt -6121.81 0
vn -0.124373 0 0.992236
vt -6042.06 0
v -157.76 3.00438 24.6541
vt -6042.06 118.283
vt -6121.81 118.283
f 4559/14300/2349 4239/14301/2349 4569/14302/2349 4568/14303/2349 

vt -1602.27 0
vn 0.994731 0 0.102519
vt -1550.69 0
v -157.625 3.00438 23.3509
vt -1550.69 118.283
vt -1602.27 118.283
f 4239/14304/2350 4240/14305/2350 4570/14306/2350 4569/14307/2350 

vt -6069.17 0
vt -5937.27 0
vt -5937.27 118.283
vt -6069.17 118.283
f 4240/14308/2195 4241/14309/2195 4563/14310/2195 4570/14311/2195 

vt -6394.26 -789.859
vt -6404.37 -950.605
vt -6290.13 -960.715
f 4563/13305/20 4562/6810/20 4564/6821/20 4565/6820/20 4566/14312/20 4567/14313/20 4568/14314/20 4569/13307/20 4570/13306/20 

g Mesh371 G_46_89442376978068 Model

f 4241/13264/1 2156/6753/1 2155/6752/1 4242/13265/1 

vt 1308.89 0
vn -0.996972 0 -0.0777597
vt 1403.18 0
v -154.295 4.17705 23.7148
vt 1403.18 164.451
v -154.109 4.17705 21.327
vt 1308.89 164.451
f 2156/14315/2351 4241/14316/2351 4571/14317/2351 4572/14318/2351 

v -152.195 4.17705 23.9441
vt -5854.12 164.451
vt -5937.27 164.451
f 4241/14309/2195 4242/13338/2195 4573/14319/2195 4571/14320/2195 

vt -1848.48 0
v -151.824 4.17705 21.5499
vt -1753.1 164.451
vt -1848.48 164.451
f 4242/14321/1136 2155/6768/1136 4574/14322/1136 4573/14323/1136 

vt 5866.64 0
vt 5957 164.451
vt 5866.64 164.451
f 2155/14324/2344 2156/14280/2344 4572/14325/2344 4574/14326/2344 

f 4572/6810/20 4571/13305/20 4573/13304/20 4574/6811/20 

g Mesh372 G_22_54137785114113 Model

v -160.54 0 30.8219
vt 6320.46 -1213.46
f 4559/14273/1 4239/13262/1 4238/13261/1 4575/14327/1 

vt 6042.06 0
vn 0.124373 0 -0.992236
vt 6121.81 0
v -159.769 2.42883 24.4022
vt 6121.81 95.6232
v -157.76 2.42883 24.6541
vt 6042.06 95.6232
f 4239/14328/2352 4559/14329/2352 4576/14330/2352 4577/14331/2352 

vt 1703.31 0
vt 1957.87 0
v -160.54 2.42883 30.8219
vt 1957.87 95.6232
vt 1703.31 95.6232
f 4559/14332/610 4575/14333/610 4578/14334/610 4576/14335/610 

vt -6236.06 0
vn -0.060132 0 0.99819
vt -6151.99 0
v -158.408 2.42883 30.9503
vt -6151.99 95.6232
vt -6236.06 95.6232
f 4575/14336/2353 4238/14337/2353 4579/14338/2353 4578/14339/2353 

vt -1851.46 0
vt -1602.27 95.6232
vt -1851.46 95.6232
f 4238/14340/2350 4239/14304/2350 4577/14341/2350 4579/14342/2350 

vt -6320.46 -1213.46
f 4577/13307/20 4576/14314/20 4578/14343/20 4579/13308/20 

g Mesh373 G_34_28212015223323 Model

v -133.786 0 -57.499
vt 5267.15 2263.74
v -136.468 0 -57.9356
vt 5372.77 2280.93
v -135.904 0 -61.0194
vt 5350.56 2402.34
v -133.317 0 -60.5163
vt 5248.7 2382.53
f 4580/14344/1 4581/14345/1 4582/14346/1 4583/14347/1 

vt -5669.39 0
vn -0.160632 0 0.987014
vt -5562.38 0
v -133.786 3.07797 -57.499
vt -5562.38 121.18
v -136.468 3.07797 -57.9356
vt -5669.39 121.18
f 4581/14348/2354 4580/14349/2354 4584/14350/2354 4585/14351/2354 

vt 1428.52 0
vn 0.988152 0 0.153479
vt 1548.74 0
v -133.317 3.07797 -60.5163
vt 1548.74 121.18
vt 1428.52 121.18
f 4580/14352/2355 4583/14353/2355 4586/14354/2355 4584/14355/2355 

vt 5606.98 0
vn 0.190887 0 -0.981612
vt 5710.75 0
v -135.904 3.07797 -61.0194
vt 5710.75 121.18
vt 5606.98 121.18
f 4583/14356/2356 4582/14357/2356 4587/14358/2356 4586/14359/2356 

vt -1400.41 0
vn -0.983679 0 -0.17993
vt -1276.98 0
vt -1276.98 121.18
vt -1400.41 121.18
f 4582/14360/2357 4581/14361/2357 4585/14362/2357 4587/14363/2357 

vt -5372.77 2280.93
vt -5267.15 2263.74
vt -5248.7 2382.53
vt -5350.56 2402.34
f 4585/14364/20 4584/14365/20 4586/14366/20 4587/14367/20 

g Mesh374 G_17_28692813760211 Model

v -125.295 0 -89.1322
vt 4932.89 3509.14
v -124.268 0 -88.6443
vt 4892.45 3489.93
v -126.425 0 -83.1747
vt 4977.38 3274.59
v -126.759 0 -82.43
vt 4990.52 3245.28
v -128.043 0 -82.8152
vt 5041.07 3260.44
f 4588/14368/1 4589/14369/1 4590/14370/1 4591/14371/1 4592/14372/1 

vt 5916.62 0
vt 5961.39 0
v -125.295 2.94008 -89.1322
vt 5961.39 115.751
v -124.268 2.94008 -88.6443
vt 5916.62 115.751
f 4589/14373/716 4588/14374/716 4593/14375/716 4594/14376/716 

vt -1250.37 0
vn -0.917011 0 -0.398862
vt -979.167 0
v -128.043 2.94008 -82.8152
vt -979.167 115.751
vt -1250.37 115.751
f 4588/14377/2358 4592/14378/2358 4595/14379/2358 4593/14380/2358 

vt -5765.35 0
vn -0.287348 0 0.957826
vt -5712.57 0
v -126.759 2.94008 -82.43
vt -5712.57 115.751
vt -5765.35 115.751
f 4592/14381/2359 4591/14382/2359 4596/14383/2359 4595/14384/2359 

vt 919.943 0
vn 0.912509 0 0.409056
vt 952.073 0
v -126.425 2.94008 -83.1747
vt 952.073 115.751
vt 919.943 115.751
f 4591/14385/2360 4590/14386/2360 4597/14387/2360 4596/14388/2360 

vt 1220.23 0
vn 0.930273 0 0.366868
vt 1451.7 0
vt 1451.7 115.751
vt 1220.23 115.751
f 4590/14389/2361 4589/14390/2361 4594/14391/2361 4597/14392/2361 

vt -4892.45 3489.93
vt -4932.89 3509.14
vt -5041.07 3260.44
vt -4990.52 3245.28
vt -4977.38 3274.59
f 4594/14393/20 4593/14394/20 4595/14395/20 4596/14396/20 4597/14397/20 

g Mesh375 G_24_013751452100742 Model

v -123.626 0 -90.2364
vt 4867.18 3552.61
v -118.542 0 -88.105
vt 4667.01 3468.7
v -122.753 0 -77.7051
vt 4832.81 3059.26
v -125.116 0 -78.7066
vt 4925.82 3098.68
v -123.986 0 -82.1732
vt 4881.33 3235.17
f 4590/14370/1 4589/14369/1 4598/14398/1 4599/14399/1 4600/14400/1 4601/14401/1 4602/14402/1 

vt -1451.7 0
vn -0.930273 0 -0.366868
vt -1220.23 0
v -126.425 3.33768 -83.1747
vt -1220.23 131.405
v -124.268 3.33768 -88.6443
vt -1451.7 131.405
f 4589/14403/2362 4590/14404/2362 4603/14405/2362 4604/14406/2362 

vt -5848.07 0
vn -0.37977 0 0.925081
vt -5744.25 0
v -123.986 3.33768 -82.1732
vt -5744.25 131.405
vt -5848.07 131.405
f 4590/14407/2363 4602/14408/2363 4605/14409/2363 4603/14410/2363 

vt -1563.28 0
vn -0.950775 0 -0.309882
vt -1419.73 0
v -125.116 3.33768 -78.7066
vt -1419.73 131.405
vt -1563.28 131.405
f 4602/14411/2364 4601/14412/2364 4606/14413/2364 4605/14414/2364 

vt -5744.55 0
vn -0.390293 0 0.920691
vt -5643.53 0
v -122.753 3.33768 -77.7051
vt -5643.53 131.405
vt -5744.55 131.405
f 4601/14415/2365 4600/14416/2365 4607/14417/2365 4606/14418/2365 

vt 1021.68 0
vn 0.92689 0 0.375333
vt 1463.42 0
v -118.542 3.33768 -88.105
vt 1463.42 131.405
vt 1021.68 131.405
f 4600/14419/2366 4599/14420/2366 4608/14421/2366 4607/14422/2366 

vt 5645.13 0
vn 0.386599 0 -0.922248
vt 5862.18 0
v -123.626 3.33768 -90.2364
vt 5862.18 131.405
vt 5645.13 131.405
f 4599/14423/2367 4598/14424/2367 4609/14425/2367 4608/14426/2367 

vt -1474.67 0
vn -0.927441 0 -0.373968
vt -1407.09 0
vt -1407.09 131.405
vt -1474.67 131.405
f 4598/14427/2368 4589/14428/2368 4604/14429/2368 4609/14430/2368 

vt -4881.33 3235.17
vt -4925.82 3098.68
vt -4832.81 3059.26
vt -4667.01 3468.7
vt -4867.18 3552.61
f 4604/14393/20 4603/14397/20 4605/14431/20 4606/14432/20 4607/14433/20 4608/14434/20 4609/14435/20 

g Mesh376 G_30_35773098507791 Model

v -131.491 0 -92.5764
vt 5176.79 3644.74
v -128.993 0 -91.6198
vt 5078.47 3607.08
v -128.124 0 -93.7746
vt 5044.24 3691.91
v -124.037 0 -92.1109
vt 4883.36 3626.42
f 4588/14368/1 4592/14372/1 2193/6858/1 2192/6857/1 7/7/1 4610/14436/1 4611/14437/1 4612/14438/1 4613/14439/1 

vt 979.167 0
vn 0.917011 0 0.398862
vt 1250.37 0
v -125.295 4.1156 -89.1322
vt 1250.37 162.031
v -128.043 4.1156 -82.8152
vt 979.167 162.031
f 4592/14440/2369 4588/14441/2369 4614/14442/2369 4615/14443/2369 

vt 1313.08 0
vn 0.921186 0 0.389122
vt 1440.38 0
v -124.037 4.1156 -92.1109
vt 1440.38 162.031
vt 1313.08 162.031
f 4588/14444/2370 4613/14445/2370 4616/14446/2370 4614/14447/2370 

vt 5890.29 0
vn 0.377064 0 -0.926187
vt 6064 0
v -128.124 4.1156 -93.7746
vt 6064 162.031
vt 5890.29 162.031
f 4613/14448/2371 4612/14449/2371 4617/14450/2371 4616/14451/2371 

vt -1535.85 0
vn -0.927331 0 -0.374243
vt -1444.37 0
v -128.993 4.1156 -91.6198
vt -1444.37 162.031
vt -1535.85 162.031
f 4612/14452/2372 4611/14453/2372 4618/14454/2372 4617/14455/2372 

vt 6032.7 0
vn 0.357692 0 -0.93384
vt 6137.99 0
v -131.491 4.1156 -92.5764
vt 6137.99 162.031
vt 6032.7 162.031
f 4611/14456/2373 4610/14457/2373 4619/14458/2373 4618/14459/2373 

vt -1348.26 0
vn -0.921511 0 -0.388351
vt -887.478 0
v -136.036 4.1156 -81.7912
vt -887.478 162.031
vt -1348.26 162.031
f 4610/14460/2374 7/14461/2374 4620/14462/2374 4619/14463/2374 

vt -6173.89 0
vn -0.376377 0 0.926467
vt -5929.46 0
v -130.284 4.1156 -79.4545
vt -5929.46 162.031
vt -6173.89 162.031
f 7/14464/2375 2192/14465/2375 4621/14466/2375 4620/14467/2375 

vt -3418.16 0
vn 0.405875 0 0.913929
vt -3373.64 0
v -129.25 4.1156 -79.9135
vt -3373.64 162.031
vt -3418.16 162.031
f 2192/14468/2376 2193/14469/2376 4622/14470/2376 4621/14471/2376 

vt 950.749 0
vn 0.923318 0 0.384035
vt 1074.48 0
vt 1074.48 162.031
vt 950.749 162.031
f 2193/14472/2377 4592/14473/2377 4615/14474/2377 4622/14475/2377 

vt -4883.36 3626.42
vt -5044.24 3691.91
vt -5078.47 3607.08
vt -5176.79 3644.74
f 4615/14395/20 4614/14394/20 4616/14476/20 4617/14477/20 4618/14478/20 4619/14479/20 4620/104/20 4621/6889/20 4622/6888/20 

g Mesh377 G_19_403782495115596 Model

v -130.534 0 -94.7559
vt 5139.13 3730.55
v -131.182 0 -93.244
vt 5164.66 3671.02
v -132.62 0 -93.9374
vt 5221.28 3698.32
v -132.364 0 -94.8875
vt 5211.17 3735.73
v -135.188 0 -96.0944
vt 5322.37 3783.24
f 2179/6822/1 4623/14480/1 4624/14481/1 4625/14482/1 4626/14483/1 4627/14484/1 2180/6823/1 

vt 1526.44 0
vn 0.926739 0 0.375705
vt 1647.53 0
v -129.378 3.81518 -97.6062
vt 1647.53 150.204
v -130.534 3.81518 -94.7559
vt 1526.44 150.204
f 4623/14485/2378 2179/14486/2378 4628/14487/2378 4629/14488/2378 

vt 6212.99 0
vn 0.404669 0 -0.914463
vt 6407.72 0
v -133.901 3.81518 -99.6077
vt 6407.72 150.204
vt 6212.99 150.204
f 2179/14489/2379 2180/14490/2379 4630/14491/2379 4628/14492/2379 

vt -1869.21 0
vn -0.938994 0 -0.343934
vt -1721.9 0
v -135.188 3.81518 -96.0944
vt -1721.9 150.204
vt -1869.21 150.204
f 2180/14493/2380 4627/14494/2380 4631/14495/2380 4630/14496/2380 

vt -6380.81 0
vn -0.39291 0 0.919577
vt -6259.87 0
v -132.364 3.81518 -94.8875
vt -6259.87 150.204
vt -6380.81 150.204
f 4627/14497/2381 4626/14498/2381 4632/14499/2381 4631/14500/2381 

vt -2246.69 0
vn -0.965363 0 -0.260909
vt -2207.95 0
v -132.62 3.81518 -93.9374
vt -2207.95 150.204
vt -2246.69 150.204
f 4626/14501/2382 4625/14502/2382 4633/14503/2382 4632/14504/2382 

vt -6309.34 0
vn -0.434299 0 0.900769
vt -6246.49 0
v -131.182 3.81518 -93.244
vt -6246.49 150.204
vt -6309.34 150.204
f 4625/14505/2383 4624/14506/2383 4634/14507/2383 4633/14508/2383 

vt 1338.16 0
vn 0.919044 0 0.394155
vt 1402.92 0
vt 1402.92 150.204
vt 1338.16 150.204
f 4624/14509/2384 4623/14510/2384 4629/14511/2384 4634/14512/2384 

vt -5139.13 3730.55
vt -5322.37 3783.24
vt -5211.17 3735.73
vt -5221.28 3698.32
vt -5164.66 3671.02
f 4629/14513/20 4628/6851/20 4630/6850/20 4631/14514/20 4632/14515/20 4633/14516/20 4634/14517/20 

g Mesh378 G_22_241467670276226 Model

v -137.684 0 -97.3423
vt 5420.63 3832.37
f 4635/14518/1 2181/6824/1 2180/6823/1 4627/14484/1 

vt -1443.56 0
v -137.684 3.24019 -97.3423
vt -1443.56 127.567
v -136.294 3.24019 -100.666
vt -1585.41 127.567
f 2181/6845/1149 4635/14519/1149 4636/14520/1149 4637/14521/1149 

vt -6562.25 0
vt -6452.39 0
v -135.188 3.24019 -96.0944
vt -6452.39 127.567
vt -6562.25 127.567
f 4635/14522/1661 4627/14523/1661 4638/14524/1661 4636/14525/1661 

vt 1721.9 0
vn 0.938994 0 0.343934
vt 1869.21 0
v -133.901 3.24019 -99.6077
vt 1869.21 127.567
vt 1721.9 127.567
f 4627/14526/2385 2180/14527/2385 4639/14528/2385 4638/14529/2385 

vt 6510.71 0
vt 6510.71 127.567
vt 6407.72 127.567
f 2180/14490/2379 2181/14530/2379 4637/14531/2379 4639/14532/2379 

vt -5420.63 3832.37
f 4637/6855/20 4636/14533/20 4638/14514/20 4639/6850/20 

g Mesh379 G_19_63208681156788 Model

v -137.856 0 -96.9322
vt 5427.39 3816.23
v -139.448 0 -97.4201
vt 5490.07 3835.44
f 4640/14534/1 3/3/1 2/2/1 4641/14535/1 

vt 780.731 0
vn 0.914251 0 0.405148
vt 1290.09 0
v -137.856 2.91369 -96.9322
vt 1290.09 114.712
v -143.097 2.91369 -85.1038
vt 780.731 114.712
f 3/14536/2386 4640/14537/2386 4642/14538/2386 4643/14539/2386 

vt 6307.35 0
vn 0.293002 0 -0.956112
vt 6372.91 0
v -139.448 2.91369 -97.4201
vt 6372.91 114.712
vt 6307.35 114.712
f 4640/14540/2387 4641/14541/2387 4644/14542/2387 4642/14543/2387 

vt -1327.84 0
vt -830.511 0
v -144.485 2.91369 -85.836
vt -830.511 114.712
vt -1327.84 114.712
f 4641/14544/2 2/14545/2 4645/14546/2 4644/14547/2 

vt -6608 0
vn -0.466547 0 0.884496
vt -6546.22 0
vt -6546.22 114.712
vt -6608 114.712
f 2/14548/2388 3/14549/2388 4643/14550/2388 4645/14551/2388 

vt -5427.39 3816.23
vt -5490.07 3835.44
f 4643/108/20 4642/14552/20 4644/14553/20 4645/91/20 

g Mesh380 G_24_684440198920438 Model

f 3/3/1 4640/14534/1 4635/14518/1 4627/14484/1 4626/14483/1 4625/14482/1 4624/14481/1 4623/14480/1 4612/14438/1 4611/14437/1 4610/14436/1 7/7/1 6/6/1 5/5/1 4/4/1 

vt -1290.09 0
vn -0.914251 0 -0.405148
vt -780.731 0
v -143.097 4.00787 -85.1038
vt -780.731 157.79
v -137.856 4.00787 -96.9322
vt -1290.09 157.79
f 4640/14554/2389 3/14555/2389 4646/14556/2389 4647/14557/2389 

vt -6451.5 0
vt -6425.59 0
v -142.481 4.00787 -84.8727
vt -6425.59 157.79
vt -6451.5 157.79
f 3/14558/26 4/14559/26 4648/14560/26 4646/14561/26 

vt -1588.65 0
vt -1556.98 0
v -142.712 4.00787 -84.1023
vt -1556.98 157.79
vt -1588.65 157.79
f 4/14562/1610 5/14563/1610 4649/14564/1610 4648/14565/1610 

vt -6475.23 0
vn -0.401477 0 0.915869
vt -6233.49 0
v -137.089 4.00787 -81.6372
vt -6233.49 157.79
vt -6475.23 157.79
f 5/14566/2390 6/14567/2390 4650/14568/2390 4649/14569/2390 

vt -4874.91 0
vn 0.144799 0 0.989461
vt -4833.02 0
v -136.036 4.00787 -81.7912
vt -4833.02 157.79
vt -4874.91 157.79
f 6/14570/2391 7/14571/2391 4651/14572/2391 4650/14573/2391 

vt 887.478 0
vn 0.921511 0 0.388351
vt 1348.26 0
v -131.491 4.00787 -92.5764
vt 1348.26 157.79
vt 887.478 157.79
f 7/14574/2392 4610/14575/2392 4652/14576/2392 4651/14577/2392 

vt -6137.99 0
vn -0.357692 0 0.93384
vt -6032.7 0
v -128.993 4.00787 -91.6198
vt -6032.7 157.79
vt -6137.99 157.79
f 4610/14578/2393 4611/14579/2393 4653/14580/2393 4652/14581/2393 

vt 1444.37 0
vn 0.927331 0 0.374243
vt 1535.85 0
v -128.124 4.00787 -93.7746
vt 1535.85 157.79
vt 1444.37 157.79
f 4611/14582/2394 4612/14583/2394 4654/14584/2394 4653/14585/2394 

vt 6166.45 0
v -130.534 4.00787 -94.7559
vt 6166.45 157.79
vt 6064 157.79
f 4612/14449/2371 4623/14586/2371 4655/14587/2371 4654/14588/2371 

vt -1402.92 0
vn -0.919044 0 -0.394155
vt -1338.16 0
v -131.182 4.00787 -93.244
vt -1338.16 157.79
vt -1402.92 157.79
f 4623/14589/2395 4624/14590/2395 4656/14591/2395 4655/14592/2395 

vt 6246.49 0
vn 0.434299 0 -0.900769
vt 6309.34 0
v -132.62 4.00787 -93.9374
vt 6309.34 157.79
vt 6246.49 157.79
f 4624/14593/2396 4625/14594/2396 4657/14595/2396 4656/14596/2396 

vt 2207.95 0
vn 0.965363 0 0.260909
vt 2246.69 0
v -132.364 4.00787 -94.8875
vt 2246.69 157.79
vt 2207.95 157.79
f 4625/14597/2397 4626/14598/2397 4658/14599/2397 4657/14600/2397 

vt 6259.87 0
vn 0.39291 0 -0.919577
vt 6380.81 0
v -135.188 4.00787 -96.0944
vt 6380.81 157.79
vt 6259.87 157.79
f 4626/14601/2398 4627/14602/2398 4659/14603/2398 4658/14604/2398 

vt 6452.39 0
vt 6562.25 0
v -137.684 4.00787 -97.3423
vt 6562.25 157.79
vt 6452.39 157.79
f 4627/14605/471 4635/14606/471 4660/14607/471 4659/14608/471 

vt -1426.06 0
vt -1426.06 157.79
vt -1443.56 157.79
f 4635/14519/1149 4640/14609/1149 4647/14610/1149 4660/14611/1149 

f 4647/14552/20 4646/108/20 4648/107/20 4649/106/20 4650/105/20 4651/104/20 4652/14479/20 4653/14478/20 4654/14477/20 4655/14513/20 4656/14517/20 4657/14516/20 4658/14515/20 4659/14514/20 4660/14533/20 

g Mesh381 G_25_021875164177292 Model

v -153.009 0 -32.0721
vt 6023.99 1262.68
v -152.932 0 -32.6884
vt 6020.96 1286.95
v -152.263 0 -37.9652
vt 5994.62 1494.69
f 286/869/1 292/875/1 4661/14612/1 4662/14613/1 4663/14614/1 

vt 684.377 0
vn 0.995483 0 0.0949376
vt 918.485 0
v -149.835 2.93938 -37.7249
vt 918.485 115.724
v -150.399 2.93938 -31.8054
vt 684.377 115.724
f 292/14615/2399 286/14616/2399 4664/14617/2399 4665/14618/2399 

vt 6112.67 0
v -152.263 2.93938 -37.9652
vt 6112.67 115.724
vt 6016.6 115.724
f 286/877/147 4663/14619/147 4666/14620/147 4664/14621/147 

vt -728.783 0
vn -0.992057 0 -0.125786
vt -519.373 0
v -152.932 2.93938 -32.6884
vt -519.373 115.724
vt -728.783 115.724
f 4663/14622/2400 4662/14623/2400 4667/14624/2400 4666/14625/2400 

vt -530.199 0
vt -505.747 0
v -153.009 2.93938 -32.0721
vt -505.747 115.724
vt -530.199 115.724
f 4662/14626/1086 4661/14627/1086 4668/14628/1086 4667/14629/1086 

vt -6121.15 0
vt -6017.86 115.724
vt -6121.15 115.724
f 4661/14630/149 292/884/149 4665/14631/149 4668/14632/149 

vt -5994.62 1494.69
vt -6020.96 1286.95
vt -6023.99 1262.68
f 4665/906/20 4664/905/20 4666/14633/20 4667/14634/20 4668/14635/20 

g Mesh382 G_17_94800617188886 Model

v -155.269 0 -32.8938
vt 6112.96 1295.03
v -154.961 0 -35.5644
vt 6100.83 1400.18
v -154.422 0 -35.5674
vt 6079.61 1400.29
v -154.017 0 -38.1388
vt 6063.67 1501.53
f 4663/14614/1 4662/14613/1 4669/14636/1 4670/14637/1 4671/14638/1 4672/14639/1 

vt 519.373 0
vn 0.992057 0 0.125786
vt 728.783 0
v -152.263 2.23673 -37.9652
vt 728.783 88.0601
v -152.932 2.23673 -32.6884
vt 519.373 88.0601
f 4662/14640/2401 4663/14641/2401 4673/14642/2401 4674/14643/2401 

vt 6182.06 0
v -154.017 2.23673 -38.1388
vt 6182.06 88.0601
vt 6112.67 88.0601
f 4663/14619/147 4672/14644/147 4675/14645/147 4673/14646/147 

vt -540.244 0
vn -0.987833 0 -0.155518
vt -437.764 0
v -154.422 2.23673 -35.5674
vt -437.764 88.0601
vt -540.244 88.0601
f 4672/14647/2402 4671/14648/2402 4676/14649/2402 4675/14650/2402 

vt 6071.77 0
vn -0.00553172 0 -0.999985
vt 6092.99 0
v -154.961 2.23673 -35.5644
vt 6092.99 88.0601
vt 6071.77 88.0601
f 4671/14651/2403 4670/14652/2403 4677/14653/2403 4676/14654/2403 

vt -691.645 0
vn -0.993409 0 -0.114624
vt -585.805 0
v -155.269 2.23673 -32.8938
vt -585.805 88.0601
vt -691.645 88.0601
f 4670/14655/2404 4669/14656/2404 4678/14657/2404 4677/14658/2404 

vt -6202.89 0
vn -0.0875743 0 0.996158
vt -6110.53 0
vt -6110.53 88.0601
vt -6202.89 88.0601
f 4669/14659/2405 4662/14660/2405 4674/14661/2405 4678/14662/2405 

vt -6063.67 1501.53
vt -6079.61 1400.29
vt -6100.83 1400.18
vt -6112.96 1295.03
f 4674/14634/20 4673/14633/20 4675/14663/20 4676/14664/20 4677/14665/20 4678/14666/20 

g Mesh383 G_23_75560430757145 Model

v -125.716 0 -47.9465
vt 4949.45 1887.66
v -126.422 0 -43.3114
vt 4977.25 1705.18
v -130.672 0 -43.748
vt 5144.57 1722.36
v -130.556 0 -44.2744
vt 5140.02 1743.09
v -133.689 0 -44.6339
vt 5263.36 1757.24
v -133.766 0 -43.8764
vt 5266.39 1727.42
f 274/825/1 273/824/1 4679/14667/1 4680/14668/1 4681/14669/1 4682/14670/1 4683/14671/1 4684/14672/1 

vt -1323.05 0
vn -0.993505 0 -0.113793
vt -1115.28 0
v -134.589 3.61367 -43.9288
vt -1115.28 142.27
v -133.988 3.61367 -49.1717
vt -1323.05 142.27
f 273/14673/2406 274/14674/2406 4685/14675/2406 4686/14676/2406 

vt -5365.54 0
v -133.766 3.61367 -43.8764
vt -5365.54 142.27
vt -5397.98 142.27
f 274/838/140 4684/14677/140 4687/14678/140 4685/14679/140 

vt 1185.74 0
vn 0.994869 0 0.101173
vt 1215.71 0
v -133.689 3.61367 -44.6339
vt 1215.71 142.27
vt 1185.74 142.27
f 4684/14680/2407 4683/14681/2407 4688/14682/2407 4687/14683/2407 

vt -5429.38 0
vn -0.114006 0 0.99348
vt -5305.23 0
v -130.556 3.61367 -44.2744
vt -5305.23 142.27
vt -5429.38 142.27
f 4683/14684/2408 4682/14685/2408 4689/14686/2408 4688/14687/2408 

vt -600.493 0
vt -579.274 0
v -130.672 3.61367 -43.748
vt -579.274 142.27
vt -600.493 142.27
f 4682/14688/1015 4681/14689/1015 4690/14690/1015 4689/14691/1015 

vt -5293.63 0
vn -0.102181 0 0.994766
vt -5125.44 0
v -126.422 3.61367 -43.3114
vt -5125.44 142.27
vt -5293.63 142.27
f 4681/14692/2409 4680/14693/2409 4691/14694/2409 4690/14695/2409 

vt 936.067 0
vn 0.988592 0 0.150617
vt 1120.65 0
v -125.716 3.61367 -47.9465
vt 1120.65 142.27
vt 936.067 142.27
f 4680/14696/2410 4679/14697/2410 4692/14698/2410 4691/14699/2410 

vt 5172.6 0
vt 5501.83 142.27
vt 5172.6 142.27
f 4679/14700/143 273/844/143 4686/14701/143 4692/14702/143 

vt -5266.39 1727.42
vt -5263.36 1757.24
vt -5140.02 1743.09
vt -5144.57 1722.36
vt -4977.25 1705.18
vt -4949.45 1887.66
f 4686/865/20 4685/864/20 4687/14703/20 4688/14704/20 4689/14705/20 4690/14706/20 4691/14707/20 4692/14708/20 

g Mesh384 G_34_46761932014575 Model

v -154.913 0 -46.7139
vt 6098.93 1839.13
v -154.348 0 -51.0793
vt 6076.69 2011
v -146.802 0 -50.2536
vt 5779.6 1978.49
f 270/821/1 269/820/1 4693/14709/1 4694/14710/1 4695/14711/1 

vt 1252.24 0
vn 0.995488 0 0.0948877
vt 1404.06 0
v -146.837 8.75055 -49.821
vt 1404.06 344.51
v -147.203 8.75055 -45.982
vt 1252.24 344.51
f 269/14712/2411 270/14713/2411 4696/14714/2411 4697/14715/2411 

vt 1487.77 0
vn 0.996728 0 0.0808287
vt 1504.86 0
v -146.802 8.75055 -50.2536
vt 1504.86 344.51
vt 1487.77 344.51
f 270/14716/2412 4695/14717/2412 4698/14718/2412 4696/14719/2412 

vt 5960.5 0
vn 0.108768 0 -0.994067
vt 6259.37 0
v -154.348 8.75055 -51.0793
vt 6259.37 344.51
vt 5960.5 344.51
f 4695/14720/2413 4694/14721/2413 4699/14722/2413 4698/14723/2413 

vt -1214.47 0
vn -0.99173 0 -0.128342
vt -1041.17 0
v -154.913 8.75055 -46.7139
vt -1041.17 344.51
vt -1214.47 344.51
f 4694/14724/2414 4693/14725/2414 4700/14726/2414 4699/14727/2414 

vt -6245.43 0
vn -0.0944961 0 0.995525
vt -5940.52 0
vt -5940.52 344.51
vt -6245.43 344.51
f 4693/14728/2415 269/14729/2415 4697/14730/2415 4700/14731/2415 

vt -5779.6 1978.49
vt -6076.69 2011
vt -6098.93 1839.13
f 4697/860/20 4696/868/20 4698/14732/20 4699/14733/20 4700/14734/20 

g Mesh385 G_32_397618410336435 Model

v -145.521 0 -38.0986
vt 5729.17 1499.95
v -130.589 0 -43.4591
vt 5141.28 1710.99
v -131.552 0 -36.2498
vt 5179.19 1427.16
v -145.598 0 -37.6878
vt 5732.2 1483.77
f 4701/14735/1 276/827/1 275/826/1 274/825/1 4684/14672/1 4702/14736/1 4703/14737/1 4704/14738/1 

vt -1086.92 0
vn -0.993346 0 -0.115167
vt -830.154 0
v -145.521 3.87283 -38.0986
vt -830.154 152.473
v -144.77 3.87283 -44.5772
vt -1086.92 152.473
f 276/14739/2416 4701/14740/2416 4705/14741/2416 4706/14742/2416 

vt -418.436 0
vn -0.982872 0 -0.184289
vt -401.978 0
v -145.598 3.87283 -37.6878
vt -401.978 152.473
vt -418.436 152.473
f 4701/14743/2417 4704/14744/2417 4707/14745/2417 4705/14746/2417 

vt -5853.51 0
vn -0.101844 0 0.9948
vt -5297.61 0
v -131.552 3.87283 -36.2498
vt -5297.61 152.473
vt -5853.51 152.473
f 4704/14747/2418 4703/14748/2418 4708/14749/2418 4707/14750/2418 

vt 728.893 0
vn 0.991197 0 0.132395
vt 1015.25 0
v -130.589 3.87283 -43.4591
vt 1015.25 152.473
vt 728.893 152.473
f 4703/14751/2419 4702/14752/2419 4709/14753/2419 4708/14754/2419 

vt 5320.28 0
vt 5446.47 0
v -133.766 3.87283 -43.8764
vt 5446.47 152.473
vt 5320.28 152.473
f 4702/14755/2072 4684/14756/2072 4710/14757/2072 4709/14758/2072 

vt 5365.54 0
vn 0.0635594 0 -0.997978
vt 5397.98 0
v -134.589 3.87283 -43.9288
vt 5397.98 152.473
vt 5365.54 152.473
f 4684/14759/2420 274/14760/2420 4711/14761/2420 4710/14762/2420 

vn 0.0635596 0 -0.997978
vt 5497.96 0
v -137.123 3.87283 -44.0902
vt 5497.96 152.473
f 274/14760/2421 275/14763/2421 4712/14764/2421 4711/14761/2421 

vt 5799.62 0
vt 5799.62 152.473
f 275/14763/2420 276/14765/2420 4706/14766/2420 4712/14764/2420 

vt -5729.17 1499.95
vt -5732.2 1483.77
vt -5179.19 1427.16
vt -5141.28 1710.99
f 4706/862/20 4705/14767/20 4707/14768/20 4708/14769/20 4709/14770/20 4710/14703/20 4711/864/20 4712/863/20 

g Mesh386 G_15_175918862355884 Model

v -149.167 0 -38.5865
vt 5872.73 1519.15
v -148.628 0 -44.8265
vt 5851.49 1764.82
f 276/827/1 4701/14735/1 4713/14771/1 4714/14772/1 268/819/1 

vt 830.154 0
vn 0.993346 0 0.115167
vt 1086.92 0
v -144.77 3.12606 -44.5772
vt 1086.92 123.073
v -145.521 3.12606 -38.0986
vt 830.154 123.073
f 4701/14773/2422 276/14774/2422 4715/14775/2422 4716/14776/2422 

vt 5898.39 0
v -147.273 3.12606 -44.7366
vt 5898.39 123.073
vt 5799.62 123.073
f 276/14765/2420 268/14777/2420 4717/14778/2420 4715/14779/2420 

vt 5902.05 0
vn 0.0662051 0 -0.997806
vt 5955.5 0
v -148.628 3.12606 -44.8265
vt 5955.5 123.073
vt 5902.05 123.073
f 268/14780/2423 4714/14781/2423 4718/14782/2423 4717/14783/2423 

vt -1254.46 0
vn -0.996287 0 -0.0860988
vt -1007.88 0
v -149.167 3.12606 -38.5865
vt -1007.88 123.073
vt -1254.46 123.073
f 4714/14784/2424 4713/14785/2424 4719/14786/2424 4718/14787/2424 

vt -6022.32 0
vn -0.132621 0 0.991167
vt -5877.48 0
vt -5877.48 123.073
vt -6022.32 123.073
f 4713/14788/2425 4701/14789/2425 4716/14790/2425 4719/14791/2425 

vt -5851.49 1764.82
vt -5872.73 1519.15
f 4716/14767/20 4715/862/20 4717/861/20 4718/14792/20 4719/14793/20 

g Mesh387 G_39_90998648061552 Model

v -136.549 0 -57.4926
vt 5375.96 2263.49
f 2263/7060/1 4582/14346/1 4581/14345/1 4720/14794/1 2256/7053/1 

vt 6006.84 0
v -143.287 4.57756 -62.4551
vt 6006.84 180.219
v -135.904 4.57756 -61.0194
vt 5710.75 180.219
f 4582/14357/2356 2263/14795/2356 4721/14796/2356 4722/14797/2356 

vt -1630 0
vn -0.989797 0 -0.142483
vt -1475.25 0
v -143.847 4.57756 -58.5646
vt -1475.25 180.219
vt -1630 180.219
f 2263/14798/2426 2256/14799/2426 4723/14800/2426 4721/14801/2426 

vt -5938.23 0
vn -0.145339 0 0.989382
vt -5647.85 0
v -136.549 4.57756 -57.4926
vt -5647.85 180.219
vt -5938.23 180.219
f 2256/14802/2427 4720/14803/2427 4724/14804/2427 4723/14805/2427 

vt 1259.25 0
vn 0.983679 0 0.17993
vt 1276.98 0
v -136.468 4.57756 -57.9356
vt 1276.98 180.219
vt 1259.25 180.219
f 4720/14806/2428 4581/14807/2428 4725/14808/2428 4724/14809/2428 

vt 1400.41 0
vt 1400.41 180.219
f 4581/14807/2428 4582/14810/2428 4722/14811/2428 4725/14808/2428 

vt -5375.96 2263.49
f 4722/14367/20 4721/7093/20 4723/7092/20 4724/14812/20 4725/14364/20 

g Mesh388 G_37_50763048353218 Model

v -128.239 0 -56.6131
vt 5048.78 2228.86
v -129.549 0 -49.0507
vt 5100.34 1931.13
f 4581/14345/1 4580/14344/1 4726/14813/1 4727/14814/1 2257/7054/1 2256/7053/1 4720/14794/1 

vt 5562.38 0
vn 0.160632 0 -0.987014
vt 5669.39 0
v -136.468 5.04914 -57.9356
vt 5669.39 198.785
v -133.786 5.04914 -57.499
vt 5562.38 198.785
f 4580/14815/2429 4581/14816/2429 4728/14817/2429 4729/14818/2429 

vt -1259.25 0
v -136.549 5.04914 -57.4926
vt -1259.25 198.785
vt -1276.98 198.785
f 4581/14361/2357 4720/14819/2357 4730/14820/2357 4728/14821/2357 

vt 5647.85 0
vn 0.145339 0 -0.989382
vt 5938.23 0
v -143.847 5.04914 -58.5646
vt 5938.23 198.785
vt 5647.85 198.785
f 4720/14822/2430 2256/14823/2430 4731/14824/2430 4730/14825/2430 

vt -1190.02 0
v -144.879 5.04914 -51.3936
vt -1190.02 198.785
vt -1475.25 198.785
f 2256/14799/2426 2257/14826/2426 4732/14827/2426 4731/14828/2426 

vt -5333.54 0
v -129.549 5.04914 -49.0507
vt -5333.54 198.785
vt -5944.11 198.785
f 2257/7088/1185 4727/14829/1185 4733/14830/1185 4732/14831/1185 

vt 1032.51 0
vn 0.985334 0 0.170635
vt 1334.68 0
v -128.239 5.04914 -56.6131
vt 1334.68 198.785
vt 1032.51 198.785
f 4727/14832/2431 4726/14833/2431 4734/14834/2431 4733/14835/2431 

vt 5337.13 0
vn 0.157723 0 -0.987483
vt 5558.27 0
vt 5558.27 198.785
vt 5337.13 198.785
f 4726/14836/2432 4580/14837/2432 4729/14838/2432 4734/14839/2432 

vt -5100.34 1931.13
vt -5048.78 2228.86
f 4729/14365/20 4728/14364/20 4730/14812/20 4731/7092/20 4732/7091/20 4733/14840/20 4734/14841/20 

g Mesh389 G_28_84439389193913 Model

v -156.822 0 -133.071
vt 6174.08 5239
v -153.523 0 -131.353
vt 6044.21 5171.37
v -154.627 0 -129.097
vt 6087.69 5082.54
v -157.863 0 -131.022
vt 6215.07 5158.37
f 4735/14842/1 4736/14843/1 4737/14844/1 4738/14845/1 

vt 7749.51 0
vn 0.461925 0 -0.886919
vt 7895.93 0
v -156.822 2.88554 -133.071
vt 7895.93 113.604
v -153.523 2.88554 -131.353
vt 7749.51 113.604
f 4736/14846/2433 4735/14847/2433 4739/14848/2433 4740/14849/2433 

vt -1872.6 0
vn -0.891443 0 -0.453133
vt -1782.14 0
v -157.863 2.88554 -131.022
vt -1782.14 113.604
vt -1872.6 113.604
f 4735/14850/2434 4738/14851/2434 4741/14852/2434 4739/14853/2434 

vt -7978.98 0
vn -0.511484 0 0.859293
vt -7830.74 0
v -154.627 2.88554 -129.097
vt -7830.74 113.604
vt -7978.98 113.604
f 4738/14854/2435 4737/14855/2435 4742/14856/2435 4741/14857/2435 

vt 1888.67 0
vn 0.898177 0 0.439634
vt 1987.56 0
vt 1987.56 113.604
vt 1888.67 113.604
f 4737/14858/2436 4736/14859/2436 4740/14860/2436 4742/14861/2436 

vt -6044.21 5171.37
vt -6174.08 5239
vt -6215.07 5158.37
vt -6087.69 5082.54
f 4740/14862/20 4739/14863/20 4741/14864/20 4742/14865/20 

g Mesh390 Group30 Group29 G_29_39511122536574 Model

v -137.22 6.83 -138.993
vt -7504.84 1591.84
vn -0.265757 0.871256 0.412658
v -143.534 4.15721 -137.417
vt -7680.22 1377.45
v -135.599 4.15721 -132.306
vt -7308.65 1377.45
f 4743/14866/2437 4744/14867/2437 4745/14868/2437

vt -1968.89 -6516.27
vn -0.428556 0.871256 -0.239277
vt -2144.28 -6301.89
v -135.971 6.83988 -141.194
vt -2243.89 -6301.09
v -140.093 4.15721 -143.579
vt -2246.78 -6516.27
f 4744/14869/2438 4743/14870/2438 4746/14871/2438 4747/14872/2438 

vt 1845.47 6376.76
vn 0.425196 0.871256 0.245198
v -131.664 4.15721 -139.131
vt 2155.61 6376.76
v -135.779 6.83807 -141.521
vt 2156.21 6591.79
vt 2141.27 6591.94
vt 2041.65 6591.14
f 4745/14873/2439 4748/14874/2439 4749/14875/2439 4746/14876/2439 4743/14877/2439 

v -128.007 4.15721 -145.377
vt 2393.66 6388.8
vn 0.423597 0.871256 0.24795
v -131.087 5.43599 -144.61
vt 2306.36 6491.38
v -131.897 5.42772 -143.196
vt 2242.18 6490.71
v -135.304 6.83532 -142.321
vt 2144.7 6603.62
vt 2108.08 6603.84
vt 2108.69 6388.8
f 4750/14878/2440 4751/14879/2440 4752/14880/2440 4753/14881/2440 4749/14882/2440 4748/14883/2440 

vt 7381.8 -1754.98
vn 0.257756 0.871256 -0.417702
vt 7294.49 -1857.55
v -131.908 4.15721 -147.784
vt 7474.94 -1857.55
f 4751/14884/2441 4750/14885/2441 4754/14886/2441

v -132.73 4.15721 -146.321
vt -2465.1 -6346.62
vn -0.427995 0.871256 -0.240278
vt -2373.87 -6244.71
vt -2438.05 -6244.05
vt -2531.19 -6346.62
f 4755/14887/2442 4752/14888/2442 4751/14889/2442 4754/14890/2442 

v -136.941 4.15721 -148.837
vt 7633.82 -1892.67
vn 0.251774 0.871256 -0.421335
vt 7446.93 -1677.85
vt 7349.44 -1790.76
vt 7440.67 -1892.67
f 4756/14891/2443 4753/14892/2443 4752/14893/2443 4755/14894/2443 

vt -2012.24 -6573.5
vn -0.420973 0.871256 -0.252378
vt -2015.13 -6358.32
vt -2030.08 -6358.47
vt -2066.69 -6358.69
vt -2253.58 -6573.5
f 4747/14895/2444 4746/14896/2444 4749/14897/2444 4753/14898/2444 4756/14899/2444 

g Mesh391 Group29 G_29_39511122536574 Model

vt 5039.66 5723.52
vt 5183.62 5477.58
v -135.426 4.15721 -132.606
vt 5650.94 5410.1
vt 5515.47 5652.73
vt 5391.37 5859.73
vt 5225.57 5760.66
vt 5193.22 5818.28
f 4750/14900/1 4748/14901/1 4757/7216/1 4745/7215/1 4744/14902/1 4747/14903/1 4756/14904/1 4755/14905/1 4754/14906/1 

g Mesh392 G_29_39511122536574 Model

v -128.007 0 -145.377
v -131.664 0 -139.131
v -143.534 0 -137.417
v -140.093 0 -143.579
v -136.941 0 -148.837
v -132.73 0 -146.321
v -131.908 0 -147.784
f 4758/14900/1 4759/14901/1 2312/7216/1 2311/7215/1 4760/14902/1 4761/14903/1 4762/14904/1 4763/14905/1 4764/14906/1 

vt 2108.69 0
vn 0.863022 0 0.505166
vt 2393.66 0
vt 2393.66 163.67
vt 2108.69 163.67
f 4759/14907/2445 4758/14908/2445 4750/14909/2445 4748/14910/2445 

vt 7294.49 0
vn 0.525145 0 -0.851013
vt 7474.94 0
vt 7474.94 163.67
vt 7294.49 163.67
f 4758/14911/2446 4764/14912/2446 4754/14913/2446 4750/14914/2446 

vt -2531.19 0
vn -0.871984 0 -0.489535
vt -2465.1 0
vt -2465.1 163.67
vt -2531.19 163.67
f 4764/14915/2447 4763/14916/2447 4755/14917/2447 4754/14918/2447 

vt 7440.67 0
vn 0.512955 0 -0.858415
vt 7633.82 0
vt 7633.82 163.67
vt 7440.67 163.67
f 4763/14919/2448 4762/14920/2448 4756/14921/2448 4755/14922/2448 

vt -2253.58 0
vn -0.857678 0 -0.514188
vt -2012.24 0
vt -2012.24 163.67
vt -2253.58 163.67
f 4762/14923/2449 4761/14924/2449 4747/14925/2449 4756/14926/2449 

vt -2246.78 0
vn -0.873126 0 -0.487495
vt -1968.89 0
vt -1968.89 163.67
vt -2246.78 163.67
f 4761/14927/2450 4760/14928/2450 4744/14929/2450 4747/14930/2450 

vt -7680.22 0
vn -0.541445 0 0.840736
vt -7308.65 0
vt -7308.65 163.67
vt -7680.22 163.67
f 4760/14931/2451 2311/14932/2451 4745/14933/2451 4744/14934/2451 

vt 1845.47 0
vn 0.866281 0 0.499558
vt 1859.1 0
vt 1859.1 163.67
vt 1845.47 163.67
f 2311/14935/2452 2312/14936/2452 4757/14937/2452 4745/14938/2452 

vt 2155.61 0
vt 2155.61 163.67
f 2312/14936/2452 4759/14939/2452 4748/14940/2452 4757/14937/2452 

vt -5183.62 5477.58
vt -5039.66 5723.52
vt -5193.22 5818.28
vt -5225.57 5760.66
vt -5391.37 5859.73
vt -5515.47 5652.73
vt -5650.94 5410.1
f 4748/14941/20 4750/14942/20 4754/14943/20 4755/14944/20 4756/14945/20 4747/14946/20 4744/14947/20 4745/7246/20 4757/7245/20 

g Mesh393 G_17_39308393530935 Model

v -135.169 0 -149.941
vt 5321.62 5903.2
v -133.603 0 -152.638
vt 5259.95 6009.36
v -132.652 0 -152.047
vt 5222.54 5986.1
v -131.972 0 -153.19
vt 5195.75 6031.09
v -126.207 0 -149.364
vt 4968.78 5880.46
v -127.722 0 -146.847
vt 5028.43 5781.38
v -127.305 0 -146.577
vt 5012 5770.77
f 4758/14900/1 4764/14906/1 4765/14948/1 4766/14949/1 4767/14950/1 4768/14951/1 4769/14952/1 4770/14953/1 4771/14954/1 

vt -7474.94 0
vn -0.525145 0 0.851013
vt -7294.49 0
v -128.007 2.61254 -145.377
vt -7294.49 102.856
v -131.908 2.61254 -147.784
vt -7474.94 102.856
f 4764/14955/2453 4758/14956/2453 4772/14957/2453 4773/14958/2453 

vt 2448.41 0
v -127.305 2.61254 -146.577
vt 2448.41 102.856
vt 2393.66 102.856
f 4758/14908/2445 4771/14959/2445 4774/14960/2445 4772/14961/2445 

vt 7341.55 0
vn 0.542715 0 -0.839917
vt 7361.11 0
v -127.722 2.61254 -146.847
vt 7361.11 102.856
vt 7341.55 102.856
f 4771/14962/2454 4770/14963/2454 4775/14964/2454 4774/14965/2454 

vt 2359.46 0
vn 0.856721 0 0.515781
vt 2475.11 0
v -126.207 2.61254 -149.364
vt 2475.11 102.856
vt 2359.46 102.856
f 4770/14966/2455 4769/14967/2455 4776/14968/2455 4775/14969/2455 

vt 7391.75 0
vn 0.552986 0 -0.83319
vt 7664.16 0
v -131.972 2.61254 -153.19
vt 7664.16 102.856
vt 7391.75 102.856
f 4769/14970/2456 4768/14971/2456 4777/14972/2456 4776/14973/2456 

vt -2523.44 0
vn -0.859192 0 -0.511654
vt -2471.08 0
v -132.652 2.61254 -152.047
vt -2471.08 102.856
vt -2523.44 102.856
f 4768/14974/2457 4767/14975/2457 4778/14976/2457 4777/14977/2457 

vt 7595.7 0
vn 0.527934 0 -0.849285
vt 7639.74 0
v -133.603 2.61254 -152.638
vt 7639.74 102.856
vt 7595.7 102.856
f 4767/14978/2458 4766/14979/2458 4779/14980/2458 4778/14981/2458 

vt -2553.88 0
vn -0.864674 0 -0.502334
vt -2431.12 0
v -135.169 2.61254 -149.941
vt -2431.12 102.856
vt -2553.88 102.856
f 4766/14982/2459 4765/14983/2459 4780/14984/2459 4779/14985/2459 

vt -7695.17 0
vn -0.551665 0 0.834066
vt -7541.23 0
vt -7541.23 102.856
vt -7695.17 102.856
f 4765/14986/2460 4764/14987/2460 4773/14988/2460 4780/14989/2460 

vt -5012 5770.77
vt -5028.43 5781.38
vt -4968.78 5880.46
vt -5195.75 6031.09
vt -5222.54 5986.1
vt -5259.95 6009.36
vt -5321.62 5903.2
f 4773/14943/20 4772/14942/20 4774/14990/20 4775/14991/20 4776/14992/20 4777/14993/20 4778/14994/20 4779/14995/20 4780/14996/20 

g Mesh394 G_27_598377882207863 Model

v -122.471 0 -141.853
vt 4821.69 5584.75
v -121.4 0 -143.748
vt 4779.52 5659.35
v -118.012 0 -141.84
vt 4646.13 5584.26
v -119.07 0 -139.866
vt 4687.81 5506.54
f 4781/14997/1 4782/14998/1 4783/14999/1 4784/15000/1 

vt -2575.44 0
vn -0.870593 0 -0.492005
vt -2489.75 0
v -122.471 2.57935 -141.853
vt -2489.75 101.549
v -121.4 2.57935 -143.748
vt -2575.44 101.549
f 4782/15001/2461 4781/15002/2461 4785/15003/2461 4786/15004/2461 

vt -6980.3 0
vn -0.50439 0 0.863476
vt -6825.25 0
v -119.07 2.57935 -139.866
vt -6825.25 101.549
vt -6980.3 101.549
f 4781/15005/2462 4784/15006/2462 4787/15007/2462 4785/15008/2462 

vt 2637.52 0
vn 0.88129 0 0.472576
vt 2725.71 0
v -118.012 2.57935 -141.84
vt 2725.71 101.549
vt 2637.52 101.549
f 4784/15009/2463 4783/15010/2463 4788/15011/2463 4787/15012/2463 

vt 6788.04 0
vn 0.490545 0 -0.871416
vt 6941.12 0
vt 6941.12 101.549
vt 6788.04 101.549
f 4783/15013/2464 4782/15014/2464 4786/15015/2464 4788/15016/2464 

vt -4779.52 5659.35
vt -4821.69 5584.75
vt -4687.81 5506.54
vt -4646.13 5584.26
f 4786/15017/20 4785/15018/20 4787/15019/20 4788/15020/20 

g Mesh395 Group32 Group31 G_29_540687040035753 Model

v -118.779 3.8417 -144.478
vt -6865.3 2391.2
vn -0.241859 0.870006 0.429644
v -121.4 2.75218 -143.748
vt -6941.12 2304.2
v -118.012 2.75218 -141.84
vt -6788.04 2304.2
f 4789/15021/2465 4790/15022/2465 4791/15023/2465

vt -2575.44 -5989.15
vn -0.429238 0.870006 -0.242579
vt -2651.26 -5902.15
v -118.688 3.84052 -144.643
vt -2658.66 -5902.25
v -117.52 4.31652 -145.002
vt -2693.58 -5864.24
v -118.516 2.75218 -148.85
vt -2806.19 -5989.15
f 4790/15024/2466 4789/15025/2466 4792/15026/2466 4793/15027/2466 4794/15028/2466 

v -117.874 2.75218 -142.096
vt 2737.15 5911.67
vn 0.434513 0.870006 0.233
vt 2810.36 5998.58
vt 2802.96 5998.67
vt 2725.71 5911.67
f 4795/15029/2467 4792/15030/2467 4789/15031/2467 4791/15032/2467 

v -115.075 2.75218 -140.71
vt -6518.87 2622.36
vn -0.218872 0.870006 0.441797
v -116.2 4.27805 -144.272
vt -6620.78 2744.2
vt -6680.14 2747.28
vt -6715.05 2709.27
vt -6641.85 2622.36
f 4796/15033/2468 4797/15034/2468 4793/15035/2468 4792/15036/2468 4795/15037/2468 

vt 2795.79 5943.45
vn 0.432839 0.870006 0.236094
vt 2693.88 5821.61
v -112.61 2.75218 -145.229
vt 2896.56 5821.61
f 4797/15038/2469 4796/15039/2469 4798/15040/2469

vt 7040.83 -2171.58
vn 0.257688 0.870006 -0.420342
vt 6928.22 -2046.66
vt 6868.86 -2049.74
vt 6768.09 -2171.58
f 4794/15041/2470 4793/15042/2470 4797/15043/2470 4798/15044/2470 

g Mesh396 Group31 G_29_540687040035753 Model

vt 4666 5860.24
vt 4433.47 5717.69
vt 4530.52 5539.76
vt 4640.72 5594.35
f 4791/14999/1 4790/14998/1 4794/15045/1 4798/15046/1 4796/15047/1 4795/15048/1 

g Mesh397 G_29_540687040035753 Model

v -118.516 0 -148.85
v -112.61 0 -145.229
v -115.075 0 -140.71
v -117.874 0 -142.096
f 4783/14999/1 4782/14998/1 4799/15045/1 4800/15046/1 4801/15047/1 4802/15048/1 

vt -6941.12 0
vn -0.490545 0 0.871416
vt -6788.04 0
vt -6788.04 108.354
vt -6941.12 108.354
f 4782/15049/2471 4783/15050/2471 4791/15051/2471 4790/15052/2471 

vt 2737.15 0
vt 2737.15 108.354
vt 2725.71 108.354
f 4783/15010/2463 4802/15053/2463 4795/15054/2463 4791/15055/2463 

vt -6641.85 0
vn -0.443922 0 0.896065
vt -6518.87 0
vt -6518.87 108.354
vt -6641.85 108.354
f 4802/15056/2472 4801/15057/2472 4796/15058/2472 4795/15059/2472 

vt 2693.88 0
vt 2896.56 0
vt 2896.56 108.354
vt 2693.88 108.354
f 4801/15060/1740 4800/15061/1740 4798/15062/1740 4796/15063/1740 

vt 6768.09 0
vn 0.522649 0 -0.852548
vt 7040.83 0
vt 7040.83 108.354
vt 6768.09 108.354
f 4800/15064/2473 4799/15065/2473 4794/15066/2473 4798/15067/2473 

vt -2806.19 0
vt -2575.44 108.354
vt -2806.19 108.354
f 4799/15068/2461 4782/15001/2461 4790/15069/2461 4794/15070/2461 

vt -4640.72 5594.35
vt -4530.52 5539.76
vt -4433.47 5717.69
vt -4666 5860.24
f 4790/15017/20 4791/15020/20 4795/15071/20 4796/15072/20 4798/15073/20 4794/15074/20 

g Mesh398 G_21_830875619385207 Model

v -130.56 0 -138.36
vt 5140.14 5447.25
v -132.585 0 -133.639
vt 5219.89 5261.36
v -125.421 0 -129.402
vt 4937.82 5094.55
v -125.909 0 -128.528
vt 4957.03 5060.17
v -125.369 0 -128.233
vt 4935.8 5048.55
v -124.83 0 -127.938
vt 4914.57 5036.92
v -128.554 0 -120.517
vt 5061.16 4744.75
v -129.051 0 -120.815
vt 5080.75 4756.5
v -130.232 0 -122.061
vt 5127.25 4805.53
v -127.652 0 -127.376
vt 5025.65 5014.81
f 4759/14901/1 4803/15075/1 4804/15076/1 4805/15077/1 4806/15078/1 4807/15079/1 4808/15080/1 4809/15081/1 4810/15082/1 4811/15083/1 4812/15084/1 2314/7218/1 2313/7217/1 2312/7216/1 

vt 7332.39 0
vn 0.572182 0 -0.820127
vt 7385.4 0
v -131.664 3.23089 -139.131
vt 7385.4 127.2
v -130.56 3.23089 -138.36
vt 7332.39 127.2
f 4803/15085/2474 4759/15086/2474 4813/15087/2474 4814/15088/2474 

vt -2155.61 0
v -135.426 3.23089 -132.606
vt -1859.1 127.2
vt -2155.61 127.2
f 4759/15089/1203 2312/7221/1203 4815/15090/1203 4813/15091/1203 

vt -7281.4 0
vn -0.526383 0 0.850248
vt -7024.4 0
v -129.876 3.23089 -129.17
vt -7024.4 127.2
vt -7281.4 127.2
f 2312/15092/2475 2313/15093/2475 4816/15094/2475 4815/15095/2475 

vt -1978.78 0
vn -0.87531 0 -0.483563
vt -1958.13 0
v -130.13 3.23089 -128.711
vt -1958.13 127.2
vt -1978.78 127.2
f 2313/15096/2476 2314/15097/2476 4817/15098/2476 4816/15099/2476 

vt -6913.91 0
vn -0.474372 0 0.880325
vt -6803.09 0
v -127.652 3.23089 -127.376
vt -6803.09 127.2
vt -6913.91 127.2
f 2314/15100/2477 4812/15101/2477 4818/15102/2477 4817/15103/2477 

vt -2316.26 0
vn -0.899581 0 -0.436753
vt -2083.62 0
v -130.232 3.23089 -122.061
vt -2083.62 127.2
vt -2316.26 127.2
f 4812/15104/2478 4811/15105/2478 4819/15106/2478 4818/15107/2478 

vt -7015.07 0
vn -0.725559 0 0.688159
vt -6947.49 0
v -129.051 3.23089 -120.815
vt -6947.49 127.2
vt -7015.07 127.2
f 4811/15108/2479 4810/15109/2479 4820/15110/2479 4819/15111/2479 

vt -6803.91 0
vn -0.514496 0 0.857493
vt -6781.06 0
v -128.554 3.23089 -120.517
vt -6781.06 127.2
vt -6803.91 127.2
f 4810/15112/2480 4809/15113/2480 4821/15114/2480 4820/15115/2480 

vt 1971.21 0
vn 0.893808 0 0.44845
vt 2298.1 0
v -124.83 3.23089 -127.938
vt 2298.1 127.2
vt 1971.21 127.2
f 4809/15116/2481 4808/15117/2481 4822/15118/2481 4821/15119/2481 

vt 6729.86 0
vn 0.480315 0 -0.877096
vt 6754.06 0
v -125.369 3.23089 -128.233
vt 6754.06 127.2
vt 6729.86 127.2
f 4808/15120/2482 4807/15121/2482 4823/15122/2482 4822/15123/2482 

vt 6778.27 0
v -125.909 3.23089 -128.528
vt 6778.27 127.2
f 4807/15121/2482 4806/15124/2482 4824/15125/2482 4823/15122/2482 

vt 1999.1 0
vn 0.872943 0 0.487821
vt 2038.48 0
v -125.421 3.23089 -129.402
vt 2038.48 127.2
vt 1999.1 127.2
f 4806/15126/2483 4805/15127/2483 4825/15128/2483 4824/15129/2483 

vt 6843.53 0
vn 0.509041 0 -0.860742
vt 7171.22 0
v -132.585 3.23089 -133.639
vt 7171.22 127.2
vt 6843.53 127.2
f 4805/15130/2484 4804/15131/2484 4826/15132/2484 4825/15133/2484 

vt 2777.48 0
vn 0.919016 0 0.394221
vt 2979.76 0
vt 2979.76 127.2
vt 2777.48 127.2
f 4804/15134/2485 4803/15135/2485 4814/15136/2485 4826/15137/2485 

vt -5140.14 5447.25
vt -5025.65 5014.81
vt -5127.25 4805.53
vt -5080.75 4756.5
vt -5061.16 4744.75
vt -4914.57 5036.92
vt -4935.8 5048.55
vt -4957.03 5060.17
vt -4937.82 5094.55
vt -5219.89 5261.36
f 4814/15138/20 4813/14941/20 4815/7245/20 4816/7250/20 4817/7249/20 4818/15139/20 4819/15140/20 4820/15141/20 4821/15142/20 4822/15143/20 4823/15144/20 4824/15145/20 4825/15146/20 4826/15147/20 

g Mesh399 G_20_322581056666063 Model

v -116.12 0 -128.852
vt 4571.66 5072.89
v -122.904 0 -132.534
vt 4838.75 5217.89
v -121.675 0 -135.009
vt 4790.35 5315.32
v -117.695 0 -133.263
vt 4633.64 5246.57
v -116.179 0 -136.036
vt 4574 5355.76
v -113.201 0 -134.855
vt 4456.72 5309.25
f 4827/15148/1 4828/15149/1 4829/15150/1 4830/15151/1 4831/15152/1 4832/15153/1 

vt -6741.96 0
vn -0.477092 0 0.878853
vt -6438.05 0
v -116.12 2.81106 -128.852
vt -6438.05 110.672
v -122.904 2.81106 -132.534
vt -6741.96 110.672
f 4828/15154/2486 4827/15155/2486 4833/15156/2486 4834/15157/2486 

vt 2562.92 0
vn 0.899314 0 0.437304
vt 2825.74 0
v -113.201 2.81106 -134.855
vt 2825.74 110.672
vt 2562.92 110.672
f 4827/15158/2487 4832/15159/2487 4835/15160/2487 4833/15161/2487 

vt 6100 0
vn 0.368626 0 -0.929578
vt 6226.16 0
v -116.179 2.81106 -136.036
vt 6226.16 110.672
vt 6100 110.672
f 4832/15162/2488 4831/15163/2488 4836/15164/2488 4835/15165/2488 

vt -2507.26 0
vn -0.877585 0 -0.479421
vt -2382.85 0
v -117.695 2.81106 -133.263
vt -2382.85 110.672
vt -2507.26 110.672
f 4831/15166/2489 4830/15167/2489 4837/15168/2489 4836/15169/2489 

vt 6351.06 0
vn 0.401748 0 -0.91575
vt 6522.18 0
v -121.675 2.81106 -135.009
vt 6522.18 110.672
vt 6351.06 110.672
f 4830/15170/2490 4829/15171/2490 4838/15172/2490 4837/15173/2490 

vt -2629.15 0
vn -0.895586 0 -0.444889
vt -2520.36 0
vt -2520.36 110.672
vt -2629.15 110.672
f 4829/15174/2491 4828/15175/2491 4834/15176/2491 4838/15177/2491 

vt -4838.75 5217.89
vt -4571.66 5072.89
vt -4456.72 5309.25
vt -4574 5355.76
vt -4633.64 5246.57
vt -4790.35 5315.32
f 4834/15178/20 4833/15179/20 4835/15180/20 4836/15181/20 4837/15182/20 4838/15183/20 

g Mesh400 Group34 Group33 G_33_543455234357644 Model

v -116.12 5.01405 -128.852
vt 2562.92 5384.72
vn 0.496933 0.833467 0.241641
v -121.008 7.4736 -127.284
vt 2423.26 5559.96
v -122.824 7.4905 -123.607
vt 2261.83 5561.16
v -117.746 5.01405 -125.508
vt 2416.55 5384.72
f 4839/15184/2492 4840/15185/2492 4841/15186/2492 4842/15187/2492 

v -122.904 5.01405 -132.534
vt 6741.96 -1788.92
vn 0.263626 0.833467 -0.485627
v -121.956 6.66008 -129.195
vt 6646.44 -1671.64
v -121.536 6.66066 -128.965
vt 6627.58 -1671.6
vt 6577.72 -1613.68
vt 6438.05 -1788.92
f 4843/15188/2493 4844/15189/2493 4845/15190/2493 4840/15191/2493 4839/15192/2493 

vt -2025.46 -5435.16
vn -0.479412 0.833467 -0.274767
vt -2120.98 -5552.44
v -125.369 5.01405 -128.233
vt -1925.8 -5552.44
f 4844/15193/2494 4843/15194/2494 4846/15195/2494

v -124.83 5.01405 -127.938
vt -6729.86 1823.79
vn -0.265407 0.833467 0.484656
vt -6635.53 1941.11
vt -6654.4 1941.07
vt -6754.06 1823.79
f 4847/15196/2495 4845/15197/2495 4844/15198/2495 4846/15199/2495 

v -128.554 5.01405 -120.517
vt -1971.21 -5434.72
vn -0.493891 0.833467 -0.2478
v -127.585 6.57881 -117.183
vt -1871.01 -5323.23
v -125.494 7.62925 -117.819
vt -1930.31 -5248.39
v -122.712 7.64674 -123.304
vt -2172.43 -5247.14
vt -2181.14 -5258.27
vt -2342.56 -5259.48
vt -2392.42 -5317.4
vt -2298.1 -5434.72
f 4848/15200/2496 4849/15201/2496 4850/15202/2496 4851/15203/2496 4841/15204/2496 4840/15205/2496 4845/15206/2496 4847/15207/2496 

v -129.051 5.01405 -120.815
vt 6803.91 -1111.65
vn 0.284295 0.833467 -0.473824
v -127.677 6.57968 -117.236
vt 6685.02 -1000.1
vt 6680.86 -1000.16
vt 6781.06 -1111.65
f 4852/15208/2497 4853/15209/2497 4849/15210/2497 4848/15211/2497 

vt -2942.7 -4988.7
vn -0.528383 0.833467 -0.161691
vt -3061.6 -5100.25
v -130.489 5.01405 -116.116
vt -2868.12 -5100.25
f 4853/15212/2498 4852/15213/2498 4854/15214/2498

v -124.326 5.01405 -112.624
vt -6444.54 1313.03
vn -0.272424 0.833467 0.480748
v -125.391 7.46574 -117.478
vt -6575.25 1487.71
vt -6585.38 1499.36
vt -6644.68 1424.52
vt -6648.84 1424.58
vt -6723.42 1313.03
f 4855/15215/2499 4856/15216/2499 4850/15217/2499 4849/15218/2499 4853/15219/2499 4854/15220/2499 

vt 874.742 5753.31
vn 0.448709 0.833467 0.322479
vt 744.032 5578.63
v -122.227 5.01405 -115.545
vt 885.649 5578.63
f 4856/15221/2500 4855/15222/2500 4857/15223/2500

v -117.232 5.01405 -125.29
vt 2284.6 5407.6
vn 0.491746 0.833467 0.252028
vt 2116.62 5595.18
vt 1874.51 5593.94
vt 1864.38 5582.29
vt 1853.48 5407.6
f 4858/15224/2501 4851/15225/2501 4850/15226/2501 4856/15227/2501 4857/15228/2501 

vt 6199.07 -2169.95
vn 0.216132 0.833467 -0.508547
vt 6353.79 -1993.5
vt 6345.08 -1982.37
vt 6177.1 -2169.95
f 4842/15229/2502 4841/15230/2502 4851/15231/2502 4858/15232/2502 

g Mesh401 Group33 G_33_543455234357644 Model

vt 4635.67 4941.26
vt 4615.45 4932.66
vt 4812.08 4549
vt 4894.73 4434
vt 5137.36 4571.49
f 4843/15149/1 4839/15148/1 4842/15233/1 4858/15234/1 4857/15235/1 4855/15236/1 4854/15237/1 4852/15082/1 4848/15081/1 4847/15080/1 4846/15079/1 

g Mesh402 G_33_543455234357644 Model

v -117.746 0 -125.508
v -117.232 0 -125.29
v -122.227 0 -115.545
v -124.326 0 -112.624
v -130.489 0 -116.116
f 4828/15149/1 4827/15148/1 4859/15233/1 4860/15234/1 4861/15235/1 4862/15236/1 4863/15237/1 4810/15082/1 4809/15081/1 4808/15080/1 4807/15079/1 

vt 6438.05 0
vt 6741.96 0
vt 6741.96 197.404
vt 6438.05 197.404
f 4827/15238/169 4828/15239/169 4843/15240/169 4839/15241/169 

vt -2120.98 0
vn -0.867605 0 -0.497254
vt -1925.8 0
vt -1925.8 197.404
vt -2120.98 197.404
f 4828/15242/2503 4807/15243/2503 4846/15244/2503 4843/15245/2503 

vt -6754.06 0
vn -0.480315 0 0.877096
vt -6729.86 0
vt -6729.86 197.404
vt -6754.06 197.404
f 4807/15246/2504 4808/15247/2504 4847/15248/2504 4846/15249/2504 

vt -2298.1 0
vn -0.893808 0 -0.44845
vt -1971.21 0
vt -1971.21 197.404
vt -2298.1 197.404
f 4808/15250/2505 4809/15251/2505 4848/15252/2505 4847/15253/2505 

vt 6781.06 0
vn 0.514496 0 -0.857493
vt 6803.91 0
vt 6803.91 197.404
vt 6781.06 197.404
f 4809/15254/2506 4810/15255/2506 4852/15256/2506 4848/15257/2506 

vt -3061.6 0
vn -0.95623 0 -0.292617
vt -2868.12 0
vt -2868.12 197.404
vt -3061.6 197.404
f 4810/15258/2507 4863/15259/2507 4854/15260/2507 4852/15261/2507 

vt -6723.42 0
vn -0.493013 0 0.870022
vt -6444.54 0
vt -6444.54 197.404
vt -6723.42 197.404
f 4863/15262/2508 4862/15263/2508 4855/15264/2508 4854/15265/2508 

vt 744.032 0
vn 0.812042 0 0.583599
vt 885.649 0
vt 885.649 197.404
vt 744.032 197.404
f 4862/15266/2509 4861/15267/2509 4857/15268/2509 4855/15269/2509 

vt 1853.48 0
vn 0.889927 0 0.456102
vt 2284.6 0
vt 2284.6 197.404
vt 1853.48 197.404
f 4861/15270/2510 4860/15271/2510 4858/15272/2510 4857/15273/2510 

vt 6177.1 0
vn 0.391141 0 -0.920331
vt 6199.07 0
vt 6199.07 197.404
vt 6177.1 197.404
f 4860/15274/2511 4859/15275/2511 4842/15276/2511 4858/15277/2511 

vt 2416.55 0
vt 2562.92 197.404
vt 2416.55 197.404
f 4859/15278/2487 4827/15158/2487 4839/15279/2487 4842/15280/2487 

vt -5137.36 4571.49
vt -4894.73 4434
vt -4812.08 4549
vt -4615.45 4932.66
vt -4635.67 4941.26
f 4839/15179/20 4843/15178/20 4846/15144/20 4847/15143/20 4848/15142/20 4852/15141/20 4854/15281/20 4855/15282/20 4857/15283/20 4858/15284/20 4842/15285/20 

g Mesh403 G_52_608553806635754 Model

v -158.485 0 -168.392
vt 6239.58 6629.59
v -153.144 0 -165.413
vt 6029.3 6512.32
f 91/266/1 95/270/1 4864/15286/1 4865/15287/1 

vt -8626.35 0
vn -0.468581 0 0.88342
vt -8378.43 0
v -154.001 2.88126 -163.823
vt -8378.43 113.435
v -159.564 2.88126 -166.774
vt -8626.35 113.435
f 95/15288/2512 91/15289/2512 4866/15290/2512 4867/15291/2512 

vt 2872.17 0
v -153.144 2.88126 -165.413
vt 2872.17 113.435
vt 2801.07 113.435
f 91/272/49 4865/15292/49 4868/15293/49 4866/15294/49 

vt 8437.72 0
vn 0.487068 0 -0.873364
vt 8678.49 0
v -158.485 2.88126 -168.392
vt 8678.49 113.435
vt 8437.72 113.435
f 4865/15295/2513 4864/15296/2513 4869/15297/2513 4868/15298/2513 

vt -2055.06 0
vn -0.83205 0 -0.5547
vt -1978.51 0
vt -1978.51 113.435
vt -2055.06 113.435
f 4864/15299/2514 95/15300/2514 4867/15301/2514 4869/15302/2514 

vt -6029.3 6512.32
vt -6239.58 6629.59
f 4867/293/20 4866/292/20 4868/15303/20 4869/15304/20 

g Mesh404 G_45_99647352491498 Model

v -161.67 0 -149.595
vt 6364.95 5889.56
v -167.73 0 -152.933
vt 6603.54 6020.98
f 93/268/1 92/267/1 4870/15305/1 4871/15306/1 

vt 8446.46 0
vn 0.494602 0 -0.86912
vt 8721.03 0
v -166.907 2.36858 -154.572
vt 8721.03 93.2512
v -160.846 2.36858 -151.123
vt 8446.46 93.2512
f 92/15307/2515 93/15308/2515 4872/15309/2515 4873/15310/2515 

vt -2419.73 0
v -167.73 2.36858 -152.933
vt -2419.73 93.2512
vt -2491.92 93.2512
f 93/284/51 4871/15311/51 4874/15312/51 4872/15313/51 

vt -8689.11 0
vn -0.482489 0 0.875902
vt -8416.71 0
v -161.67 2.36858 -149.595
vt -8416.71 93.2512
vt -8689.11 93.2512
f 4871/15314/2516 4870/15315/2516 4875/15316/2516 4874/15317/2516 

vt 2164.71 0
vt 2233.04 93.2512
vt 2164.71 93.2512
f 4870/15318/49 92/271/49 4873/15319/49 4875/15320/49 

vt -6603.54 6020.98
vt -6364.95 5889.56
f 4873/291/20 4872/295/20 4874/15321/20 4875/15322/20 

g Mesh405 G_25_068408936537416 Model

v -150.705 0 -161.202
vt 5933.26 6346.52
v -144.645 0 -157.889
vt 5694.67 6216.1
f 104/312/1 103/311/1 4876/15323/1 4877/15324/1 

vt -8266.28 0
vn -0.483254 0 0.87548
vt -7989.07 0
v -146.445 3.38394 -154.603
vt -7989.07 133.226
v -152.61 3.38394 -158.005
vt -8266.28 133.226
f 103/15325/2517 104/15326/2517 4878/15327/2517 4879/15328/2517 

vt 2714.75 0
v -144.645 3.38394 -157.889
vt 2714.75 133.226
vt 2567.22 133.226
f 104/323/59 4877/15329/59 4880/15330/59 4878/15331/59 

vt 7978.34 0
vn 0.479633 0 -0.877469
vt 8250.25 0
v -150.705 3.38394 -161.202
vt 8250.25 133.226
vt 7978.34 133.226
f 4877/15332/2518 4876/15333/2518 4881/15334/2518 4880/15335/2518 

vt -2414.1 0
vt -2267.61 133.226
vt -2414.1 133.226
f 4876/15336/57 103/314/57 4879/15337/57 4881/15338/57 

vt -5694.67 6216.1
vt -5933.26 6346.52
f 4879/330/20 4878/333/20 4880/15339/20 4881/15340/20 

g Mesh406 G_27_82481220845169 Model

v -153.298 0 -142.096
vt 6035.37 5594.35
v -159.872 0 -145.82
vt 6294.18 5740.94
f 102/310/1 105/313/1 4882/15341/1 4883/15342/1 

vt 8016.67 0
vn 0.495714 0 -0.868486
vt 8310.26 0
v -158.481 3.24169 -148.154
vt 8310.26 127.626
v -152.005 3.24169 -144.457
vt 8016.67 127.626
f 105/15343/2519 102/15344/2519 4884/15345/2519 4885/15346/2519 

vt -1709.13 0
v -159.872 3.24169 -145.82
vt -1709.13 127.626
vt -1816.1 127.626
f 102/315/57 4883/15347/57 4886/15348/57 4884/15349/57 

vt -8306.06 0
vn -0.492841 0 0.870119
vt -8008.62 0
v -153.298 3.24169 -142.096
vt -8008.62 127.626
vt -8306.06 127.626
f 4883/15350/2520 4882/15351/2520 4887/15352/2520 4886/15353/2520 

vt 2005.77 0
vt 2111.76 127.626
vt 2005.77 127.626
f 4882/15354/59 105/322/59 4885/15355/59 4887/15356/59 

vt -6294.18 5740.94
vt -6035.37 5594.35
f 4885/332/20 4884/331/20 4886/15357/20 4887/15358/20 

g Mesh407 G_21_182572888105344 Model

v -136.209 0 -149.325
vt 5362.56 5878.94
v -136.594 0 -149.646
vt 5377.72 5891.58
v -136.398 0 -149.996
vt 5370.02 5905.35
v -137.901 0 -150.933
vt 5429.16 5942.25
f 2304/7190/1 4888/15359/1 4889/15360/1 4890/15361/1 4891/15362/1 2305/7191/1 

vt 2083.16 0
v -134.821 2.30011 -151.507
vt 2184.97 90.5555
v -136.209 2.30011 -149.325
vt 2083.16 90.5555
f 4888/15363/1201 2304/7202/1201 4892/15364/1201 4893/15365/1201 

vt 7644.44 0
vn 0.523262 0 -0.852172
vt 7741.28 0
v -136.917 2.30011 -152.794
vt 7741.28 90.5555
vt 7644.44 90.5555
f 2304/15366/2521 2305/15367/2521 4894/15368/2521 4892/15369/2521 

vt -2800.67 0
vn -0.88418 0 -0.467146
vt -2717.81 0
v -137.901 2.30011 -150.933
vt -2717.81 90.5555
vt -2800.67 90.5555
f 2305/15370/2522 4891/15371/2522 4895/15372/2522 4894/15373/2522 

vt -7751.64 0
vn -0.529347 0 0.848405
vt -7681.93 0
v -136.398 2.30011 -149.996
vt -7681.93 90.5555
vt -7751.64 90.5555
f 4891/15374/2523 4890/15375/2523 4896/15376/2523 4895/15377/2523 

vt -2530.76 0
vn -0.872642 0 -0.48836
vt -2514.98 0
v -136.594 2.30011 -149.646
vt -2514.98 90.5555
vt -2530.76 90.5555
f 4890/15378/2524 4889/15379/2524 4897/15380/2524 4896/15381/2524 

vt -7902.98 0
vn -0.640184 0 0.768221
vt -7883.24 0
vt -7883.24 90.5555
vt -7902.98 90.5555
f 4889/15382/2525 4888/15383/2525 4893/15384/2525 4897/15385/2525 

vt -5362.56 5878.94
vt -5429.16 5942.25
vt -5370.02 5905.35
vt -5377.72 5891.58
f 4893/15386/20 4892/7213/20 4894/7212/20 4895/15387/20 4896/15388/20 4897/15389/20 

g Mesh408 G_53_30402979788597 Model

f 2305/7191/1 4891/15362/1 3180/9939/1 2301/7187/1 

vt 2717.81 0
vn 0.88418 0 0.467146
vt 2800.67 0
v -136.917 2.91506 -152.794
vt 2800.67 114.766
v -137.901 2.91506 -150.933
vt 2717.81 114.766
f 4891/15390/2526 2305/15391/2526 4898/15392/2526 4899/15393/2526 

vt 7811.08 0
v -138.428 2.91506 -153.722
vt 7811.08 114.766
vt 7741.28 114.766
f 2305/15367/2521 2301/15394/2521 4900/15395/2521 4898/15396/2521 

vt -2221.07 0
v -139.557 2.91506 -151.883
vt -2221.07 114.766
vt -2306.01 114.766
f 2301/7193/1199 3180/15397/1199 4901/15398/1199 4900/15399/1199 

vt -7741.29 0
vn -0.497587 0 0.867414
vt -7666.12 0
vt -7666.12 114.766
vt -7741.29 114.766
f 3180/15400/2527 4891/15401/2527 4899/15402/2527 4901/15403/2527 

f 4899/15387/20 4898/7212/20 4900/7211/20 4901/9986/20 

g Mesh409 G_14_549599785883931 Model

v -145.819 0 -148.304
vt 5740.92 5838.75
v -141.3 0 -144.247
vt 5562.99 5679.02
v -141.752 0 -144.501
vt 5580.81 5689
v -140.931 0 -145.823
vt 5548.45 5741.07
f 4902/15404/1 1232/3944/1 1243/3955/1 1242/3954/1 3180/9939/1 4891/15362/1 4890/15361/1 4889/15360/1 4762/14904/1 4761/14903/1 4903/15405/1 4904/15406/1 4905/15407/1 

vt -3012.04 0
vn -0.903326 0 -0.428954
vt -2811.71 0
v -145.819 2.71077 -148.304
vt -2811.71 106.723
v -143.637 2.71077 -152.901
vt -3012.04 106.723
f 1232/15408/2528 4902/15409/2528 4906/15410/2528 4907/15411/2528 

vt -7761.85 0
vn -0.452592 0 0.891718
vt -7546.02 0
v -140.931 2.71077 -145.823
vt -7546.02 106.723
vt -7761.85 106.723
f 4902/15412/2529 4905/15413/2529 4908/15414/2529 4906/15415/2529 

vt -1948.05 0
vt -1886.76 0
v -141.752 2.71077 -144.501
vt -1886.76 106.723
vt -1948.05 106.723
f 4905/15416/1305 4904/15417/1305 4909/15418/1305 4908/15419/1305 

vt -7649.44 0
vn -0.488792 0 0.872401
vt -7629.01 0
v -141.3 2.71077 -144.247
vt -7629.01 106.723
vt -7649.44 106.723
f 4904/15420/2530 4903/15421/2530 4910/15422/2530 4909/15423/2530 

vt -7616.8 0
vt -7562.5 0
v -140.093 2.71077 -143.579
vt -7562.5 106.723
vt -7616.8 106.723
f 4903/15424/92 4761/15425/92 4911/15426/92 4910/15427/92 

vt 2012.24 0
vn 0.857678 0 0.514188
vt 2253.58 0
v -136.941 2.71077 -148.837
vt 2253.58 106.723
vt 2012.24 106.723
f 4761/15428/2531 4762/15429/2531 4912/15430/2531 4911/15431/2531 

vt 3262.18 0
vn 0.919145 0 0.393919
vt 3296.83 0
v -136.594 2.71077 -149.646
vt 3296.83 106.723
vt 3262.18 106.723
f 4762/15432/2532 4889/15433/2532 4913/15434/2532 4912/15435/2532 

vt 2514.98 0
vn 0.872642 0 0.48836
vt 2530.76 0
v -136.398 2.71077 -149.996
vt 2530.76 106.723
vt 2514.98 106.723
f 4889/15436/2533 4890/15437/2533 4914/15438/2533 4913/15439/2533 

vt 7681.93 0
vn 0.529347 0 -0.848405
vt 7751.64 0
v -137.901 2.71077 -150.933
vt 7751.64 106.723
vt 7681.93 106.723
f 4890/15440/2534 4891/15441/2534 4915/15442/2534 4914/15443/2534 

vt 7666.12 0
vn 0.497587 0 -0.867414
vt 7741.29 0
v -139.557 2.71077 -151.883
vt 7741.29 106.723
vt 7666.12 106.723
f 4891/15444/2535 3180/15445/2535 4916/15446/2535 4915/15447/2535 

vt 7577.79 0
vn 0.443916 0 -0.896068
vt 7702.3 0
v -142.391 2.71077 -153.287
vt 7702.3 106.723
vt 7577.79 106.723
f 3180/15448/2536 1242/15449/2536 4917/15450/2536 4916/15451/2536 

vt -2550.33 0
v -142.831 2.71077 -152.487
vt -2550.33 106.723
vt -2586.3 106.723
f 1242/9983/1662 1243/15452/1662 4918/15453/1662 4917/15454/1662 

vt 7745.61 0
vn 0.457108 0 -0.889411
vt 7781.27 0
vt 7781.27 106.723
vt 7745.61 106.723
f 1243/15455/2537 1232/15456/2537 4907/15457/2537 4918/15458/2537 

vt -5740.92 5838.75
vt -5548.45 5741.07
vt -5580.81 5689
vt -5562.99 5679.02
f 4907/4003/20 4906/15459/20 4908/15460/20 4909/15461/20 4910/15462/20 4911/14946/20 4912/14945/20 4913/15389/20 4914/15388/20 4915/15387/20 4916/9986/20 4917/4005/20 4918/4004/20 

g Mesh410 G_29_778658001068845 Model

v -156.489 0 -133.725
vt 6160.98 5264.77
v -156.855 0 -133.969
vt 6175.39 5274.38
v -153.883 0 -139.984
vt 6058.37 5511.2
v -152.136 0 -139.188
vt 5989.62 5479.86
v -147.001 0 -148.869
vt 5787.42 5861
v -147.745 0 -131.793
vt 5816.74 5188.69
v -152.239 0 -133.976
vt 5993.66 5274.63
f 4736/14843/1 4735/14842/1 4919/15463/1 4920/15464/1 4921/15465/1 4922/15466/1 4923/15467/1 4902/15404/1 4905/15407/1 4904/15406/1 4903/15405/1 4924/15468/1 4925/15469/1 

vt -7895.93 0
vn -0.461925 0 0.886919
vt -7749.51 0
v -153.523 3.10533 -131.353
vt -7749.51 122.257
v -156.822 3.10533 -133.071
vt -7895.93 122.257
f 4735/15470/2538 4736/15471/2538 4926/15472/2538 4927/15473/2538 

vt 2102.53 0
v -152.239 3.10533 -133.976
vt 2102.53 122.257
vt 1987.56 122.257
f 4736/14859/2436 4925/15474/2436 4928/15475/2436 4926/15476/2436 

vt -7695.86 0
vn -0.436904 0 0.899508
vt -7499.17 0
v -147.745 3.10533 -131.793
vt -7499.17 122.257
vt -7695.86 122.257
f 4925/15477/2539 4924/15478/2539 4929/15479/2539 4928/15480/2539 

vt 1934.65 0
vn 0.888115 0 0.459622
vt 2486.75 0
v -141.3 3.10533 -144.247
vt 2486.75 122.257
vt 1934.65 122.257
f 4924/15481/2540 4903/15482/2540 4930/15483/2540 4929/15484/2540 

vt 7629.01 0
vn 0.488792 0 -0.872401
vt 7649.44 0
v -141.752 3.10533 -144.501
vt 7649.44 122.257
vt 7629.01 122.257
f 4903/15485/2541 4904/15486/2541 4931/15487/2541 4930/15488/2541 

vt 1886.76 0
vn 0.849385 0 0.527773
vt 1948.05 0
v -140.931 3.10533 -145.823
vt 1948.05 122.257
vt 1886.76 122.257
f 4904/15489/2542 4905/15490/2542 4932/15491/2542 4931/15492/2542 

vt 7546.02 0
vn 0.452592 0 -0.891718
vt 7761.85 0
v -145.819 3.10533 -148.304
vt 7761.85 122.257
vt 7546.02 122.257
f 4905/15493/2543 4902/15494/2543 4933/15495/2543 4932/15496/2543 

vt 7698.24 0
vn 0.431455 0 -0.902134
vt 7749.79 0
v -147.001 3.10533 -148.869
vt 7749.79 122.257
vt 7698.24 122.257
f 4902/15497/2544 4923/15498/2544 4934/15499/2544 4933/15500/2544 

vt -2465.31 0
vn -0.883389 0 -0.468641
vt -2033.86 0
v -152.136 3.10533 -139.188
vt -2033.86 122.257
vt -2465.31 122.257
f 4923/15501/2545 4922/15502/2545 4935/15503/2545 4934/15504/2545 

vt 7723.11 0
vn 0.414811 0 -0.909908
vt 7798.66 0
v -153.883 3.10533 -139.984
vt 7798.66 122.257
vt 7723.11 122.257
f 4922/15505/2546 4921/15506/2546 4936/15507/2546 4935/15508/2546 

vt -2257.06 0
vn -0.896522 0 -0.442999
vt -1992.91 0
v -156.855 3.10533 -133.969
vt -1992.91 122.257
vt -2257.06 122.257
f 4921/15509/2547 4920/15510/2547 4937/15511/2547 4936/15512/2547 

vt -8063.93 0
vn -0.5547 0 0.83205
vt -8046.62 0
v -156.489 3.10533 -133.725
vt -8046.62 122.257
vt -8063.93 122.257
f 4920/15513/2548 4919/15514/2548 4938/15515/2548 4937/15516/2548 

vt -1901.5 0
vt -1872.6 122.257
vt -1901.5 122.257
f 4919/15517/2434 4735/14850/2434 4927/15518/2434 4938/15519/2434 

vt -5993.66 5274.63
vt -5816.74 5188.69
vt -5787.42 5861
vt -5989.62 5479.86
vt -6058.37 5511.2
vt -6175.39 5274.38
vt -6160.98 5264.77
f 4927/14863/20 4926/14862/20 4928/15520/20 4929/15521/20 4930/15462/20 4931/15461/20 4932/15460/20 4933/15459/20 4934/15522/20 4935/15523/20 4936/15524/20 4937/15525/20 4938/15526/20 

g Mesh411 G_35_168786653456536 Model

v -85.3135 0 -99.1935
vt 3358.8 3905.26
v -81.1535 0 -105.921
vt 3195.02 4170.13
v -71.4982 0 -99.1678
vt 2814.89 3904.25
f 2281/7127/1 2288/7134/1 2287/7133/1 4939/15527/1 4940/15528/1 4941/15529/1 2282/7128/1 

vt -4781.82 0
vn -0.501327 0 0.865258
vt -4498.76 0
v -77.2938 7.13245 -94.5282
vt -4498.76 280.805
v -83.5146 7.13245 -98.1325
vt -4781.82 280.805
f 2288/15530/2549 2281/15531/2549 4942/15532/2549 4943/15533/2549 

vt -4384.53 0
v -74.7833 7.13245 -93.0736
vt -4384.53 280.805
f 2281/15531/2549 2282/15534/2549 4944/15535/2549 4942/15532/2549 

vt 2101.1 0
v -71.4982 7.13245 -99.1678
vt 2101.1 280.805
vt 1828.53 280.805
f 2282/7174/1198 4941/15536/1198 4945/15537/1198 4944/15538/1198 

vt 4544.42 0
vn 0.57317 0 -0.819437
vt 5008.31 0
v -81.1535 7.13245 -105.921
vt 5008.31 280.805
vt 4544.42 280.805
f 4941/15539/2550 4940/15540/2550 4946/15541/2550 4945/15542/2550 

vt -1866.59 0
vn -0.850542 0 -0.525908
vt -1555.17 0
v -85.3135 7.13245 -99.1935
vt -1555.17 280.805
vt -1866.59 280.805
f 4940/15543/2551 4939/15544/2551 4947/15545/2551 4946/15546/2551 

vt -4918.04 0
vn -0.529999 0 0.847998
vt -4898.96 0
v -84.9026 7.13245 -98.9367
vt -4898.96 280.805
vt -4918.04 280.805
f 4939/15547/2552 2287/15548/2552 4948/15549/2552 4947/15550/2552 

vt -4844.97 0
vt -4844.97 280.805
f 2287/15551/2549 2288/15530/2549 4943/15533/2549 4948/15552/2549 

vt -2814.89 3904.25
vt -3195.02 4170.13
vt -3358.8 3905.26
f 4943/7181/20 4942/7178/20 4944/7177/20 4945/15553/20 4946/15554/20 4947/15555/20 4948/7182/20 

g Mesh412 G_31_180262625108437 Model

f 2288/7134/1 2281/7127/1 2290/7136/1 2289/7135/1 

v -83.5146 4.88247 -98.1325
vt 4781.82 192.223
v -77.2938 4.88247 -94.5282
vt 4498.76 192.223
f 2281/7138/1190 2288/7153/1190 4949/15556/1190 4950/15557/1190 

vt -1861.35 0
vn -0.88232 0 -0.470649
vt -1457.67 0
v -88.3404 4.88247 -89.0857
vt -1457.67 192.223
vt -1861.35 192.223
f 2288/15558/2553 2289/15559/2553 4951/15560/2553 4949/15561/2553 

vt -4671.35 0
vn -0.442743 0 0.896648
vt -4399.62 0
v -82.1518 4.88247 -86.0299
vt -4399.62 192.223
vt -4671.35 192.223
f 2289/15562/2554 2290/15563/2554 4952/15564/2554 4951/15565/2554 

vt 1335.34 0
vn 0.868163 0 0.49628
vt 1720.73 0
vt 1720.73 192.223
vt 1335.34 192.223
f 2290/15566/2555 2281/15567/2555 4950/15568/2555 4952/15569/2555 

f 4950/7178/20 4949/7181/20 4951/7180/20 4952/7179/20 

g Mesh413 G_23_085483284217084 Model

v -57.8371 0 -125.001
vt 2277.05 4921.29
v -60.7901 0 -119.711
vt 2393.31 4713.03
f 108/336/1 107/335/1 4953/15570/1 4954/15571/1 

vt -3371.52 0
vn -0.893744 0 -0.448577
vt -3140.24 0
v -64.1284 3.70658 -121.431
vt -3140.24 145.928
v -61.4933 3.70658 -126.682
vt -3371.52 145.928
f 107/15572/2556 108/15573/2556 4955/15574/2556 4956/15575/2556 

vt -4434.38 0
vn -0.45812 0 0.88889
vt -4286.53 0
v -60.7901 3.70658 -119.711
vt -4286.53 145.928
vt -4434.38 145.928
f 108/15576/2557 4954/15577/2557 4957/15578/2557 4955/15579/2557 

vt 2948.61 0
vn 0.873156 0 0.487441
vt 3187.12 0
v -57.8371 3.70658 -125.001
vt 3187.12 145.928
vt 2948.61 145.928
f 4954/15580/2558 4953/15581/2558 4958/15582/2558 4957/15583/2558 

vt 4124.53 0
vt 4282.96 145.928
vt 4124.53 145.928
f 4953/15584/61 107/353/61 4956/15585/61 4958/15586/61 

vt -2393.31 4713.03
vt -2277.05 4921.29
f 4956/429/20 4955/447/20 4957/15587/20 4958/15588/20 

g Mesh414 G_18_54209273091357 Model

f 122/350/1 106/334/1 124/352/1 123/351/1 

v -70.0629 6.4043 -130.621
vt 4654.29 252.138
v -67.703 6.4043 -129.536
vt 4552.04 252.138
f 106/354/61 122/369/61 4959/15589/61 4960/15590/61 

vt -3465.23 0
vn -0.903602 0 -0.428373
vt -3293.48 0
v -71.9316 6.4043 -126.68
vt -3293.48 252.138
vt -3465.23 252.138
f 122/15591/2559 123/15592/2559 4961/15593/2559 4959/15594/2559 

vt -4581.49 0
vn -0.397607 0 0.917556
vt -4482.33 0
v -69.6205 6.4043 -125.678
vt -4482.33 252.138
vt -4581.49 252.138
f 123/15595/2560 124/15596/2560 4962/15597/2560 4961/15598/2560 

vt 3211.1 0
vn 0.89551 0 0.445041
vt 3380.73 0
vt 3380.73 252.138
vt 3211.1 252.138
f 124/15599/2561 106/15600/2561 4960/15601/2561 4962/15602/2561 

f 4960/430/20 4959/433/20 4961/432/20 4962/431/20 

g Mesh415 G_27_363926913841325 Model

v -79.8775 0 -127.494
vt 3144.78 5019.46
v -81.8062 0 -124.047
vt 3220.72 4883.74
v -89.6532 0 -128.416
vt 3529.65 5055.75
v -88.0868 0 -131.421
vt 3467.98 5174.04
f 4963/15603/1 4964/15604/1 4965/15605/1 4966/15606/1 

vt 2689.54 0
vn 0.872704 0 0.48825
vt 2845.06 0
v -79.8775 2.12366 -127.494
vt 2845.06 83.6085
v -81.8062 2.12366 -124.047
vt 2689.54 83.6085
f 4964/15607/2562 4963/15608/2562 4967/15609/2562 4968/15610/2562 

vt 5002.69 0
vt 5360.95 0
v -88.0868 2.12366 -131.421
vt 5360.95 83.6085
vt 5002.69 83.6085
f 4963/15611/2544 4966/15612/2544 4969/15613/2544 4967/15614/2544 

vt -2984.65 0
vn -0.88672 0 -0.462307
vt -2851.25 0
v -89.6532 2.12366 -128.416
vt -2851.25 83.6085
vt -2984.65 83.6085
f 4966/15615/2563 4965/15616/2563 4970/15617/2563 4969/15618/2563 

vt -5543.32 0
vn -0.486469 0 0.873698
vt -5189.72 0
vt -5189.72 83.6085
vt -5543.32 83.6085
f 4965/15619/2564 4964/15620/2564 4968/15621/2564 4970/15622/2564 

vt -3220.72 4883.74
vt -3144.78 5019.46
vt -3467.98 5174.04
vt -3529.65 5055.75
f 4968/15623/20 4967/15624/20 4969/15625/20 4970/15626/20 

g Mesh416 G_25_005963086022533 Model

v -78.3031 0 -116.989
vt 3082.8 4605.87
v -77.4044 0 -119.095
vt 3047.42 4688.77
v -79.0222 0 -119.968
vt 3111.11 4723.14
v -78.1234 0 -121.996
vt 3075.72 4803.01
f 4964/15604/1 4963/15603/1 120/348/1 119/347/1 118/346/1 2323/7251/1 4971/15627/1 4972/15628/1 4973/15629/1 4974/15630/1 

vt -2845.06 0
vn -0.872704 0 -0.48825
vt -2689.54 0
v -81.8062 0.434723 -124.047
vt -2689.54 17.1151
v -79.8775 0.434723 -127.494
vt -2845.06 17.1151
f 4963/15631/2565 4964/15632/2565 4975/15633/2565 4976/15634/2565 

vt -5023.77 0
v -78.1234 0.434723 -121.996
vt -5023.77 17.1151
vt -5189.72 17.1151
f 4964/15620/2564 4974/15635/2564 4977/15636/2564 4975/15637/2564 

vt -3145.47 0
vn -0.914288 0 -0.405064
vt -3058.11 0
v -79.0222 0.434723 -119.968
vt -3058.11 17.1151
vt -3145.47 17.1151
f 4974/15638/2566 4973/15639/2566 4978/15640/2566 4977/15641/2566 

vt -4981.02 0
vn -0.474933 0 0.880022
vt -4908.64 0
v -77.4044 0.434723 -119.095
vt -4908.64 17.1151
vt -4981.02 17.1151
f 4973/15642/2567 4972/15643/2567 4979/15644/2567 4978/15645/2567 

vt -3116.06 0
vn -0.919724 0 -0.392565
vt -3025.93 0
v -78.3031 0.434723 -116.989
vt -3025.93 17.1151
vt -3116.06 17.1151
f 4972/15646/2568 4971/15647/2568 4980/15648/2568 4979/15649/2568 

vt -4722.44 0
vn -0.416942 0 0.908933
vt -4601.2 0
v -75.5041 0.434723 -115.705
vt -4601.2 17.1151
vt -4722.44 17.1151
f 4971/15650/2569 2323/15651/2569 4981/15652/2569 4980/15653/2569 

vt 2559.88 0
vn 0.876316 0 0.481737
vt 2872.49 0
v -71.6791 0.434723 -122.663
vt 2872.49 17.1151
vt 2559.88 17.1151
f 2323/15654/2570 118/15655/2570 4982/15656/2570 4981/15657/2570 

vt 2906.42 0
v -71.2639 0.434723 -123.418
vt 2906.42 17.1151
f 118/15655/2570 119/15658/2570 4983/15659/2570 4982/15656/2570 

vt 4604.89 0
vn 0.425043 0 -0.905173
vt 4822.83 0
v -76.2745 0.434723 -125.771
vt 4822.83 17.1151
vt 4604.89 17.1151
f 119/15660/2571 120/15661/2571 4984/15662/2571 4983/15663/2571 

vt 4845.45 0
vt 5002.69 17.1151
vt 4845.45 17.1151
f 120/15664/2544 4963/15611/2544 4976/15665/2544 4984/15666/2544 

vt -3075.72 4803.01
vt -3111.11 4723.14
vt -3047.42 4688.77
vt -3082.8 4605.87
f 4976/15624/20 4975/15623/20 4977/15667/20 4978/15668/20 4979/15669/20 4980/15670/20 4981/7287/20 4982/437/20 4983/436/20 4984/435/20 

g Mesh417 G_29_830219467116745 Model

f 114/342/1 2325/7253/1 2324/7252/1 116/344/1 115/343/1 

vt -4416.79 0
v -63.6866 4.00469 -108.291
vt -4125.1 157.665
v -70.3427 4.00469 -111.545
vt -4416.79 157.665
f 2325/15671/72 114/401/72 4985/15672/72 4986/15673/72 

vt 2954.02 0
vn 0.921409 0 0.388594
vt 3180.15 0
v -61.4546 4.00469 -113.583
vt 3180.15 157.665
vt 2954.02 157.665
f 114/15674/2572 115/15675/2572 4987/15676/2572 4985/15677/2572 

vt 4040.92 0
vn 0.410212 0 -0.91199
vt 4316.94 0
v -67.8486 4.00469 -116.459
vt 4316.94 157.665
vt 4040.92 157.665
f 115/15678/2573 116/15679/2573 4988/15680/2573 4987/15681/2573 

vt -276.023 0
vn -0.547659 0 -0.836702
vt -143.111 0
v -70.6733 4.00469 -114.61
vt -143.111 157.665
vt -276.023 157.665
f 116/15682/2574 2324/15683/2574 4989/15684/2574 4988/15685/2574 

vt -4784.57 0
vn -0.994234 0 0.107232
vt -4663.18 0
vt -4663.18 157.665
vt -4784.57 157.665
f 2324/15686/2575 2325/15687/2575 4986/15688/2575 4989/15689/2575 

f 4986/7290/20 4985/441/20 4987/440/20 4988/439/20 4989/7291/20 

g Mesh418 G_37_59173033408363 Model

v -30.5538 0 -112.791
vt 1202.91 4440.59
v -43.9833 0 -114.678
vt 1731.63 4514.88
v -45.4213 0 -115.679
vt 1788.24 4554.31
v -43.0332 0 -119.968
vt 1694.22 4723.14
f 4990/15690/1 150/454/1 149/453/1 3202/9996/1 4991/15691/1 4992/15692/1 4993/15693/1 

vt 2987.98 0
vn 0.874396 0 0.485214
vt 3299.17 0
v -30.5538 5.6195 -112.791
vt 3299.17 221.24
v -34.389 5.6195 -105.88
vt 2987.98 221.24
f 150/15694/2576 4990/15695/2576 4994/15696/2576 4995/15697/2576 

vt 3256.51 0
vn 0.498523 0 -0.866876
vt 3823.27 0
v -43.0332 5.6195 -119.968
vt 3823.27 221.24
vt 3256.51 221.24
f 4990/15698/2577 4993/15699/2577 4996/15700/2577 4994/15701/2577 

vt -3302.14 0
vn -0.873663 0 -0.486531
vt -3108.89 0
v -45.4213 5.6195 -115.679
vt -3108.89 221.24
vt -3302.14 221.24
f 4993/15702/2578 4992/15703/2578 4997/15704/2578 4996/15705/2578 

vt -4070.2 0
vn -0.571494 0 0.820606
vt -4001.21 0
v -43.9833 5.6195 -114.678
vt -4001.21 221.24
vt -4070.2 221.24
f 4992/15706/2579 4991/15707/2579 4998/15708/2579 4997/15709/2579 

vt -2739.43 0
vn -0.824042 0 -0.566529
vt -2621.65 0
v -45.6781 5.6195 -112.213
vt -2621.65 221.24
vt -2739.43 221.24
f 4991/15710/2580 3202/15711/2580 4999/15712/2580 4998/15713/2580 

vt -3729.88 0
vn -0.48926 0 0.872138
vt -3714.54 0
v -45.3383 5.6195 -112.022
vt -3714.54 221.24
vt -3729.88 221.24
f 3202/15714/2581 149/15715/2581 5000/15716/2581 4999/15717/2581 

vt -3220.26 0
vt -3220.26 221.24
f 149/15715/2581 150/15718/2581 4995/15719/2581 5000/15716/2581 

vt -1202.91 4440.59
vt -1694.22 4723.14
vt -1788.24 4554.31
vt -1731.63 4514.88
f 4995/491/20 4994/15720/20 4996/15721/20 4997/15722/20 4998/15723/20 4999/10049/20 5000/492/20 

g Mesh419 Group36 Group35 G_31_08985587575515 Model

v -117.299 6.71152 -116.852
vt -6179.51 1913.18
vn -0.229045 0.856359 0.462805
v -121.752 4.6963 -115.326
vt -6309.98 1759.53
v -115.765 4.6963 -112.364
vt -6047.01 1759.53
f 5001/15724/2582 5002/15725/2582 5003/15726/2582

vt -1996.38 -5293.88
vn -0.464722 0.856359 -0.22513
vt -2126.85 -5140.24
v -111.341 6.71744 -129.129
vt -2664.11 -5139.79
v -109.669 6.66339 -132.786
vt -2822.4 -5143.91
v -111.159 4.6963 -137.192
vt -2952.92 -5293.88
f 5002/15727/2583 5001/15728/2583 5004/15729/2583 5005/15730/2583 5006/15731/2583 

v -108.293 4.6963 -127.732
vt 2658.29 5262.1
vn 0.464398 0.856359 0.225798
vt 2655.25 5416.19
vt 2117.99 5415.74
vt 1985.49 5262.1
f 5007/15732/2584 5004/15733/2584 5001/15734/2584 5003/15735/2584 

v -105.459 4.6963 -134.316
vt 3215.22 5151.9
vn 0.474294 0.856359 0.204194
vt 3094.36 5301.88
vt 2936.07 5306
vt 2933.04 5151.9
f 5008/15736/2585 5005/15737/2585 5004/15738/2585 5007/15739/2585 

vt 6209.62 -2196.09
vn 0.232593 0.856359 -0.461032
vt 6088.75 -2346.07
vt 6340.14 -2346.07
f 5005/15740/2586 5008/15741/2586 5006/15742/2586

g Mesh420 Group35 G_31_08985587575515 Model

vt 4557.69 4423.76
vt 4793.38 4540.4
vt 4376.35 5401.25
vt 4151.91 5288.02
v -106.117 4.6963 -132.787
vt 4177.82 5227.84
vt 4263.5 5028.83
f 5003/15743/1 5002/15744/1 5006/15745/1 5008/15746/1 5009/15747/1 5007/15748/1 

g Mesh421 G_31_08985587575515 Model

v -115.765 0 -112.364
v -121.752 0 -115.326
v -111.159 0 -137.192
v -105.459 0 -134.316
v -106.117 0 -132.787
v -108.293 0 -127.732
f 5010/15743/1 5011/15744/1 5012/15745/1 5013/15746/1 5014/15747/1 5015/15748/1 

vt -6309.98 0
vn -0.443558 0 0.896246
vt -6047.01 0
vt -6047.01 184.894
vt -6309.98 184.894
f 5011/15749/2587 5010/15750/2587 5003/15751/2587 5002/15752/2587 

vt 1985.49 0
vn 0.899331 0 0.437269
vt 2658.29 0
vt 2658.29 184.894
vt 1985.49 184.894
f 5010/15753/2588 5015/15754/2588 5007/15755/2588 5003/15756/2588 

vt 2933.04 0
vn 0.918495 0 0.395432
vt 3149.7 0
vt 3149.7 184.894
vt 2933.04 184.894
f 5015/15757/2589 5014/15758/2589 5009/15759/2589 5007/15760/2589 

vt 3215.22 0
vt 3215.22 184.894
f 5014/15758/2589 5013/15761/2589 5008/15762/2589 5009/15759/2589 

vt 6088.75 0
vn 0.450428 0 -0.892813
vt 6340.14 0
vt 6340.14 184.894
vt 6088.75 184.894
f 5013/15763/2590 5012/15764/2590 5006/15765/2590 5008/15766/2590 

vt -2952.92 0
vn -0.899959 0 -0.435975
vt -1996.38 0
vt -1996.38 184.894
vt -2952.92 184.894
f 5012/15767/2591 5011/15768/2591 5002/15769/2591 5006/15770/2591 

vt -4793.38 4540.4
vt -4557.69 4423.76
vt -4263.5 5028.83
vt -4177.82 5227.84
vt -4151.91 5288.02
vt -4376.35 5401.25
f 5002/15771/20 5003/15772/20 5007/15773/20 5009/15774/20 5008/15775/20 5006/15776/20 

g Mesh422 G_10_281757362023948 Model

v -116.294 0 -111.266
vt 4578.51 4380.54
v -118.628 0 -106.422
vt 4670.38 4189.84
v -125.379 0 -109.465
vt 4936.18 4309.65
f 5011/15744/1 5010/15743/1 5016/15777/1 5017/15778/1 5018/15779/1 4862/15236/1 4861/15235/1 

vt 6047.01 0
vn 0.443558 0 -0.896246
vt 6309.98 0
v -121.752 4.41057 -115.326
vt 6309.98 173.645
v -115.765 4.41057 -112.364
vt 6047.01 173.645
f 5010/15780/2592 5011/15781/2592 5019/15782/2592 5020/15783/2592 

vt 6251.25 0
vn 0.4175 0 -0.908677
vt 6271.83 0
v -122.227 4.41057 -115.545
vt 6271.83 173.645
vt 6251.25 173.645
f 5011/15784/2593 4861/15785/2593 5021/15786/2593 5019/15787/2593 

vt -885.649 0
vn -0.812042 0 -0.583599
vt -744.032 0
v -124.326 4.41057 -112.624
vt -744.032 173.645
vt -885.649 173.645
f 4861/15788/2594 4862/15789/2594 5022/15790/2594 5021/15791/2594 

vt -2658.61 0
vt -2527.53 0
v -125.379 4.41057 -109.465
vt -2527.53 173.645
vt -2658.61 173.645
f 4862/15792/1279 5018/15793/1279 5023/15794/1279 5022/15795/1279 

vt -6271.1 0
vn -0.410925 0 0.911669
vt -5979.55 0
v -118.628 4.41057 -106.422
vt -5979.55 173.645
vt -6271.1 173.645
f 5018/15796/2595 5017/15797/2595 5024/15798/2595 5023/15799/2595 

vt 1747.77 0
vn 0.900915 0 0.433996
vt 1959.44 0
v -116.294 4.41057 -111.266
vt 1959.44 173.645
vt 1747.77 173.645
f 5017/15800/2596 5016/15801/2596 5025/15802/2596 5024/15803/2596 

vt 2007.41 0
vt 2007.41 173.645
f 5016/15801/2596 5010/15804/2596 5020/15805/2596 5025/15802/2596 

vt -4936.18 4309.65
vt -4670.38 4189.84
vt -4578.51 4380.54
f 5020/15772/20 5019/15771/20 5021/15283/20 5022/15282/20 5023/15806/20 5024/15807/20 5025/15808/20 

g Mesh423 Group38 Group37 G_15_960452388598208 Model

v -99.4312 3.15982 -130.042
vt -5565.96 3157.99
vn -0.10445 0.961452 0.254363
v -101.288 4.18632 -134.684
vt -5703.01 3304.96
v -104.004 3.61743 -133.649
vt -5786.43 3223.51
v -106.117 3.15982 -132.787
vt -5850.5 3157.99
f 5026/15809/2597 5027/15810/2597 5028/15811/2597 5029/15812/2597 

v -95.8803 3.15982 -137.988
vt 3419.79 5478.72
vn 0.251047 0.961452 0.112187
v -100.557 4.17829 -136.25
vt 3282.2 5624.54
vt 3214.19 5625.69
vt 3077.14 5478.72
f 5030/15813/2598 5031/15814/2598 5027/15815/2598 5026/15816/2598 

vt 5863.71 -3004.95
vn 0.116889 0.961452 -0.248893
vt 5726.12 -3150.77
v -102.223 3.15982 -140.967
vt 6002 -3150.77
f 5031/15817/2599 5030/15818/2599 5032/15819/2599

v -105.459 3.15982 -134.316
vt -2938.86 -5779.57
vn -0.247266 0.961452 -0.120292
vt -2940.31 -5714.05
vt -3023.73 -5632.6
vt -3091.75 -5633.75
vt -3230.04 -5779.57
f 5033/15820/2600 5028/15821/2600 5027/15822/2600 5031/15823/2600 5032/15824/2600 

vt -3213.77 -5577.23
vn -0.252562 0.961452 -0.108733
vt -3215.22 -5642.75
vt -3149.7 -5642.75
f 5028/15825/2601 5033/15826/2601 5029/15827/2601

g Mesh424 Group37 G_15_960452388598208 Model

vt 3914.61 5119.76
vt 4024.53 5549.87
vt 3774.82 5432.59
f 5026/15828/1 5029/15747/1 5033/15746/1 5032/15829/1 5030/15830/1 

g Mesh425 G_15_960452388598208 Model

v -99.4312 0 -130.042
v -102.223 0 -140.967
v -95.8803 0 -137.988
f 5034/15828/1 5014/15747/1 5013/15746/1 5035/15829/1 5036/15830/1 

vt -5850.5 0
vn -0.379854 0 0.925046
vt -5565.96 0
vt -5565.96 124.402
vt -5850.5 124.402
f 5014/15831/2602 5034/15832/2602 5026/15833/2602 5029/15834/2602 

vt 3077.14 0
vn 0.912986 0 0.407991
vt 3419.79 0
vt 3419.79 124.402
vt 3077.14 124.402
f 5034/15835/2603 5036/15836/2603 5030/15837/2603 5026/15838/2603 

vt 5726.12 0
vn 0.425091 0 -0.905151
vt 6002 0
vt 6002 124.402
vt 5726.12 124.402
f 5036/15839/2604 5035/15840/2604 5032/15841/2604 5030/15842/2604 

vt -3230.04 0
vn -0.899235 0 -0.437466
vt -2938.86 0
vt -2938.86 124.402
vt -3230.04 124.402
f 5035/15843/2605 5013/15844/2605 5033/15845/2605 5032/15846/2605 

vt -3215.22 0
vn -0.918495 0 -0.395432
vt -3149.7 0
vt -3149.7 124.402
vt -3215.22 124.402
f 5013/15847/2606 5014/15848/2606 5029/15849/2606 5033/15850/2606 

vt -3914.61 5119.76
vt -3774.82 5432.59
vt -4024.53 5549.87
f 5029/15774/20 5026/15851/20 5030/15852/20 5032/15853/20 5033/15775/20 

g Mesh426 G_23_958437763257606 Model

v -99.5524 0 -129.771
vt 3919.39 5109.08
v -99.7771 0 -129.854
vt 3928.23 5112.37
v -102.078 0 -124.989
vt 4018.8 4920.83
f 5014/15747/1 5034/15828/1 5037/15854/1 5038/15855/1 5039/15856/1 5015/15748/1 

vt 5565.96 0
vn 0.379854 0 -0.925046
vt 5850.5 0
v -106.117 3.84967 -132.787
vt 5850.5 151.562
v -99.4312 3.84967 -130.042
vt 5565.96 151.562
f 5034/15857/2607 5014/15858/2607 5040/15859/2607 5041/15860/2607 

vt -2933.04 0
v -108.293 3.84967 -127.732
vt -2933.04 151.562
vt -3149.7 151.562
f 5014/15848/2606 5015/15861/2606 5042/15862/2606 5040/15863/2606 

vt -5931.08 0
vn -0.403796 0 0.914849
vt -5663.61 0
v -102.078 3.84967 -124.989
vt -5663.61 151.562
vt -5931.08 151.562
f 5015/15864/2608 5039/15865/2608 5043/15866/2608 5042/15867/2608 

vt 2730.62 0
vn 0.904027 0 0.427476
vt 2942.49 0
v -99.7771 3.84967 -129.854
vt 2942.49 151.562
vt 2730.62 151.562
f 5039/15868/2609 5038/15869/2609 5044/15870/2609 5043/15871/2609 

vt -5462.48 0
vn -0.348187 0 0.937425
vt -5453.04 0
v -99.5524 3.84967 -129.771
vt -5453.04 151.562
vt -5462.48 151.562
f 5038/15872/2610 5037/15873/2610 5045/15874/2610 5044/15875/2610 

vt 3065.45 0
vt 3077.14 151.562
vt 3065.45 151.562
f 5037/15876/2603 5034/15835/2603 5041/15877/2603 5045/15878/2603 

vt -4018.8 4920.83
vt -3928.23 5112.37
vt -3919.39 5109.08
f 5041/15851/20 5040/15774/20 5042/15773/20 5043/15879/20 5044/15880/20 5045/15881/20 

g Mesh427 G_34_11154399593151 Model

v -109.06 0 -110.223
vt 4293.7 4339.47
v -112.54 0 -109.696
vt 4430.69 4318.75
f 5010/15743/1 5015/15748/1 5039/15856/1 5046/15882/1 1256/4014/1 1259/4017/1 1258/4016/1 5047/15883/1 5016/15777/1 

vt -2658.29 0
vn -0.899331 0 -0.437269
vt -1985.49 0
v -115.765 4.85851 -112.364
vt -1985.49 191.28
v -108.293 4.85851 -127.732
vt -2658.29 191.28
f 5015/15884/2611 5010/15885/2611 5048/15886/2611 5049/15887/2611 

vt -2007.41 0
vn -0.900915 0 -0.433996
vt -1959.44 0
v -116.294 4.85851 -111.266
vt -1959.44 191.28
vt -2007.41 191.28
f 5010/15888/2612 5016/15889/2612 5050/15890/2612 5048/15891/2612 

vt -5913.8 0
vn -0.385691 0 0.922628
vt -5753.58 0
v -112.54 4.85851 -109.696
vt -5753.58 191.28
vt -5913.8 191.28
f 5016/15892/2613 5047/15893/2613 5051/15894/2613 5050/15895/2613 

vt -5861.68 0
v -112.203 4.85851 -109.535
vt -5847.01 191.28
vt -5861.68 191.28
f 5047/15896/697 1258/4030/697 5052/15897/697 5051/15898/697 

vt 2030.85 0
vn 0.905536 0 0.424269
vt 2103.02 0
v -111.426 4.85851 -111.195
vt 2103.02 191.28
vt 2030.85 191.28
f 1258/15899/2614 1259/15900/2614 5053/15901/2614 5052/15902/2614 

vt -5699.6 0
vn -0.371642 0 0.928376
vt -5612.89 0
v -109.381 4.85851 -110.377
vt -5612.89 191.28
vt -5699.6 191.28
f 1259/15903/2615 1256/15904/2615 5054/15905/2615 5053/15906/2615 

vt -5762.71 0
vt -5748.7 0
v -109.06 4.85851 -110.223
vt -5748.7 191.28
vt -5762.71 191.28
f 1256/15907/1146 5046/15908/1146 5055/15909/1146 5054/15910/1146 

vt 2087.54 0
v -102.078 4.85851 -124.989
vt 2730.62 191.28
vt 2087.54 191.28
f 5046/15911/2609 5039/15868/2609 5056/15912/2609 5055/15913/2609 

vt 5663.61 0
vn 0.403796 0 -0.914849
vt 5931.08 0
vt 5931.08 191.28
vt 5663.61 191.28
f 5039/15914/2616 5015/15915/2616 5049/15916/2616 5056/15917/2616 

vt -4430.69 4318.75
vt -4293.7 4339.47
f 5049/15773/20 5048/15772/20 5050/15808/20 5051/15918/20 5052/4037/20 5053/4036/20 5054/4035/20 5055/15919/20 5056/15879/20 

g Mesh428 G_30_53485510471719 Model

v -114.953 0 -104.766
vt 4525.72 4124.64
f 5016/15777/1 5047/15883/1 5057/15920/1 5017/15778/1 

vt 5753.58 0
vn 0.385691 0 -0.922628
vt 5913.8 0
v -116.294 3.44872 -111.266
vt 5913.8 135.776
v -112.54 3.44872 -109.696
vt 5753.58 135.776
f 5047/15921/2617 5016/15922/2617 5058/15923/2617 5059/15924/2617 

vt -1747.77 0
v -118.628 3.44872 -106.422
vt -1747.77 135.776
vt -1959.44 135.776
f 5016/15889/2612 5017/15925/2612 5060/15926/2612 5058/15927/2612 

vt -5820.88 0
v -114.953 3.44872 -104.766
vt -5820.88 135.776
vt -5979.55 135.776
f 5017/15797/2595 5057/15928/2595 5061/15929/2595 5060/15930/2595 

vt 1714.47 0
vn 0.898138 0 0.439713
vt 1930.6 0
vt 1930.6 135.776
vt 1714.47 135.776
f 5057/15931/2618 5047/15932/2618 5059/15933/2618 5061/15934/2618 

vt -4525.72 4124.64
f 5059/15918/20 5058/15808/20 5060/15807/20 5061/15935/20 

g Mesh429 G_32_5196286419916 Model

v -129.186 0 -140.825
vt 5086.06 5544.31
v -121.388 0 -135.544
vt 4779.06 5336.37
f 4828/15149/1 4807/15079/1 4806/15078/1 4805/15077/1 4804/15076/1 4803/15075/1 5062/15936/1 5063/15937/1 4829/15150/1 

vt 1925.8 0
vn 0.867605 0 0.497254
vt 2120.98 0
v -122.904 3.92153 -132.534
vt 2120.98 154.391
v -125.369 3.92153 -128.233
vt 1925.8 154.391
f 4807/15938/2619 4828/15939/2619 5064/15940/2619 5065/15941/2619 

vt 2520.36 0
vn 0.895586 0 0.444889
vt 2629.15 0
v -121.675 3.92153 -135.009
vt 2629.15 154.391
vt 2520.36 154.391
f 4828/15942/2620 4829/15943/2620 5066/15944/2620 5064/15945/2620 

vt 2420.54 0
vt 2444.42 0
v -121.388 3.92153 -135.544
vt 2444.42 154.391
vt 2420.54 154.391
f 4829/15946/2463 5063/15947/2463 5067/15948/2463 5066/15949/2463 

vt 6949.45 0
vn 0.560793 0 -0.827956
vt 7320.24 0
v -129.186 3.92153 -140.825
vt 7320.24 154.391
vt 6949.45 154.391
f 5063/15950/2621 5062/15951/2621 5068/15952/2621 5067/15953/2621 

vt -2367.12 0
vn -0.873513 0 -0.486801
vt -2256.02 0
v -130.56 3.92153 -138.36
vt -2256.02 154.391
vt -2367.12 154.391
f 5062/15954/2622 4803/15955/2622 5069/15956/2622 5068/15957/2622 

vt -2979.76 0
vn -0.919016 0 -0.394221
vt -2777.48 0
v -132.585 3.92153 -133.639
vt -2777.48 154.391
vt -2979.76 154.391
f 4803/15958/2623 4804/15959/2623 5070/15960/2623 5069/15961/2623 

vt -7171.22 0
vn -0.509041 0 0.860742
vt -6843.53 0
v -125.421 3.92153 -129.402
vt -6843.53 154.391
vt -7171.22 154.391
f 4804/15962/2624 4805/15963/2624 5071/15964/2624 5070/15965/2624 

vt -2038.48 0
vn -0.872943 0 -0.487821
vt -1999.1 0
v -125.909 3.92153 -128.528
vt -1999.1 154.391
vt -2038.48 154.391
f 4805/15966/2625 4806/15967/2625 5072/15968/2625 5071/15969/2625 

vt -6778.27 0
vt -6754.06 154.391
vt -6778.27 154.391
f 4806/15970/2504 4807/15246/2504 5065/15971/2504 5072/15972/2504 

vt -4779.06 5336.37
vt -5086.06 5544.31
f 5065/15144/20 5064/15178/20 5066/15183/20 5067/15973/20 5068/15974/20 5069/15138/20 5070/15147/20 5071/15146/20 5072/15145/20 

g Mesh430 Group40 Group39 G_33_953689280182424 Model

v -121.388 3.54625 -135.544
vt -6949.45 1519.81
vn -0.313216 0.829489 0.462432
v -122.233 5.1393 -138.974
vt -7052.73 1632.1
v -123.664 5.10135 -139.875
vt -7119.28 1629.43
v -125.677 5.07073 -141.184
vt -7213.78 1627.27
v -126.596 4.59819 -140.958
vt -7238.73 1593.96
v -127.188 4.56573 -141.301
vt -7265.6 1591.67
v -129.186 3.54625 -140.825
vt -7320.24 1519.81
f 5073/15975/2626 5074/15976/2626 5075/15977/2626 5076/15978/2626 5077/15979/2626 5078/15980/2626 5079/15981/2626 

vt 2547.71 5775.7
vn 0.49222 0.829489 0.263944
vt 2444.42 5663.41
v -119.07 3.54625 -139.866
vt 2637.52 5663.41
f 5074/15982/2627 5073/15983/2627 5080/15984/2627

v -122.471 3.54625 -141.853
vt 6980.3 -1904.73
vn 0.281713 0.829489 -0.482271
vt 6981.61 -1795.12
vt 6915.06 -1792.44
vt 6825.25 -1904.73
f 5081/15985/2628 5075/15986/2628 5074/15987/2628 5080/15988/2628 

v -126.528 3.54625 -144.382
vt 7234.44 -1737.27
vn 0.295477 0.829489 -0.473963
vt 7139.4 -1629.81
vt 7044.89 -1627.65
vt 7046.2 -1737.27
f 5082/15989/2629 5076/15990/2629 5075/15991/2629 5081/15992/2629 

v -127.26 3.54625 -143.021
vt -2586.34 -5794.35
vn -0.491912 0.829489 -0.264519
vt -2527.19 -5720.2
vt -2552.14 -5686.89
vt -2647.18 -5794.35
f 5083/15993/2630 5077/15994/2630 5076/15995/2630 5082/15996/2630 

v -127.812 3.54625 -143.291
vt 6997.19 -2295.14
vn 0.245099 0.829489 -0.50187
vt 6940.73 -2223.28
vt 6913.85 -2220.99
vt 6973 -2295.14
f 5084/15997/2631 5078/15998/2631 5077/15999/2631 5083/16000/2631 

vt -2421.76 -5774.13
vn -0.487877 0.829489 -0.27189
vt -2478.23 -5845.99
vt -2367.12 -5845.99
f 5078/16001/2632 5084/16002/2632 5079/16003/2632

g Mesh431 Group39 G_33_953689280182424 Model

vt 5031.97 5641.36
vt 5010.23 5630.75
vt 4981.42 5684.33
f 5073/15937/1 5079/15936/1 5084/16004/1 5083/16005/1 5082/16006/1 5081/14997/1 5080/15000/1 

g Mesh432 G_33_953689280182424 Model

v -127.812 0 -143.291
v -127.26 0 -143.021
v -126.528 0 -144.382
f 5063/15937/1 5062/15936/1 5085/16004/1 5086/16005/1 5087/16006/1 4781/14997/1 4784/15000/1 

vt -7320.24 0
vn -0.560793 0 0.827956
vt -6949.45 0
vt -6949.45 139.616
vt -7320.24 139.616
f 5062/16007/2633 5063/16008/2633 5073/16009/2633 5079/16010/2633 

vt 2637.52 139.616
vt 2444.42 139.616
f 5063/15947/2463 4784/15009/2463 5080/16011/2463 5073/16012/2463 

vt 6825.25 0
vn 0.50439 0 -0.863476
vt 6980.3 0
vt 6980.3 139.616
vt 6825.25 139.616
f 4784/16013/2634 4781/16014/2634 5081/16015/2634 5080/16016/2634 

vt 7046.2 0
vn 0.529033 0 -0.848601
vt 7234.44 0
vt 7234.44 139.616
vt 7046.2 139.616
f 4781/16017/2635 5087/16018/2635 5082/16019/2635 5081/16020/2635 

vt -2647.18 0
vn -0.880738 0 -0.473604
vt -2586.34 0
vt -2586.34 139.616
vt -2647.18 139.616
f 5087/16021/2636 5086/16022/2636 5083/16023/2636 5082/16024/2636 

vt 6973 0
vn 0.438835 0 -0.898568
vt 6997.19 0
vt 6997.19 139.616
vt 6973 139.616
f 5086/16025/2637 5085/16026/2637 5084/16027/2637 5083/16028/2637 

vt -2478.23 0
vt -2367.12 139.616
vt -2478.23 139.616
f 5085/16029/2622 5062/15954/2622 5079/16030/2622 5084/16031/2622 

vt -4981.42 5684.33
vt -5010.23 5630.75
vt -5031.97 5641.36
f 5079/15974/20 5073/15973/20 5080/15019/20 5081/15018/20 5082/16032/20 5083/16033/20 5084/16034/20 

g Mesh433 G_20_580249468574802 Model

v -22.2179 0 -93.383
vt 874.719 3676.5
v -20.0763 0 -97.2419
vt 790.405 3828.42
v -19.1005 0 -96.8824
vt 751.988 3814.27
v -12.9889 0 -93.3387
vt 511.374 3674.75
v -17.5741 0 -84.8835
vt 691.895 3341.87
v -19.7585 0 -85.9079
vt 777.894 3382.2
v -17.242 0 -90.4531
vt 678.818 3561.14
f 5088/16035/1 5089/16036/1 5090/16037/1 5091/16038/1 5092/16039/1 5093/16040/1 5094/16041/1 

vt -2963.92 0
vt -2790.17 0
v -22.2179 2.24529 -93.383
vt -2790.17 88.3971
v -20.0763 2.24529 -97.2419
vt -2963.92 88.3971
f 5089/16042/87 5088/16043/87 5095/16044/87 5096/16045/87 

vt -2619.21 0
vn -0.5074 0 0.861711
vt -2391.87 0
v -17.242 2.24529 -90.4531
vt -2391.87 88.3971
vt -2619.21 88.3971
f 5088/16046/2638 5094/16047/2638 5097/16048/2638 5095/16049/2638 

vt -2786.68 0
vn -0.874856 0 -0.484383
vt -2582.14 0
v -19.7585 2.24529 -85.9079
vt -2582.14 88.3971
vt -2786.68 88.3971
f 5094/16050/2639 5093/16051/2639 5098/16052/2639 5097/16053/2639 

vt -2140.35 0
vn -0.424594 0 0.905384
vt -2045.37 0
v -17.5741 2.24529 -84.8835
vt -2045.37 88.3971
vt -2140.35 88.3971
f 5093/16054/2640 5092/16055/2640 5099/16056/2640 5098/16057/2640 

vt 2607.87 0
vt 2986.55 0
v -12.9889 2.24529 -93.3387
vt 2986.55 88.3971
vt 2607.87 88.3971
f 5092/16058/101 5091/16059/101 5100/16060/101 5099/16061/101 

vt 2285.68 0
vn 0.501609 0 -0.865094
vt 2563.81 0
v -19.1005 2.24529 -96.8824
vt 2563.81 88.3971
vt 2285.68 88.3971
f 5091/16062/2641 5090/16063/2641 5101/16064/2641 5100/16065/2641 

vt 2024.24 0
vt 2065.18 0
vt 2065.18 88.3971
vt 2024.24 88.3971
f 5090/16066/932 5089/16067/932 5096/16068/932 5101/16069/932 

vt -790.405 3828.42
vt -874.719 3676.5
vt -678.818 3561.14
vt -777.894 3382.2
vt -691.895 3341.87
vt -511.374 3674.75
vt -751.988 3814.27
f 5096/16070/20 5095/16071/20 5097/16072/20 5098/16073/20 5099/16074/20 5100/16075/20 5101/16076/20 

g Mesh434 G_42_00015101282169 Model

f 161/497/1 5088/16035/1 5094/16041/1 5093/16040/1 5092/16039/1 164/500/1 163/499/1 162/498/1 

v -22.7541 1.54032 -92.4168
vt -2746.66 60.6423
v -22.2179 1.54032 -93.383
vt -2790.17 60.6423
f 5088/16043/87 161/514/87 5102/16077/87 5103/16078/87 

vt -2610.2 0
vn -0.504861 0 0.863201
vt -2477.08 0
v -19.8355 1.54032 -90.7098
vt -2477.08 60.6423
vt -2610.2 60.6423
f 161/16079/2642 162/16080/2642 5104/16081/2642 5102/16082/2642 

vt -2806.89 0
vn -0.886959 0 -0.461848
vt -2614.25 0
v -22.0953 1.54032 -86.3701
vt -2614.25 60.6423
vt -2806.89 60.6423
f 162/16083/2643 163/16084/2643 5105/16085/2643 5104/16086/2643 

vt -2422.99 0
vn -0.48948 0 0.872015
vt -2238.59 0
v -18.0112 1.54032 -84.0776
vt -2238.59 60.6423
vt -2422.99 60.6423
f 163/16087/2644 164/16088/2644 5106/16089/2644 5105/16090/2644 

v -17.5741 1.54032 -84.8835
vt 2607.87 60.6423
vt 2571.78 60.6423
f 164/571/101 5092/16058/101 5107/16091/101 5106/16092/101 

vt 2045.37 0
vn 0.424594 0 -0.905384
vt 2140.35 0
v -19.7585 1.54032 -85.9079
vt 2140.35 60.6423
vt 2045.37 60.6423
f 5092/16093/2645 5093/16094/2645 5108/16095/2645 5107/16096/2645 

vt 2582.14 0
vn 0.874856 0 0.484383
vt 2786.68 0
v -17.242 1.54032 -90.4531
vt 2786.68 60.6423
vt 2582.14 60.6423
f 5093/16097/2646 5094/16098/2646 5109/16099/2646 5108/16100/2646 

vt 2391.87 0
vn 0.5074 0 -0.861711
vt 2619.21 0
vt 2619.21 60.6423
vt 2391.87 60.6423
f 5094/16101/2647 5088/16102/2647 5103/16103/2647 5109/16104/2647 

f 5103/16071/20 5102/586/20 5104/603/20 5105/602/20 5106/601/20 5107/16074/20 5108/16073/20 5109/16072/20 

g Mesh435 G_33_23553935300039 Model

v -59.1784 0 -95.0187
vt 2329.86 3740.89
v -56.4997 0 -99.3194
vt 2224.4 3910.21
v -54.85 0 -98.475
vt 2159.45 3876.97
v -44.2144 0 -93.0306
vt 1740.73 3662.62
v -36.6648 0 -89.1787
vt 1443.5 3510.97
v -38.7506 0 -85.6724
vt 1525.61 3372.93
v -39.634 0 -84.1874
vt 1560.39 3314.46
f 5110/16105/1 5111/16106/1 5112/16107/1 5113/16108/1 5114/16109/1 5115/16110/1 5116/16111/1 

vt -2143.03 0
vn -0.848815 0 -0.528691
vt -1943.55 0
v -59.1784 4.58466 -95.0187
vt -1943.55 180.498
v -56.4997 4.58466 -99.3194
vt -2143.03 180.498
f 5111/16112/2648 5110/16113/2648 5117/16114/2648 5118/16115/2648 

vt -3851.16 0
vn -0.484728 0 0.874665
vt -2971.43 0
v -39.634 4.58466 -84.1874
vt -2971.43 180.498
vt -3851.16 180.498
f 5110/16116/2649 5116/16117/2649 5119/16118/2649 5117/16119/2649 

vt 2050.84 0
vn 0.859437 0 0.511241
vt 2118.87 0
v -38.7506 4.58466 -85.6724
vt 2118.87 180.498
vt 2050.84 180.498
f 5116/16120/2650 5115/16121/2650 5120/16122/2650 5119/16123/2650 

vt 2279.49 0
v -36.6648 4.58466 -89.1787
vt 2279.49 180.498
f 5115/16121/2650 5114/16124/2650 5121/16125/2650 5120/16122/2650 

vt 2881.45 0
vn 0.45447 0 -0.890762
vt 3215.12 0
v -44.2144 4.58466 -93.0306
vt 3215.12 180.498
vt 2881.45 180.498
f 5114/16126/2651 5113/16127/2651 5122/16128/2651 5121/16129/2651 

vt 3218.45 0
vn 0.455671 0 -0.890148
vt 3688.85 0
v -54.85 4.58466 -98.475
vt 3688.85 180.498
vt 3218.45 180.498
f 5113/16130/2652 5112/16131/2652 5123/16132/2652 5122/16133/2652 

vt 3761.81 0
vt 3761.81 180.498
f 5112/16131/2652 5111/16134/2652 5118/16135/2652 5123/16132/2652 

vt -2224.4 3910.21
vt -2329.86 3740.89
vt -1560.39 3314.46
vt -1525.61 3372.93
vt -1443.5 3510.97
vt -1740.73 3662.62
vt -2159.45 3876.97
f 5118/16136/20 5117/16137/20 5119/16138/20 5120/16139/20 5121/16140/20 5122/16141/20 5123/16142/20 

g Mesh436 G_18_463963354550767 Model

v -56.7212 0 -63.1899
vt 2233.12 2487.79
v -52.6628 0 -70.9724
vt 2073.34 2794.19
v -48.6633 0 -68.8732
vt 1915.88 2711.54
v -53.0684 0 -61.2221
vt 2089.31 2410.32
f 5124/16143/1 5125/16144/1 5126/16145/1 5127/16146/1 

vt -1518.89 0
vn -0.886682 0 -0.46238
vt -1173.33 0
v -56.7212 3.36547 -63.1899
vt -1173.33 132.499
v -52.6628 3.36547 -70.9724
vt -1518.89 132.499
f 5125/16147/2653 5124/16148/2653 5128/16149/2653 5129/16150/2653 

vt -3145.87 0
vn -0.474268 0 0.88038
vt -2982.52 0
v -53.0684 3.36547 -61.2221
vt -2982.52 132.499
vt -3145.87 132.499
f 5124/16151/2654 5127/16152/2654 5130/16153/2654 5128/16154/2654 

vt 1046.35 0
vn 0.866622 0 0.498964
vt 1393.93 0
v -48.6633 3.36547 -68.8732
vt 1393.93 132.499
vt 1046.35 132.499
f 5127/16155/2655 5126/16156/2655 5131/16157/2655 5130/16158/2655 

vt 2956.59 0
vn 0.46475 0 -0.885442
vt 3134.42 0
vt 3134.42 132.499
vt 2956.59 132.499
f 5126/16159/2656 5125/16160/2656 5129/16161/2656 5131/16162/2656 

vt -2073.34 2794.19
vt -2233.12 2487.79
vt -2089.31 2410.32
vt -1915.88 2711.54
f 5129/16163/20 5128/16164/20 5130/16165/20 5131/16166/20 

g Mesh437 Group42 Group41 G_40_533392863108766 Model

v -57.0282 4.07081 -62.6011
vt 3265.7 -405.94
vn 0.382488 0.760027 -0.525415
v -57.6998 5.0687 -61.6465
vt 3264.96 -345.489
v -55.2442 5.08901 -59.8296
vt 3144.7 -344.259
v -53.6785 4.07081 -60.1626
vt 3102.58 -405.94
f 5132/16167/2657 5133/16168/2657 5134/16169/2657 5135/16170/2657 

v -58.3507 4.07081 -63.4999
vt 3305.24 -485.937
vn 0.365298 0.760027 -0.537509
v -58.0309 5.06036 -61.8833
vt 3259.05 -425.991
vt 3243.03 -425.486
vt 3242.29 -485.937
f 5136/16171/2658 5137/16172/2658 5133/16173/2658 5132/16174/2658 

vt -775.212 -2339.69
vn -0.542439 0.760027 -0.357936
vt -821.398 -2399.64
v -59.5961 4.07081 -61.6125
vt -732.371 -2399.64
f 5137/16175/2659 5136/16176/2659 5138/16177/2659

v -54.884 4.07081 -58.0688
vt -3101.03 505.766
vn -0.390614 0.760027 0.519403
vt -3154.03 567.448
vt -3274.29 566.217
vt -3290.31 565.712
vt -3333.15 505.766
f 5139/16178/2660 5134/16179/2660 5133/16180/2660 5137/16181/2660 5138/16182/2660 

vt 956.092 2456.03
vn 0.56321 0.760027 0.324273
vt 903.092 2394.35
vt 998.213 2394.35
f 5134/16183/2661 5139/16184/2661 5135/16185/2661

g Mesh438 Group41 G_40_533392863108766 Model

vt 2245.2 2464.61
vt 2113.33 2368.61
vt 2160.79 2286.17
vt 2346.3 2425.69
vt 2297.27 2499.99
f 5132/16186/1 5135/16187/1 5139/16188/1 5138/16189/1 5136/16190/1 

g Mesh439 G_40_533392863108766 Model

v -57.0282 0 -62.6011
v -53.6785 0 -60.1626
v -54.884 0 -58.0688
v -59.5961 0 -61.6125
v -58.3507 0 -63.4999
f 5140/16186/1 5141/16187/1 5142/16188/1 5143/16189/1 5144/16190/1 

vt 3102.58 0
vn 0.588542 0 -0.808466
vt 3265.7 0
vt 3265.7 160.268
vt 3102.58 160.268
f 5141/16191/2662 5140/16192/2662 5132/16193/2662 5135/16194/2662 

vt 3242.29 0
vn 0.56209 0 -0.827076
vt 3305.24 0
vt 3305.24 160.268
vt 3242.29 160.268
f 5140/16195/2663 5144/16196/2663 5136/16197/2663 5132/16198/2663 

vt -821.398 0
vn -0.834662 0 -0.550763
vt -732.371 0
vt -732.371 160.268
vt -821.398 160.268
f 5144/16199/2664 5143/16200/2664 5138/16201/2664 5136/16202/2664 

vt -3333.15 0
vn -0.601045 0 0.799215
vt -3101.03 0
vt -3101.03 160.268
vt -3333.15 160.268
f 5143/16203/2665 5142/16204/2665 5139/16205/2665 5138/16206/2665 

vt 903.092 0
vt 998.213 0
vt 998.213 160.268
vt 903.092 160.268
f 5142/16207/2655 5141/16208/2655 5135/16209/2655 5139/16210/2655 

vt -2113.33 2368.61
vt -2245.2 2464.61
vt -2297.27 2499.99
vt -2346.3 2425.69
vt -2160.79 2286.17
f 5135/16211/20 5132/16212/20 5136/16213/20 5138/16214/20 5139/16215/20 

g Mesh440 G_27_800133771905966 Model

v -48.5837 0 -68.1996
vt 1912.74 2685.02
f 169/505/1 5145/16216/1 2080/6530/1 171/507/1 170/506/1 

vt -1465.7 0
v -52.3973 4.39809 -61.0685
vt -1147.32 173.153
v -48.5837 4.39809 -68.1996
vt -1465.7 173.153
f 5145/16217/97 169/554/97 5146/16218/97 5147/16219/97 

vt -2967.55 0
vn -0.482983 0 0.87563
vt -2549.55 0
v -43.1006 4.39809 -55.9406
vt -2549.55 173.153
vt -2967.55 173.153
f 169/16220/2666 170/16221/2666 5148/16222/2666 5146/16223/2666 

vt 1122.19 0
vn 0.878136 0 0.478411
vt 1237.37 0
v -41.701 4.39809 -58.5096
vt 1237.37 173.153
vt 1122.19 173.153
f 170/16224/2667 171/16225/2667 5149/16226/2667 5148/16227/2667 

vt 1443.4 0
v -39.1974 4.39809 -63.105
vt 1443.4 173.153
f 171/16225/2667 2080/16228/2667 5150/16229/2667 5149/16226/2667 

vt 2541.47 0
vn 0.477033 0 -0.878885
vt 2961.93 0
vt 2961.93 173.153
vt 2541.47 173.153
f 2080/16230/2668 5145/16231/2668 5147/16232/2668 5150/16233/2668 

vt -1912.74 2685.02
f 5147/16234/20 5146/596/20 5148/595/20 5149/594/20 5150/6562/20 

g Mesh441 G_47_57187954301288 Model

v -34.6073 0 -72.2981
vt 1362.49 2846.38
v -30.1906 0 -80.0018
vt 1188.6 3149.68
f 177/513/1 176/512/1 2081/6531/1 5151/16235/1 5152/16236/1 

vt 2048.19 0
vn 0.887716 0 0.460391
vt 2246.92 0
v -29.6256 4.75066 -79.6551
vt 2246.92 187.034
v -31.9496 4.75066 -75.1741
vt 2048.19 187.034
f 176/16237/2669 177/16238/2669 5153/16239/2669 5154/16240/2669 

vt 2634.31 0
vn 0.523016 0 -0.852323
vt 2660.41 0
v -30.1906 4.75066 -80.0018
vt 2660.41 187.034
vt 2634.31 187.034
f 177/16241/2670 5152/16242/2670 5155/16243/2670 5153/16244/2670 

vt -2141.25 0
vn -0.86753 0 -0.497384
vt -1791.64 0
v -34.6073 4.75066 -72.2981
vt -1791.64 187.034
vt -2141.25 187.034
f 5152/16245/2671 5151/16246/2671 5156/16247/2671 5155/16248/2671 

vt -2231.45 0
vn -0.332524 0 0.943095
vt -2199.39 0
v -33.8393 4.75066 -72.0273
vt -2199.39 187.034
vt -2231.45 187.034
f 5151/16249/2672 2081/16250/2672 5157/16251/2672 5156/16252/2672 

vt 1745.15 0
vn 0.857292 0 0.514831
vt 1889.67 0
vt 1889.67 187.034
vt 1745.15 187.034
f 2081/16253/2673 176/16254/2673 5154/16255/2673 5157/16256/2673 

vt -1188.6 3149.68
vt -1362.49 2846.38
f 5154/589/20 5153/588/20 5155/16257/20 5156/16258/20 5157/6561/20 

g Mesh442 G_29_00068062446673 Model

v -28.2095 0 -111.443
vt 1110.61 4387.52
v -32.2834 0 -104.698
vt 1271 4121.98
f 150/454/1 4990/15690/1 5158/16259/1 5159/16260/1 151/455/1 

vt -3299.17 0
vn -0.874396 0 -0.485214
vt -2987.98 0
v -34.389 4.07823 -105.88
vt -2987.98 160.56
v -30.5538 4.07823 -112.791
vt -3299.17 160.56
f 4990/16261/2674 150/16262/2674 5160/16263/2674 5161/16264/2674 

vt -3220.23 0
vt -3184.68 0
v -33.6016 4.07823 -105.438
vt -3184.68 160.56
vt -3220.23 160.56
f 150/16265/1218 151/16266/1218 5162/16267/1218 5160/16268/1218 

vt -3125.18 0
v -32.2834 4.07823 -104.698
vt -3125.18 160.56
f 151/16266/1218 5159/16269/1218 5163/16270/1218 5162/16267/1218 

vt 2871.14 0
vn 0.855967 0 0.51703
vt 3181.35 0
v -28.2095 4.07823 -111.443
vt 3181.35 160.56
vt 2871.14 160.56
f 5159/16271/2675 5158/16272/2675 5164/16273/2675 5163/16274/2675 

vt 3150.04 0
vt 3256.51 160.56
vt 3150.04 160.56
f 5158/16275/2577 4990/15698/2577 5161/16276/2577 5164/16277/2577 

vt -1271 4121.98
vt -1110.61 4387.52
f 5161/15720/20 5160/491/20 5162/490/20 5163/16278/20 5164/16279/20 

g Mesh443 G_44_82064366063227 Model

v -26.9582 0 -110.723
vt 1061.35 4359.19
v -30.6303 0 -103.533
vt 1205.92 4076.11
f 5159/16260/1 5158/16259/1 5165/16280/1 5166/16281/1 

vt -3181.35 0
vn -0.855967 0 -0.51703
vt -2871.14 0
v -32.2834 3.65089 -104.698
vt -2871.14 143.736
v -28.2095 3.65089 -111.443
vt -3181.35 143.736
f 5158/16282/2676 5159/16283/2676 5167/16284/2676 5168/16285/2676 

vt -3413.64 0
vn -0.576122 0 0.817364
vt -3334.01 0
v -30.6303 3.65089 -103.533
vt -3334.01 143.736
vt -3413.64 143.736
f 5159/16286/2677 5166/16287/2677 5169/16288/2677 5167/16289/2677 

vt 3081.61 0
vn 0.890578 0 0.454831
vt 3399.46 0
v -26.9582 3.65089 -110.723
vt 3399.46 143.736
vt 3081.61 143.736
f 5166/16290/2678 5165/16291/2678 5170/16292/2678 5169/16293/2678 

vt 3093.21 0
vt 3150.04 143.736
vt 3093.21 143.736
f 5165/16294/2577 5158/16275/2577 5168/16295/2577 5170/16296/2577 

vt -1205.92 4076.11
vt -1061.35 4359.19
f 5168/16279/20 5167/16278/20 5169/16297/20 5170/16298/20 

g Mesh444 G_24_333419506511405 Model

v -29.3464 0 -102.84
vt 1155.37 4048.82
v -31.9913 0 -97.8068
vt 1259.5 3850.66
v -34.5848 0 -99.2962
vt 1361.61 3909.3
v -35.3552 0 -97.8839
vt 1391.94 3853.7
v -34.4051 0 -97.4473
vt 1354.53 3836.51
v -35.9458 0 -94.3659
vt 1415.19 3715.19
f 144/448/1 151/455/1 5159/16260/1 5166/16281/1 5171/16299/1 5172/16300/1 5173/16301/1 5174/16302/1 5175/16303/1 5176/16304/1 

vt -3007.89 0
vn -0.877459 0 -0.479651
vt -2580.94 0
v -38.8032 2.64978 -95.9221
vt -2580.94 104.322
v -33.6016 2.64978 -105.438
vt -3007.89 104.322
f 151/16305/2679 144/16306/2679 5177/16307/2679 5178/16308/2679 

vt -3019.8 0
v -35.9458 2.64978 -94.3659
vt -3019.8 104.322
vt -3147.9 104.322
f 144/457/79 5176/16309/79 5179/16310/79 5177/16311/79 

vt 2690.08 0
vt 2825.71 0
v -34.4051 2.64978 -97.4473
vt 2825.71 104.322
vt 2690.08 104.322
f 5176/16312/555 5175/16313/555 5180/16314/555 5179/16315/555 

vt 2832.57 0
vt 2873.74 0
v -35.3552 2.64978 -97.8839
vt 2873.74 104.322
vt 2832.57 104.322
f 5175/16316/2593 5174/16317/2593 5181/16318/2593 5180/16319/2593 

vt 2716.61 0
vt 2779.95 0
v -34.5848 2.64978 -99.2962
vt 2779.95 104.322
vt 2716.61 104.322
f 5174/16320/1740 5173/16321/1740 5182/16322/1740 5181/16323/1740 

vt -3127.55 0
vn -0.497987 0 0.867184
vt -3009.8 0
v -31.9913 2.64978 -97.8068
vt -3009.8 104.322
vt -3127.55 104.322
f 5173/16324/2680 5172/16325/2680 5183/16326/2680 5182/16327/2680 

vt 2822.75 0
vn 0.885212 0 0.465188
vt 3046.6 0
v -29.3464 2.64978 -102.84
vt 3046.6 104.322
vt 2822.75 104.322
f 5172/16328/2681 5171/16329/2681 5184/16330/2681 5183/16331/2681 

vt 2940.41 0
vn 0.475149 0 -0.879905
vt 2997.85 0
v -30.6303 2.64978 -103.533
vt 2997.85 104.322
vt 2940.41 104.322
f 5171/16332/2682 5166/16333/2682 5185/16334/2682 5184/16335/2682 

vt 3334.01 0
vn 0.576122 0 -0.817364
vt 3413.64 0
v -32.2834 2.64978 -104.698
vt 3413.64 104.322
vt 3334.01 104.322
f 5166/16336/2683 5159/16337/2683 5186/16338/2683 5185/16339/2683 

vt 3125.18 0
vt 3184.68 104.322
vt 3125.18 104.322
f 5159/16340/81 151/464/81 5178/16341/81 5186/16342/81 

vt -1415.19 3715.19
vt -1354.53 3836.51
vt -1391.94 3853.7
vt -1361.61 3909.3
vt -1259.5 3850.66
vt -1155.37 4048.82
f 5178/490/20 5177/489/20 5179/16343/20 5180/16344/20 5181/16345/20 5182/16346/20 5183/16347/20 5184/16348/20 5185/16297/20 5186/16278/20 

g Mesh445 G_36_52687581556697 Model

v -51.9389 0 -103.712
vt 2044.84 4083.14
f 5187/16349/1 3194/9988/1 146/450/1 145/449/1 5113/16108/1 5112/16107/1 

vt 3557.5 0
vn 0.511023 0 -0.859567
vt 3844.25 0
v -51.9389 5.11764 -103.712
vt 3844.25 201.482
v -45.6781 5.11764 -99.9896
vt 3557.5 201.482
f 3194/16350/2684 5187/16351/2684 5188/16352/2684 5189/16353/2684 

vt -2575.27 0
vn -0.874033 0 -0.485867
vt -2339.39 0
v -54.85 5.11764 -98.475
vt -2339.39 201.482
vt -2575.27 201.482
f 5187/16354/2685 5112/16355/2685 5190/16356/2685 5188/16357/2685 

vt -3688.85 0
vn -0.455671 0 0.890148
vt -3218.45 0
v -44.2144 5.11764 -93.0306
vt -3218.45 201.482
vt -3688.85 201.482
f 5112/16358/2686 5113/16359/2686 5191/16360/2686 5190/16361/2686 

vt 2337.03 0
vn 0.871308 0 0.490737
vt 2538.93 0
v -41.6979 5.11764 -97.4987
vt 2538.93 201.482
vt 2337.03 201.482
f 5113/16362/2687 145/16363/2687 5192/16364/2687 5191/16365/2687 

vt 3287.85 0
vn 0.481764 0 -0.876301
vt 3382.02 0
v -43.7939 5.11764 -98.651
vt 3382.02 201.482
vt 3287.85 201.482
f 145/16366/2688 146/16367/2688 5193/16368/2688 5192/16369/2688 

vt 3654.9 0
vn 0.579134 0 -0.815232
vt 3745.89 0
vt 3745.89 201.482
vt 3654.9 201.482
f 146/16370/2689 3194/16371/2689 5189/16372/2689 5193/16373/2689 

vt -2044.84 4083.14
f 5189/10048/20 5188/16374/20 5190/16142/20 5191/16141/20 5192/488/20 5193/495/20 

g Mesh446 G_35_098728903099875 Model

v -57.1566 0 -99.6557
vt 2250.26 3923.45
v -54.1008 0 -104.997
vt 2129.95 4133.74
f 5187/16349/1 5112/16107/1 5111/16106/1 5194/16375/1 5195/16376/1 

vt 2339.39 0
vn 0.874033 0 0.485867
vt 2575.27 0
v -51.9389 4.39968 -103.712
vt 2575.27 173.216
v -54.85 4.39968 -98.475
vt 2339.39 173.216
f 5112/16377/2690 5187/16378/2690 5196/16379/2690 5197/16380/2690 

vt 3943.27 0
v -54.1008 4.39968 -104.997
vt 3943.27 173.216
vt 3844.25 173.216
f 5187/16351/2684 5195/16381/2684 5198/16382/2684 5196/16383/2684 

vt -2530.32 0
vn -0.867986 0 -0.496588
vt -2288.05 0
v -57.1566 4.39968 -99.6557
vt -2288.05 173.216
vt -2530.32 173.216
f 5195/16384/2691 5194/16385/2691 5199/16386/2691 5198/16387/2691 

vt -3790.87 0
vt -3761.81 0
v -56.4997 4.39968 -99.3194
vt -3761.81 173.216
vt -3790.87 173.216
f 5194/16388/2686 5111/16389/2686 5200/16390/2686 5199/16391/2686 

vt -3688.85 173.216
f 5111/16389/2686 5112/16358/2686 5197/16392/2686 5200/16390/2686 

vt -2129.95 4133.74
vt -2250.26 3923.45
f 5197/16142/20 5196/16374/20 5198/16393/20 5199/16394/20 5200/16136/20 

g Mesh447 G_40_37852283466219 Model

v -24.4678 0 -103.338
vt 963.3 4068.43
v -23.4877 0 -104.968
vt 924.711 4132.6
v -20.7439 0 -103.61
vt 816.69 4079.14
v -21.7711 0 -101.761
vt 857.129 4006.35
f 5201/16395/1 5202/16396/1 5203/16397/1 5204/16398/1 

vt -3064.91 0
vn -0.856964 0 -0.515377
vt -2990.03 0
v -24.4678 3.31844 -103.338
vt -2990.03 130.647
v -23.4877 3.31844 -104.968
vt -3064.91 130.647
f 5202/16399/2692 5201/16400/2692 5205/16401/2692 5206/16402/2692 

vt -2885.09 0
vn -0.504742 0 0.86327
vt -2762.11 0
v -21.7711 3.31844 -101.761
vt -2762.11 130.647
vt -2885.09 130.647
f 5201/16403/2693 5204/16404/2693 5207/16405/2693 5205/16406/2693 

vt 3085.92 0
vt 3169.19 0
v -20.7439 3.31844 -103.61
vt 3169.19 130.647
vt 3085.92 130.647
f 5204/16407/270 5203/16408/270 5208/16409/270 5207/16410/270 

vt 2541.05 0
vn 0.443493 0 -0.896278
vt 2661.57 0
vt 2661.57 130.647
vt 2541.05 130.647
f 5203/16411/2694 5202/16412/2694 5206/16413/2694 5208/16414/2694 

vt -924.711 4132.6
vt -963.3 4068.43
vt -857.129 4006.35
vt -816.69 4079.14
f 5206/16415/20 5205/16416/20 5207/16417/20 5208/16418/20 

g Mesh448 G_37_6521951021481 Model

v -21.617 0 -108.078
vt 851.064 4255.06
v -16.6353 0 -105.408
vt 654.934 4149.91
v -18.3815 0 -102.686
vt 723.68 4042.75
f 5203/16397/1 5202/16396/1 5209/16419/1 5210/16420/1 5211/16421/1 

vt -2661.57 0
vn -0.443493 0 0.896278
vt -2541.05 0
v -20.7439 3.54715 -103.61
vt -2541.05 139.652
v -23.4877 3.54715 -104.968
vt -2661.57 139.652
f 5202/16422/2695 5203/16423/2695 5212/16424/2695 5213/16425/2695 

vt -2246.97 0
vn -0.364399 0 0.931243
vt -2147.1 0
v -18.3815 3.54715 -102.686
vt -2147.1 139.652
vt -2246.97 139.652
f 5203/16426/2696 5211/16427/2696 5214/16428/2696 5212/16429/2696 

vt 3012 0
vn 0.841694 0 0.539955
vt 3139.32 0
v -16.6353 3.54715 -105.408
vt 3139.32 139.652
vt 3012 139.652
f 5211/16430/2697 5210/16431/2697 5215/16432/2697 5214/16433/2697 

vt 2537.95 0
vn 0.472474 0 -0.881345
vt 2760.48 0
v -21.617 3.54715 -108.078
vt 2760.48 139.652
vt 2537.95 139.652
f 5210/16434/2698 5209/16435/2698 5216/16436/2698 5215/16437/2698 

vt -3207.81 0
vt -3064.91 139.652
vt -3207.81 139.652
f 5209/16438/2692 5202/16399/2692 5213/16439/2692 5216/16440/2692 

vt -723.68 4042.75
vt -654.934 4149.91
vt -851.064 4255.06
f 5213/16415/20 5212/16418/20 5214/16441/20 5215/16442/20 5216/16443/20 

g Mesh449 G_17_28333343000671 Model

v -17.7652 0 -99.3989
vt 699.417 3913.34
v -26.0338 0 -100.734
vt 1024.95 3965.91
f 5201/16395/1 5204/16398/1 5217/16444/1 5090/16037/1 5089/16036/1 5218/16445/1 

vt 2762.11 0
vn 0.504742 0 -0.86327
vt 2885.09 0
v -24.4678 2.35287 -103.338
vt 2885.09 92.6328
v -21.7711 2.35287 -101.761
vt 2762.11 92.6328
f 5204/16446/2699 5201/16447/2699 5219/16448/2699 5220/16449/2699 

vt -2870.41 0
v -26.0338 2.35287 -100.734
vt -2870.41 92.6328
vt -2990.03 92.6328
f 5201/16400/2692 5218/16450/2692 5221/16451/2692 5219/16452/2692 

vt -2889.86 0
vt -2617.99 0
v -20.0763 2.35287 -97.2419
vt -2617.99 92.6328
vt -2889.86 92.6328
f 5218/16453/698 5089/16454/698 5222/16455/698 5221/16456/698 

vt -2065.18 0
vt -2024.24 0
v -19.1005 2.35287 -96.8824
vt -2024.24 92.6328
vt -2065.18 92.6328
f 5089/16457/1444 5090/16458/1444 5223/16459/1444 5222/16460/1444 

vt 3016.86 0
vn 0.883349 0 0.468716
vt 3129.02 0
v -17.7652 2.35287 -99.3989
vt 3129.02 92.6328
vt 3016.86 92.6328
f 5090/16461/2700 5217/16462/2700 5224/16463/2700 5223/16464/2700 

vt 2590.37 0
vn 0.507985 0 -0.861366
vt 2773.47 0
vt 2773.47 92.6328
vt 2590.37 92.6328
f 5217/16465/2701 5204/16466/2701 5220/16467/2701 5224/16468/2701 

vt -1024.95 3965.91
vt -699.417 3913.34
f 5220/16417/20 5219/16416/20 5221/16469/20 5222/16070/20 5223/16076/20 5224/16470/20 

g Mesh450 G_12_276233932606619 Model

v -14.7981 0 3.2323
vt 582.601 -127.256
v -25.8251 0 2.05511
vt 1016.74 -80.91
v -25.517 0 -0.589811
vt 1004.61 23.2209
v -20.9943 0 -0.308948
vt 826.547 12.1633
v -14.4975 0 0.564134
vt 570.769 -22.21
f 5225/16471/1 5226/16472/1 5227/16473/1 5228/16474/1 5229/16475/1 

vt -1002.4 0
vn -0.106151 0 0.99435
vt -565.801 0
v -14.7981 3.25768 3.2323
vt -565.801 128.255
v -25.8251 3.25768 2.05511
vt -1002.4 128.255
f 5226/16476/2702 5225/16477/2702 5230/16478/2702 5231/16479/2702 

vt -191.661 0
vn 0.993717 0 0.11192
vt -85.9512 0
v -14.4975 3.25768 0.564134
vt -85.9512 128.255
vt -191.661 128.255
f 5225/16480/2703 5229/16481/2703 5232/16482/2703 5230/16483/2703 

vt 562.726 0
vn 0.13319 0 -0.991091
vt 820.803 0
v -20.9943 3.25768 -0.308948
vt 820.803 128.255
vt 562.726 128.255
f 5229/16484/2704 5228/16485/2704 5233/16486/2704 5232/16487/2704 

vt 825.712 0
vn 0.0619814 0 -0.998077
vt 1004.11 0
v -25.517 3.25768 -0.589811
vt 1004.11 128.255
vt 825.712 128.255
f 5228/16488/2705 5227/16489/2705 5234/16490/2705 5233/16491/2705 

vt 93.1903 0
vt 198.025 0
vt 198.025 128.255
vt 93.1903 128.255
f 5227/16492/2060 5226/16493/2060 5231/16494/2060 5234/16495/2060 

vt -1016.74 -80.91
vt -582.601 -127.256
vt -570.769 -22.21
vt -826.547 12.1633
vt -1004.61 23.2209
f 5231/16496/20 5230/16497/20 5232/16498/20 5233/16499/20 5234/16500/20 

g Mesh451 G_31_665577956840345 Model

v -16.1924 0 15.612
vt 637.494 -614.644
v -16.3753 0 17.18
vt 644.697 -676.377
v -18.7121 0 16.9489
vt 736.696 -667.278
v -18.8118 0 17.7518
vt 740.621 -698.891
v -27.5456 0 16.6407
vt 1084.47 -655.146
v -26.7977 0 8.57594
vt 1055.03 -337.636
v -26.4639 0 6.49596
vt 1041.89 -255.746
f 5226/16472/1 5225/16471/1 5235/16501/1 5236/16502/1 5237/16503/1 5238/16504/1 5239/16505/1 5240/16506/1 5241/16507/1 

vt 565.801 0
vn 0.106151 0 -0.99435
vt 1002.4 0
v -25.8251 4.39598 2.05511
vt 1002.4 173.07
v -14.7981 4.39598 3.2323
vt 565.801 173.07
f 5225/16508/2706 5226/16509/2706 5242/16510/2706 5243/16511/2706 

vt 224.842 0
vn -0.989813 0 -0.142373
vt 401.477 0
v -26.4639 4.39598 6.49596
vt 401.477 173.07
vt 224.842 173.07
f 5226/16512/2707 5241/16513/2707 5244/16514/2707 5242/16515/2707 

vt 417.618 0
vn -0.987364 0 -0.158466
vt 500.555 0
v -26.7977 4.39598 8.57594
vt 500.555 173.07
vt 417.618 173.07
f 5241/16516/2708 5240/16517/2708 5245/16518/2708 5244/16519/2708 

vt 433.615 0
vn -0.995728 0 -0.0923401
vt 752.488 0
v -27.5456 4.39598 16.6407
vt 752.488 173.07
vt 433.615 173.07
f 5240/16520/2709 5239/16521/2709 5246/16522/2709 5245/16523/2709 

vt -993.121 0
vn -0.126203 0 0.992004
vt -646.497 0
v -18.8118 4.39598 17.7518
vt -646.497 173.07
vt -993.121 173.07
f 5239/16524/2710 5238/16525/2710 5247/16526/2710 5246/16527/2710 

vt -784.807 0
vn 0.992383 0 0.123192
vt -752.951 0
v -18.7121 4.39598 16.9489
vt -752.951 173.07
vt -784.807 173.07
f 5238/16528/2711 5237/16529/2711 5248/16530/2711 5247/16531/2711 

vt -667.446 0
vn -0.0984209 0 0.995145
vt -574.998 0
v -16.3753 4.39598 17.18
vt -574.998 173.07
vt -667.446 173.07
f 5237/16532/2712 5236/16533/2712 5249/16534/2712 5248/16535/2712 

vt -746.538 0
vn 0.993261 0 0.115897
vt -684.386 0
v -16.1924 4.39598 15.612
vt -684.386 173.07
vt -746.538 173.07
f 5236/16536/2713 5235/16537/2713 5250/16538/2713 5249/16539/2713 

vt -682.131 0
vt -191.661 173.07
vt -682.131 173.07
f 5235/16540/2703 5225/16480/2703 5243/16541/2703 5250/16542/2703 

vt -1041.89 -255.746
vt -1055.03 -337.636
vt -1084.47 -655.146
vt -740.621 -698.891
vt -736.696 -667.278
vt -644.697 -676.377
vt -637.494 -614.644
f 5243/16497/20 5242/16496/20 5244/16543/20 5245/16544/20 5246/16545/20 5247/16546/20 5248/16547/20 5249/16548/20 5250/16549/20 

g Mesh452 G_37_40918829798105 Model

v -30.4441 0 5.64855
vt 1198.59 -222.384
v -29.0061 0 -1.84968
vt 1141.97 72.8221
f 5227/16473/1 5226/16472/1 5241/16507/1 5251/16550/1 5252/16551/1 

vt -198.025 0
vn 0.993282 0 0.115722
vt -93.1903 0
v -25.517 4.57511 -0.589811
vt -93.1903 180.122
v -25.8251 4.57511 2.05511
vt -198.025 180.122
f 5226/16552/2714 5227/16553/2714 5253/16554/2714 5254/16555/2714 

vt 952.78 0
vn 0.339623 0 -0.940562
vt 1098.83 0
v -29.0061 4.57511 -1.84968
vt 1098.83 180.122
vt 952.78 180.122
f 5227/16556/2715 5252/16557/2715 5255/16558/2715 5253/16559/2715 

vt 143.57 0
vn -0.982102 0 -0.188348
vt 444.156 0
v -30.4441 4.57511 5.64855
vt 444.156 180.122
vt 143.57 180.122
f 5252/16560/2716 5251/16561/2716 5256/16562/2716 5255/16563/2716 

vt -1126 0
vn -0.208236 0 0.978079
vt -965.791 0
v -26.4639 4.57511 6.49596
vt -965.791 180.122
vt -1126 180.122
f 5251/16564/2717 5241/16565/2717 5257/16566/2717 5256/16567/2717 

vt -401.477 0
vn 0.989813 0 0.142373
vt -224.842 0
vt -224.842 180.122
vt -401.477 180.122
f 5241/16568/2718 5226/16569/2718 5254/16570/2718 5257/16571/2718 

vt -1141.97 72.8221
vt -1198.59 -222.384
f 5254/16496/20 5253/16500/20 5255/16572/20 5256/16573/20 5257/16543/20 

g Mesh453 G_30_10042263681208 Model

v -32.3476 0 -15.5092
vt 1273.53 610.6
v -36.9972 0 -4.95262
vt 1456.58 194.985
f 5258/16574/1 1314/4206/1 5259/16575/1

f 1314/4206/1 5258/16574/1 1308/4194/1

v -23.254 0 -11.6077
vt 915.514 456.994
f 1308/4194/1 5258/16574/1 5260/16576/1

vt 1021.53 0
vn 0.394291 0 -0.918986
vt 1411.11 0
v -32.3476 5.18887 -15.5092
vt 1411.11 204.286
v -23.254 5.18887 -11.6077
vt 1021.53 204.286
f 5260/16577/2719 5258/16578/2719 5261/16579/2719 5262/16580/2719 

vt -45.4616 0
vn -0.915163 0 -0.403083
vt 408.681 0
v -36.9972 5.18887 -4.95262
vt 408.681 204.286
vt -45.4616 204.286
f 5258/16581/2720 5259/16582/2720 5263/16583/2720 5261/16584/2720 

vt -1428.39 0
vn -0.361968 0 0.932191
vt -1090.9 0
v -29.0061 5.18887 -1.84968
vt -1090.9 204.286
vt -1428.39 204.286
f 5259/16585/2721 5252/16586/2721 5264/16587/2721 5263/16588/2721 

f 1314/4206/1 5252/16551/1 5259/16575/1

f 5252/16551/1 1314/4206/1 1316/4207/1

vt 1129.83 0
vn 0.364611 0 -0.93116
vt 1310.06 0
v -32.8098 5.18887 -7.47175
vt 1310.06 204.286
v -28.5471 5.18887 -5.80262
vt 1129.83 204.286
f 1316/16589/2722 1314/16590/2722 5265/16591/2722 5266/16592/2722 

vt -246.152 0
vn 0.916802 0 0.399343
vt -66.4075 0
v -30.9866 5.18887 -11.6574
vt -66.4075 204.286
vt -246.152 204.286
f 1314/16593/2723 1308/16594/2723 5267/16595/2723 5265/16596/2723 

vt -1302.1 0
vn -0.393919 0 0.919145
vt -1125.01 0
v -26.8523 5.18887 -9.88557
vt -1125.01 204.286
vt -1302.1 204.286
f 1308/16597/2724 1311/16598/2724 5268/16599/2724 5267/16600/2724 

f 1308/4194/1 5260/16576/1 1311/4197/1

f 1311/4197/1 5260/16576/1 5227/16473/1

v -21.3923 0 -10.863
vt 842.217 427.676
f 5227/16473/1 5260/16576/1 5269/16601/1

vt 940.814 0
vt 1019.76 0
vt 1019.76 204.286
v -21.3923 5.18887 -10.863
vt 940.814 204.286
f 5269/16602/2214 5260/16603/2214 5262/16604/2214 5270/16605/2214 

vt -915.514 456.994
v -25.517 5.18887 -0.589811
vt -842.217 427.676
f 5262/16606/20 5271/16500/20 5270/16607/20

f 5262/16606/20 5268/4226/20 5271/16500/20

f 5262/16606/20 5267/4230/20 5268/4226/20

vt -1273.53 610.6
f 5261/16608/20 5267/4230/20 5262/16606/20

f 5261/16608/20 5265/4232/20 5267/4230/20

vt -1456.58 194.985
f 5265/4232/20 5261/16608/20 5263/16609/20

f 5264/16572/20 5265/4232/20 5263/16609/20

f 5265/4232/20 5264/16572/20 5266/4228/20

f 5266/4228/20 5264/16572/20 5271/16500/20

vt -1098.83 0
vn -0.339623 0 0.940562
vt -952.78 0
vt -952.78 204.286
vt -1098.83 204.286
f 5252/16610/2725 5227/16611/2725 5271/16612/2725 5264/16613/2725 

f 5252/16551/1 1316/4207/1 5227/16473/1

f 5227/16473/1 1316/4207/1 1311/4197/1

vt 45.8403 0
vn -0.923592 0 -0.383378
vt 219.885 0
vt 219.885 204.286
vt 45.8403 204.286
f 1311/16614/2726 1316/16615/2726 5266/16616/2726 5268/16617/2726 

f 5266/4228/20 5271/16500/20 5268/4226/20

vt -352.757 0
vn 0.927996 0 0.37259
vt 83.0796 0
vt 83.0796 204.286
vt -352.757 204.286
f 5227/16618/2727 5269/16619/2727 5270/16620/2727 5271/16621/2727 

g Mesh454 G_19_282107307400416 Model

v -19.5306 0 -10.1183
vt 768.921 398.358
v -23.1256 0 -1.77264
vt 910.459 69.7891
v -20.9429 0 -1.38746
vt 824.525 54.6245
f 5227/16473/1 5269/16601/1 5272/16622/1 5273/16623/1 5274/16624/1 5228/16474/1 

vt -83.0796 0
vn -0.927996 0 -0.37259
vt 352.757 0
v -25.517 3.35356 -0.589811
vt 352.757 132.03
v -21.3923 3.35356 -10.863
vt -83.0796 132.03
f 5269/16625/2728 5227/16626/2728 5275/16627/2728 5276/16628/2728 

vt -1004.11 0
vn -0.0619814 0 0.998077
vt -825.712 0
v -20.9943 3.35356 -0.308948
vt -825.712 132.03
vt -1004.11 132.03
f 5227/16629/2729 5228/16630/2729 5277/16631/2729 5275/16632/2729 

vt -27.1653 0
vn 0.998868 0 0.0475651
vt 15.344 0
v -20.9429 3.35356 -1.38746
vt 15.344 132.03
vt -27.1653 132.03
f 5228/16633/2730 5274/16634/2730 5278/16635/2730 5277/16636/2730 

vt 821.472 0
vn 0.173785 0 -0.984784
vt 908.733 0
v -23.1256 3.35356 -1.77264
vt 908.733 132.03
vt 821.472 132.03
f 5274/16637/2731 5273/16638/2731 5279/16639/2731 5278/16640/2731 

vt -296.104 0
vn 0.918413 0 0.395624
vt 61.6529 0
v -19.5306 3.35356 -10.1183
vt 61.6529 132.03
vt -296.104 132.03
f 5273/16641/2732 5272/16642/2732 5280/16643/2732 5279/16644/2732 

vt 861.872 0
vt 940.814 132.03
vt 861.872 132.03
f 5272/16645/2214 5269/16602/2214 5276/16646/2214 5280/16647/2214 

vt -824.525 54.6245
vt -910.459 69.7891
vt -768.921 398.358
f 5276/16607/20 5275/16500/20 5277/16499/20 5278/16648/20 5279/16649/20 5280/16650/20 

g Mesh455 G_45_16906961289683 Model

v -38.6614 0 -5.5988
vt 1522.1 220.425
v -33.6026 0 -16.7948
vt 1322.94 661.212
v -24.1528 0 -13.0714
vt 950.898 514.62
v -23.5622 0 -14.0728
vt 927.645 554.048
v -22.4837 0 -13.5593
vt 885.184 533.829
f 5259/16575/1 5281/16651/1 5282/16652/1 5283/16653/1 5284/16654/1 5285/16655/1 5260/16576/1 5258/16574/1 

vt -1498.68 0
v -36.9972 4.16697 -4.95262
vt -1428.39 164.054
v -38.6614 4.16697 -5.5988
vt -1498.68 164.054
f 5281/16656/2721 5259/16585/2721 5286/16657/2721 5287/16658/2721 

vt -408.681 0
vn 0.915163 0 0.403083
vt 45.4616 0
v -32.3476 4.16697 -15.5092
vt 45.4616 164.054
vt -408.681 164.054
f 5259/16659/2733 5258/16660/2733 5288/16661/2733 5286/16662/2733 

vt -1411.11 0
vn -0.394291 0 0.918986
vt -1021.53 0
v -23.254 4.16697 -11.6077
vt -1021.53 164.054
vt -1411.11 164.054
f 5258/16663/2734 5260/16664/2734 5289/16665/2734 5288/16666/2734 

vt 88.9297 0
vn 0.930155 0 0.367167
vt 171.534 0
v -22.4837 4.16697 -13.5593
vt 171.534 164.054
vt 88.9297 164.054
f 5260/16667/2735 5285/16668/2735 5290/16669/2735 5289/16670/2735 

vt 1028.71 0
vn 0.429934 0 -0.902861
vt 1075.74 0
v -23.5622 4.16697 -14.0728
vt 1075.74 164.054
vt 1028.71 164.054
f 5285/16671/2736 5284/16672/2736 5291/16673/2736 5290/16674/2736 

vt -6.00848 0
vn -0.861366 0 -0.507985
vt 39.7656 0
v -24.1528 4.16697 -13.0714
vt 39.7656 164.054
vt -6.00848 164.054
f 5284/16675/2737 5283/16676/2737 5292/16677/2737 5291/16678/2737 

vt 1073.35 0
vn 0.366591 0 -0.930382
vt 1473.23 0
v -33.6026 4.16697 -16.7948
vt 1473.23 164.054
vt 1073.35 164.054
f 5283/16679/2738 5282/16680/2738 5293/16681/2738 5292/16682/2738 

vt -57.8331 0
vn -0.911295 0 -0.411755
vt 425.86 0
vt 425.86 164.054
vt -57.8331 164.054
f 5282/16683/2739 5281/16684/2739 5287/16685/2739 5293/16686/2739 

vt -1522.1 220.425
vt -885.184 533.829
vt -927.645 554.048
vt -950.898 514.62
vt -1322.94 661.212
f 5287/16687/20 5286/16609/20 5288/16608/20 5289/16606/20 5290/16688/20 5291/16689/20 5292/16690/20 5293/16691/20 

g Mesh456 G_24_093594159518833 Model

v -39.5475 0 -3.49568
vt 1556.99 137.625
v -43.1038 0 -5.1109
vt 1697 201.216
v -31.7538 0 -21.5711
vt 1250.15 849.254
f 5282/16652/1 5281/16651/1 5294/16692/1 5295/16693/1 2006/6298/1 2005/6297/1 4185/13089/1 4184/13088/1 4183/13087/1 5296/16694/1 

vt -425.86 0
vn 0.911295 0 0.411755
vt 57.8331 0
v -33.6026 5.88428 -16.7948
vt 57.8331 231.665
v -38.6614 5.88428 -5.5988
vt -425.86 231.665
f 5281/16695/2740 5282/16696/2740 5297/16697/2740 5298/16698/2740 

vt 139.052 0
vn 0.932568 0 0.360994
vt 340.692 0
v -31.7538 5.88428 -21.5711
vt 340.692 231.665
vt 139.052 231.665
f 5282/16699/2741 5296/16700/2741 5299/16701/2741 5297/16702/2741 

vt 1493.64 0
vn 0.429187 0 -0.903215
vt 1809.29 0
v -38.9952 5.88428 -25.012
vt 1809.29 231.665
vt 1493.64 231.665
f 5296/16703/2742 4183/16704/2742 5300/16705/2742 5299/16706/2742 

vt 1733.98 0
vn 0.252228 0 -0.967668
vt 1773.81 0
v -39.9742 5.88428 -25.2672
vt 1773.81 231.665
vt 1733.98 231.665
f 4183/16707/2743 4184/16708/2743 5301/16709/2743 5300/16710/2743 

vt -248.339 0
vn -0.909009 0 -0.416777
vt 143.646 0
v -44.1238 5.88428 -16.2167
vt 143.646 231.665
vt -248.339 231.665
f 4184/16711/2744 4185/16712/2744 5302/16713/2744 5301/16714/2744 

vt 290.625 0
v -45.6798 5.88428 -12.8232
vt 290.625 231.665
f 4185/16712/2744 2005/16715/2744 5303/16716/2744 5302/16713/2744 

vt 517.882 0
v -48.0855 5.88428 -7.57607
vt 517.882 231.665
f 2005/16715/2744 2006/16717/2744 5304/16718/2744 5303/16716/2744 

vt -1829.04 0
vn -0.443514 0 0.896268
vt -1610.21 0
v -43.1038 5.88428 -5.1109
vt -1610.21 231.665
vt -1829.04 231.665
f 2006/16719/2745 5295/16720/2745 5305/16721/2745 5304/16722/2745 

vt -1628.31 0
vn -0.413529 0 0.910491
vt -1474.54 0
v -39.5475 5.88428 -3.49568
vt -1474.54 231.665
vt -1628.31 231.665
f 5295/16723/2746 5294/16724/2746 5306/16725/2746 5305/16726/2746 

vt -477.715 0
vn 0.921543 0 0.388277
vt -387.865 0
vt -387.865 231.665
vt -477.715 231.665
f 5294/16727/2747 5281/16728/2747 5298/16729/2747 5306/16730/2747 

vt -1250.15 849.254
vt -1697 201.216
vt -1556.99 137.625
f 5298/16687/20 5297/16691/20 5299/16731/20 5300/13114/20 5301/13113/20 5302/13112/20 5303/6351/20 5304/6361/20 5305/16732/20 5306/16733/20 

g Mesh457 G_24_309239660862005 Model

v -42.7186 0 4.03078
vt 1681.84 -158.692
v -45.0041 0 3.2861
vt 1771.81 -129.374
v -44.3364 0 1.48857
vt 1745.53 -58.6053
v -45.7231 0 0.949317
vt 1800.12 -37.3747
f 5295/16693/1 5294/16692/1 5307/16734/1 5308/16735/1 5309/16736/1 5310/16737/1 

vt 1474.54 0
vn 0.413529 0 -0.910491
vt 1628.31 0
v -43.1038 2.62421 -5.1109
vt 1628.31 103.315
v -39.5475 2.62421 -3.49568
vt 1474.54 103.315
f 5294/16738/2748 5295/16739/2748 5311/16740/2748 5312/16741/2748 

vt 488.555 0
vn -0.917934 0 -0.396734
vt 748.477 0
v -45.7231 2.62421 0.949317
vt 748.477 103.315
vt 488.555 103.315
f 5295/16742/2749 5310/16743/2749 5313/16744/2749 5311/16745/2749 

vt -1664.17 0
vn -0.362446 0 0.932005
vt -1605.6 0
v -44.3364 2.62421 1.48857
vt -1605.6 103.315
vt -1664.17 103.315
f 5310/16746/2750 5309/16747/2750 5314/16748/2750 5313/16749/2750 

vt 662.707 0
vn -0.937425 0 -0.348187
vt 738.2 0
v -45.0041 2.62421 3.2861
vt 738.2 103.315
vt 662.707 103.315
f 5309/16750/2751 5308/16751/2751 5315/16752/2751 5314/16753/2751 

vt -1644.56 0
vn -0.309811 0 0.950798
vt -1549.92 0
v -42.7186 2.62421 4.03078
vt -1549.92 103.315
vt -1644.56 103.315
f 5308/16754/2752 5307/16755/2752 5316/16756/2752 5315/16757/2752 

vt -799.259 0
vt -477.715 103.315
vt -799.259 103.315
f 5307/16758/2747 5294/16727/2747 5312/16759/2747 5316/16760/2747 

vt -1800.12 -37.3747
vt -1745.53 -58.6053
vt -1771.81 -129.374
vt -1681.84 -158.692
f 5312/16733/20 5311/16732/20 5313/16761/20 5314/16762/20 5315/16763/20 5316/16764/20 

g Mesh458 G_34_408680987331735 Model

v -40.873 0 -75.8161
vt 1609.17 2984.89
v -40.5327 0 -76.4452
vt 1595.78 3009.65
v -36.6009 0 -83.5791
vt 1440.98 3290.51
f 5152/16236/1 5151/16235/1 5317/16765/1 5318/16766/1 5319/16767/1 

vt 1791.64 0
vn 0.86753 0 0.497384
vt 2141.25 0
v -30.1906 5.16 -80.0018
vt 2141.25 203.15
v -34.6073 5.16 -72.2981
vt 1791.64 203.15
f 5151/16768/2753 5152/16769/2753 5320/16770/2753 5321/16771/2753 

vt 2572.79 0
vn 0.487311 0 -0.873229
vt 2861.81 0
v -36.6009 5.16 -83.5791
vt 2861.81 203.15
vt 2572.79 203.15
f 5152/16772/2754 5319/16773/2754 5322/16774/2754 5320/16775/2754 

vt -2186.24 0
vn -0.875788 0 -0.482695
vt -1865.55 0
v -40.5327 5.16 -76.4452
vt -1865.55 203.15
vt -2186.24 203.15
f 5319/16776/2755 5318/16777/2755 5323/16778/2755 5322/16779/2755 

vt -1888.19 0
vn -0.879605 0 -0.475705
vt -1860.03 0
v -40.873 5.16 -75.8161
vt -1860.03 203.15
vt -1888.19 203.15
f 5318/16780/2756 5317/16781/2756 5324/16782/2756 5323/16783/2756 

vt -2864.48 0
vn -0.489582 0 0.871957
vt -2581.57 0
vt -2581.57 203.15
vt -2864.48 203.15
f 5317/16784/2757 5151/16785/2757 5321/16786/2757 5324/16787/2757 

vt -1440.98 3290.51
vt -1595.78 3009.65
vt -1609.17 2984.89
f 5321/16258/20 5320/16257/20 5322/16788/20 5323/16789/20 5324/16790/20 

g Mesh459 G_24_791238618779463 Model

f 1305/4131/1 1304/4130/1 1306/4132/1

vt 1493 0
vn 0.885488 0 0.464662
vt 1608.31 0
v -58.2768 3.69457 -76.7149
vt 1608.31 145.456
v -59.6378 3.69457 -74.1213
vt 1493 145.456
f 1304/16791/2758 1305/16792/2758 5325/16793/2758 5326/16794/2758 

vt 3580.13 0
vn 0.551867 0 -0.833932
vt 3662.57 0
v -60.023 3.69457 -77.8704
vt 3662.57 145.456
vt 3580.13 145.456
f 1305/16795/2759 1306/16796/2759 5327/16797/2759 5325/16798/2759 

vt 1597.9 0
vn 0.883002 0 0.46937
vt 1942.53 0
v -55.9144 3.69457 -85.5997
vt 1942.53 145.456
vt 1597.9 145.456
f 1306/16799/2760 1307/16800/2760 5328/16801/2760 5327/16802/2760 

v -54.3833 0 -89.2558
vt 2141.07 3514.01
f 1306/4132/1 5329/16803/1 1307/4133/1

v -63.3966 0 -72.6159
vt 2495.93 2858.89
f 5329/16803/1 1306/4132/1 5330/16804/1

f 1304/4130/1 5330/16804/1 1306/4132/1

v -54.8134 0 -68.2119
vt 2158.01 2685.51
f 5330/16804/1 1304/4130/1 5331/16805/1

f 5331/16805/1 1304/4130/1 1303/4129/1

vt 3341.85 0
vn 0.508103 0 -0.861296
vt 3505 0
vt 3505 145.456
v -56.0684 3.69457 -72.0156
vt 3341.85 145.456
f 1303/16806/2761 1304/16807/2761 5326/16808/2761 5332/16809/2761 

v -54.8134 3.69457 -68.2119
vt -2158.01 2685.51
f 5326/4187/20 5333/16810/20 5332/4188/20

v -63.3966 3.69457 -72.6159
vt -2495.93 2858.89
f 5326/4187/20 5334/16811/20 5333/16810/20

f 5334/16811/20 5326/4187/20 5327/4185/20

f 5325/4186/20 5327/4185/20 5326/4187/20

v -54.3833 3.69457 -89.2558
vt -2141.07 3514.01
f 5327/4185/20 5335/16812/20 5334/16811/20

f 5335/16812/20 5327/4185/20 5328/4184/20

v -53.8601 3.69457 -84.624
f 5335/16812/20 5328/4184/20 5336/4183/20

vt -3434.38 0
vt -3344.85 0
vt -3344.85 145.456
vt -3434.38 145.456
f 1307/16813/1754 1296/16814/1754 5336/16815/1754 5328/16816/1754 

f 1307/4133/1 5329/16803/1 1296/4122/1

v -52.2648 0 -88.1387
vt 2057.67 3470.03
f 1296/4122/1 5329/16803/1 5337/16817/1

vt 3438.6 0
vn 0.466409 0 -0.884569
vt 3532.89 0
vt 3532.89 145.456
v -52.2648 3.69457 -88.1387
vt 3438.6 145.456
f 5337/16818/2762 5329/16819/2762 5335/16820/2762 5338/16821/2762 

vt -2070.08 0
vt -1325.03 0
vt -1325.03 145.456
vt -2070.08 145.456
f 5329/16822/669 5330/16823/669 5334/16824/669 5335/16825/669 

vt -3525.78 0
vn -0.456506 0 0.88972
vt -3145.97 0
vt -3145.97 145.456
vt -3525.78 145.456
f 5330/16826/2763 5331/16827/2763 5333/16828/2763 5334/16829/2763 

vt 1307.08 0
vn 0.875304 0 0.483573
v -53.1571 0 -71.2099
vt 1441.93 0
v -53.1571 3.69457 -71.2099
vt 1441.93 145.456
vt 1307.08 145.456
f 5331/16830/2764 5339/16831/2764 5340/16832/2764 5333/16833/2764 

vt 2092.8 2803.54
f 5331/16805/1 1302/4128/1 5339/16834/1

f 5331/16805/1 1303/4129/1 1302/4128/1

vt -1359.16 0
vn -0.847553 0 -0.530711
vt -1231.53 0
vt -1231.53 145.456
v -54.348 3.69457 -74.7633
vt -1359.16 145.456
f 1302/16835/2765 1303/16836/2765 5332/16837/2765 5341/16838/2765 

f 5332/4188/20 5333/16810/20 5341/4189/20

vt -2092.8 2803.54
f 5341/4189/20 5333/16810/20 5340/16839/20

v -52.5761 3.69457 -73.8645
f 5341/4189/20 5340/16839/20 5342/4190/20

v -52.6628 3.69457 -70.9724
f 5342/4190/20 5340/16839/20 5343/16163/20

vt -3100.57 0
vn -0.433112 0 0.90134
vt -3078.98 0
vt -3078.98 145.456
vt -3100.57 145.456
f 5339/16840/2766 5125/16841/2766 5343/16842/2766 5340/16843/2766 

f 5339/16834/1 1301/4127/1 5125/16144/1

f 5339/16834/1 1302/4128/1 1301/4127/1

vt 3161.55 0
vn 0.452376 0 -0.891827
vt 3239.77 0
vt 3239.77 145.456
vt 3161.55 145.456
f 1301/16844/2767 1302/16845/2767 5341/16846/2767 5342/16847/2767 

vt -1829.85 0
vn -0.867686 0 -0.497112
vt -1494.29 0
vt -1494.29 145.456
v -48.3391 3.69457 -81.26
vt -1829.85 145.456
f 1300/16848/2768 1301/16849/2768 5342/16850/2768 5344/16851/2768 

f 1300/4126/1 2339/7295/1 1301/4127/1

f 2339/7295/1 1300/4126/1 2340/7296/1

f 1298/4124/1 2340/7296/1 1300/4126/1

v -52.0208 0 -88.6523
vt 2048.06 3490.25
f 5345/16852/1 2340/7296/1 1298/4124/1

f 5345/16852/1 5116/16111/1 2340/7296/1

v -55.4875 0 -90.6424
vt 2184.55 3568.6
f 5346/16853/1 5116/16111/1 5345/16852/1

f 1268/4042/1 5116/16111/1 5346/16853/1

f 1268/4042/1 5110/16105/1 5116/16111/1

f 5110/16105/1 1268/4042/1 1267/4041/1

vt -3851.02 0
vn -0.483374 0 0.875414
vt -3671.15 0
v -55.9914 3.69457 -91.5059
vt -3671.15 145.456
v -59.9909 3.69457 -93.7143
vt -3851.02 145.456
f 1267/16854/2769 1268/16855/2769 5347/16856/2769 5348/16857/2769 

vt -2199.02 0
vn -0.889724 0 -0.456498
vt -1691.62 0
v -61.8747 3.69457 -80.0393
vt -1691.62 145.456
vt -2199.02 145.456
f 1268/16858/2770 1264/16859/2770 5349/16860/2770 5347/16861/2770 

v -61.2138 0 -79.6519
vt 2409.99 3135.9
f 1268/4042/1 5350/16862/1 1264/4038/1

f 5350/16862/1 1268/4042/1 5346/16853/1

vt 1667.47 0
vn 0.886843 0 0.46207
vt 2155.38 0
v -55.4875 3.69457 -90.6424
vt 2155.38 145.456
v -61.2138 3.69457 -79.6519
vt 1667.47 145.456
f 5350/16863/2771 5346/16864/2771 5351/16865/2771 5352/16866/2771 

vt -3671.24 0
vn -0.497868 0 0.867253
vt -3513.87 0
v -52.0208 3.69457 -88.6523
vt -3513.87 145.456
vt -3671.24 145.456
f 5346/16867/2772 5345/16868/2772 5353/16869/2772 5351/16870/2772 

vt -2273.93 0
vn -0.903278 0 -0.429057
vt -2251.54 0
vt -2251.54 145.456
vt -2273.93 145.456
f 5345/16871/2773 5337/16872/2773 5338/16873/2773 5353/16874/2773 

f 1298/4124/1 5337/16817/1 5345/16852/1

f 1297/4123/1 5337/16817/1 1298/4124/1

f 1296/4122/1 5337/16817/1 1297/4123/1

vt 2092.84 0
vn 0.902409 0 0.43088
vt 2217.2 0
v -52.4991 3.69457 -87.4743
vt 2217.2 145.456
vt 2092.84 145.456
f 1296/16875/2774 1297/16876/2774 5354/16877/2774 5336/16878/2774 

vt -3355 0
vn -0.433294 0 0.901252
vt -3180.01 0
v -48.4932 3.69457 -85.5484
vt -3180.01 145.456
vt -3355 145.456
f 1297/16879/2775 1298/16880/2775 5355/16881/2775 5354/16882/2775 

vt -2179.42 0
vn -0.897303 0 -0.441415
vt -2039.71 0
v -50.0596 3.69457 -82.3642
vt -2039.71 145.456
vt -2179.42 145.456
f 1298/16883/2776 1299/16884/2776 5356/16885/2776 5355/16886/2776 

f 1300/4126/1 1299/4125/1 1298/4124/1

vt -3410.09 0
vn -0.540123 0 0.841586
vt -3329.6 0
vt -3329.6 145.456
vt -3410.09 145.456
f 1299/16887/2777 1300/16888/2777 5344/16889/2777 5356/16890/2777 

f 5344/4191/20 5355/4193/20 5356/4192/20

v -44.6927 3.69457 -85.8309
f 5357/7317/20 5355/4193/20 5344/4191/20

vt -2048.06 3490.25
f 5357/7317/20 5353/16891/20 5355/4193/20

v -39.634 3.69457 -84.1874
f 5358/16138/20 5353/16891/20 5357/7317/20

vt -2184.55 3568.6
f 5358/16138/20 5351/16892/20 5353/16891/20

f 5358/16138/20 5347/4065/20 5351/16892/20

v -59.1784 3.69457 -95.0187
f 5359/16137/20 5347/4065/20 5358/16138/20

f 5347/4065/20 5359/16137/20 5348/4066/20

vt -1883.05 0
vt -1883.05 145.456
vt -1943.55 145.456
f 5110/16113/2648 1267/16893/2648 5348/16894/2648 5359/16895/2648 

vt 2971.43 0
vn 0.484728 0 -0.874665
vt 3851.16 0
vt 3851.16 145.456
vt 2971.43 145.456
f 5116/16896/2778 5110/16897/2778 5359/16898/2778 5358/16899/2778 

vt 1126.58 0
vn 0.689655 0 0.724138
vt 1155.9 0
vt 1155.9 145.456
v -40.1732 3.69457 -83.6738
vt 1126.58 145.456
f 2336/16900/2779 5116/16901/2779 5358/16902/2779 5360/16903/2779 

f 2340/7296/1 5116/16111/1 2336/7292/1

vt -3043.47 0
vn -0.43073 0 0.902481
vt -2846.31 0
vt -2846.31 145.456
vt -3043.47 145.456
f 2340/16904/2780 2336/16905/2780 5360/16906/2780 5357/16907/2780 

f 5358/16138/20 5357/7317/20 5360/7316/20

vt 1485.7 0
vn 0.877224 0 0.480081
vt 2119.56 0
vt 2119.56 145.456
v -52.422 3.69457 -71.7075
vt 1485.7 145.456
f 2339/16908/2781 2340/16909/2781 5357/16910/2781 5361/16911/2781 

f 5344/4191/20 5361/7318/20 5357/7317/20

f 5361/7318/20 5344/4191/20 5342/4190/20

f 5342/4190/20 5343/16163/20 5361/7318/20

v -48.6633 3.69457 -68.8732
f 5361/7318/20 5343/16163/20 5362/16166/20

vt -3134.42 0
vn -0.46475 0 0.885442
vt -2956.59 0
vt -2956.59 145.456
vt -3134.42 145.456
f 5125/16912/2782 5126/16913/2782 5362/16914/2782 5343/16915/2782 

f 5125/16144/1 2339/7295/1 5126/16145/1

f 5125/16144/1 1301/4127/1 2339/7295/1

f 5126/16145/1 2339/7295/1 2338/7294/1

vt 2991.09 0
vt 3181.2 0
vt 3181.2 145.456
v -48.2107 3.69457 -69.345
vt 2991.09 145.456
f 2338/16916/81 2339/16917/81 5361/16918/81 5363/16919/81 

f 5361/7318/20 5362/16166/20 5363/7319/20

v -48.3231 3.69457 -68.687
vt -1902.48 2704.21
f 5363/7319/20 5362/16166/20 5364/16920/20

vn -0.480011 0 0.877262
v -48.3231 0 -68.687
vt -2967.03 0
vt -2967.03 145.456
vt -2982.3 145.456
f 5126/10081/2783 5365/16921/2783 5364/16922/2783 5362/16923/2783 

vt 1902.48 2704.21
f 5126/16145/1 2338/7294/1 5365/16924/1

f 2080/6530/1 5365/16924/1 2338/7294/1

f 5365/16924/1 2080/6530/1 5145/16216/1

vt -2961.93 0
vn -0.477033 0 0.878885
vt -2541.47 0
v -39.1974 3.69457 -63.105
vt -2541.47 145.456
v -48.5837 3.69457 -68.1996
vt -2961.93 145.456
f 5145/16925/2784 2080/16926/2784 5366/16927/2784 5367/16928/2784 

vt 1335.41 0
v -33.8393 3.69457 -72.0273
vt 1745.15 145.456
vt 1335.41 145.456
f 2080/16929/2673 2081/16253/2673 5368/16930/2673 5366/16931/2673 

f 2080/6530/1 5151/16235/1 2081/6531/1

f 2080/6530/1 5317/16765/1 5151/16235/1

f 2080/6530/1 2337/7293/1 5317/16765/1

f 2080/6530/1 2338/7294/1 2337/7293/1

vt -1845.07 0
vn -0.872159 0 -0.489222
vt -1452.53 0
vt -1452.53 145.456
v -43.3328 3.69457 -78.0411
vt -1845.07 145.456
f 2337/16932/2785 2338/16933/2785 5363/16934/2785 5369/16935/2785 

f 5363/7319/20 5366/6562/20 5369/7315/20

f 5364/16920/20 5366/6562/20 5363/7319/20

f 5366/6562/20 5364/16920/20 5367/16234/20

vt -1487.45 0
vt -1465.7 145.456
vt -1487.45 145.456
f 5365/16936/97 5145/16217/97 5367/16937/97 5364/16938/97 

v -40.873 3.69457 -75.8161
f 5369/7315/20 5366/6562/20 5370/16790/20

v -34.6073 3.69457 -72.2981
f 5370/16790/20 5366/6562/20 5371/16258/20

f 5371/16258/20 5366/6562/20 5368/6561/20

vt 2199.39 0
vn 0.332524 0 -0.943095
vt 2231.45 0
vt 2231.45 145.456
vt 2199.39 145.456
f 2081/16939/2786 5151/16940/2786 5371/16941/2786 5368/16942/2786 

vt 2581.57 0
vn 0.489582 0 -0.871957
vt 2864.48 0
vt 2864.48 145.456
vt 2581.57 145.456
f 5151/16943/2787 5317/16944/2787 5370/16945/2787 5371/16946/2787 

vt 1860.03 0
vn 0.879605 0 0.475705
vt 1888.19 0
v -40.5327 3.69457 -76.4452
vt 1888.19 145.456
vt 1860.03 145.456
f 5317/16947/2788 5318/16948/2788 5372/16949/2788 5370/16950/2788 

f 5318/16766/1 5317/16765/1 2337/7293/1

vt 2876.66 0
vn 0.495152 0 -0.868806
vt 3003.54 0
vt 3003.54 145.456
vt 2876.66 145.456
f 5318/16951/2789 2337/16952/2789 5369/16953/2789 5372/16954/2789 

f 5372/16789/20 5369/7315/20 5370/16790/20

vt -2409.99 3135.9
f 5347/4065/20 5352/16955/20 5351/16892/20

f 5352/16955/20 5347/4065/20 5349/4064/20

vn -0.50572 0 0.862698
vt -3664.98 0
vt -3664.98 145.456
vt -3695.14 145.456
f 1264/4044/2790 5350/16956/2790 5352/16957/2790 5349/16958/2790 

vt -2057.67 3470.03
f 5338/16959/20 5355/4193/20 5353/16891/20

f 5338/16959/20 5354/4182/20 5355/4193/20

f 5338/16959/20 5336/4183/20 5354/4182/20

f 5335/16812/20 5336/4183/20 5338/16959/20

g Mesh460 Group44 Group43 G_36_96417647675442 Model

v -41.1526 8.47442 -78.6463
vt -2940.77 1709.04
vn -0.297742 0.799012 0.522427
v -43.3328 7.26627 -78.0411
vt -3003.54 1629.94
v -40.5327 7.26627 -76.4452
vt -2876.66 1629.94
f 5373/16960/2791 5374/16961/2791 5375/16962/2791

vt -1845.07 -2217.86
vn -0.524443 0.799012 -0.294177
vt -1907.85 -2138.76
v -38.905 8.46143 -82.6886
vt -2089.94 -2139.61
v -40.1732 7.26627 -83.6738
vt -2099.34 -2217.86
f 5374/16963/2792 5373/16964/2792 5376/16965/2792 5377/16966/2792 

v -36.2443 7.26627 -84.2259
vt 2215.32 2449.45
vn 0.526625 0.799012 0.290252
v -38.2286 8.37319 -83.6729
vt 2158.54 2521.92
v -38.467 8.37913 -83.2568
vt 2139.66 2522.31
vt 2111.75 2527.7
vt 1929.66 2528.55
vt 1865.55 2449.45
f 5378/16967/2793 5379/16968/2793 5380/16969/2793 5376/16970/2793 5373/16971/2793 5375/16972/2793 

vt 2950.23 -1480.3
vn 0.300585 0.799012 -0.520797
vt 2893.46 -1552.77
v -38.7506 7.26627 -85.6724
vt 3007.38 -1552.77
f 5379/16973/2794 5378/16974/2794 5381/16975/2794

v -39.634 7.26627 -84.1874
vt -2050.84 -2253.42
vn -0.516793 0.799012 -0.307417
vt -2042.84 -2180.56
vt -2061.72 -2180.95
vt -2118.87 -2253.42
f 5382/16976/2795 5380/16977/2795 5379/16978/2795 5381/16979/2795 

vt -1126.58 -2605.55
vn -0.4147 0.799012 -0.435435
vt -1135.98 -2527.3
vt -1163.9 -2532.69
vt -1155.9 -2605.55
f 5377/16980/2796 5376/16981/2796 5380/16982/2796 5382/16983/2796 

g Mesh461 Group43 G_36_96417647675442 Model

vt 1426.94 3315.98
v -36.6009 7.26627 -83.5791
f 5375/16766/1 5374/7293/1 5377/7292/1 5382/16111/1 5381/16110/1 5378/16984/1 5383/16767/1 

g Mesh462 G_36_96417647675442 Model

v -36.2443 0 -84.2259
f 5318/16766/1 2337/7293/1 2336/7292/1 5116/16111/1 5115/16110/1 5384/16984/1 5319/16767/1 

vt -3003.54 0
vn -0.495152 0 0.868806
vt -2876.66 0
vt -2876.66 286.073
vt -3003.54 286.073
f 2337/16985/2797 5318/16986/2797 5375/16987/2797 5374/16988/2797 

vt 1865.55 0
vn 0.875788 0 0.482695
vt 2186.24 0
vt 2186.24 286.073
vt 1865.55 286.073
f 5318/16989/2798 5319/16990/2798 5383/16991/2798 5375/16992/2798 

vt 2215.32 0
vt 2215.32 286.073
f 5319/16990/2798 5384/16993/2798 5378/16994/2798 5383/16991/2798 

vt 2893.46 0
vn 0.499879 0 -0.866095
vt 3007.38 0
vt 3007.38 286.073
vt 2893.46 286.073
f 5384/16995/2799 5115/16996/2799 5381/16997/2799 5378/16998/2799 

vt -2118.87 0
vn -0.859437 0 -0.511241
vt -2050.84 0
vt -2050.84 286.073
vt -2118.87 286.073
f 5115/16999/2800 5116/17000/2800 5382/17001/2800 5381/17002/2800 

vt -1155.9 0
vn -0.689655 0 -0.724138
vt -1126.58 0
vt -1126.58 286.073
vt -1155.9 286.073
f 5116/17003/2801 2336/17004/2801 5377/17005/2801 5382/17006/2801 

vt -2099.34 0
vt -1845.07 286.073
vt -2099.34 286.073
f 2336/17007/2785 2337/16932/2785 5374/17008/2785 5377/17009/2785 

vt -1426.94 3315.98
f 5374/7315/20 5375/16789/20 5383/16788/20 5378/17010/20 5381/16139/20 5382/16138/20 5377/7316/20 

g Mesh463 G_23_654877311885468 Model

v -34.5592 0 -93.4928
vt 1360.6 3680.82
v -29.0639 0 -90.4627
vt 1144.25 3561.52
v -29.5775 0 -89.2815
vt 1164.47 3515.02
f 160/496/1 177/513/1 5152/16236/1 5319/16767/1 5384/16984/1 5115/16110/1 5114/16109/1 5385/17011/1 5386/17012/1 5387/17013/1 

vt 2228.89 0
vn 0.884355 0 0.466814
vt 2575.13 0
v -25.5202 3.14115 -87.4326
vt 2575.13 123.667
v -29.6256 3.14115 -79.6551
vt 2228.89 123.667
f 177/17014/2802 160/17015/2802 5388/17016/2802 5389/17017/2802 

vt 2341.67 0
vn 0.414671 0 -0.909972
vt 2517.21 0
v -29.5775 3.14115 -89.2815
vt 2517.21 123.667
vt 2341.67 123.667
f 160/17018/2803 5387/17019/2803 5390/17020/2803 5388/17021/2803 

vt 2759.21 0
vn 0.91707 0 0.398726
vt 2809.92 0
v -29.0639 3.14115 -90.4627
vt 2809.92 123.667
vt 2759.21 123.667
f 5387/17022/2804 5386/17023/2804 5391/17024/2804 5390/17025/2804 

vt 2721.73 0
vn 0.482861 0 -0.875697
vt 2968.79 0
v -34.5592 3.14115 -93.4928
vt 2968.79 123.667
vt 2721.73 123.667
f 5386/17026/2805 5385/17027/2805 5392/17028/2805 5391/17029/2805 

vt -2711.02 0
vn -0.898666 0 -0.438634
vt -2522.02 0
v -36.6648 3.14115 -89.1787
vt -2522.02 123.667
vt -2711.02 123.667
f 5385/17030/2806 5114/17031/2806 5393/17032/2806 5392/17033/2806 

vt -2279.49 0
v -38.7506 3.14115 -85.6724
vt -2118.87 123.667
vt -2279.49 123.667
f 5114/17034/2800 5115/16999/2800 5394/17035/2800 5393/17036/2800 

vt -3007.38 0
vn -0.499879 0 0.866095
vt -2893.46 0
v -36.2443 3.14115 -84.2259
vt -2893.46 123.667
vt -3007.38 123.667
f 5115/17037/2807 5384/17038/2807 5395/17039/2807 5394/17040/2807 

vt -2215.32 0
v -36.6009 3.14115 -83.5791
vt -2186.24 123.667
vt -2215.32 123.667
f 5384/17041/2755 5319/16776/2755 5396/17042/2755 5395/17043/2755 

vt -2861.81 0
vn -0.487311 0 0.873229
vt -2572.79 0
v -30.1906 3.14115 -80.0018
vt -2572.79 123.667
vt -2861.81 123.667
f 5319/17044/2808 5152/17045/2808 5397/17046/2808 5396/17047/2808 

vt -2660.41 0
vn -0.523016 0 0.852323
vt -2634.31 0
vt -2634.31 123.667
vt -2660.41 123.667
f 5152/17048/2809 177/17049/2809 5389/17050/2809 5397/17051/2809 

vt -1164.47 3515.02
vt -1144.25 3561.52
vt -1360.6 3680.82
f 5389/588/20 5388/587/20 5390/17052/20 5391/17053/20 5392/17054/20 5393/16140/20 5394/16139/20 5395/17010/20 5396/16788/20 5397/16257/20 

g Mesh464 G_20_83307981318557 Model

v -15.0298 0 20.9313
vt 591.724 -824.068
v -19.1743 0 20.6723
vt 754.894 -813.87
v -14.4462 0 15.7404
vt 568.748 -619.699
f 5398/17055/1 5399/17056/1 5238/16504/1 5237/16503/1 5236/16502/1 5235/16501/1 5400/17057/1 

vt -702.656 0
vn -0.0623783 0 0.998053
vt -539.168 0
v -15.0298 2.68089 20.9313
vt -539.168 105.547
v -19.1743 2.68089 20.6723
vt -702.656 105.547
f 5399/17058/2810 5398/17059/2810 5401/17060/2810 5402/17061/2810 

vt -885.018 0
vn 0.993739 0 0.111722
vt -679.361 0
v -14.4462 2.68089 15.7404
vt -679.361 105.547
vt -885.018 105.547
f 5398/17062/2811 5400/17063/2811 5403/17064/2811 5401/17065/2811 

vt 521.773 0
vt 590.705 0
v -16.1924 2.68089 15.612
vt 590.705 105.547
vt 521.773 105.547
f 5400/17066/2242 5235/17067/2242 5404/17068/2242 5403/17069/2242 

vt 684.386 0
vn -0.993261 0 -0.115897
vt 746.538 0
v -16.3753 2.68089 17.18
vt 746.538 105.547
vt 684.386 105.547
f 5235/17070/2812 5236/17071/2812 5405/17072/2812 5404/17073/2812 

vt 574.998 0
vn 0.0984209 0 -0.995145
vt 667.446 0
v -18.7121 2.68089 16.9489
vt 667.446 105.547
vt 574.998 105.547
f 5236/17074/2813 5237/17075/2813 5406/17076/2813 5405/17077/2813 

vt 752.951 0
vn -0.992383 0 -0.123192
vt 784.807 0
v -18.8118 2.68089 17.7518
vt 784.807 105.547
vt 752.951 105.547
f 5237/17078/2814 5238/17079/2814 5407/17080/2814 5406/17081/2814 

vt 900.668 0
vt 900.668 105.547
f 5238/17079/2814 5399/17082/2814 5402/17083/2814 5407/17080/2814 

vt -754.894 -813.87
vt -591.724 -824.068
vt -568.748 -619.699
f 5402/17084/20 5401/17085/20 5403/17086/20 5404/16549/20 5405/16548/20 5406/16547/20 5407/16546/20 

g Mesh465 G_35_58757298399914 Model

v -15.422 0 24.4198
vt 607.165 -961.41
v -19.4022 0 23.8549
vt 763.867 -939.168
f 5399/17056/1 5398/17055/1 5408/17087/1 5409/17088/1 

vt 539.168 0
vn 0.0623783 0 -0.998053
vt 702.656 0
v -19.1743 2.93532 20.6723
vt 702.656 115.564
v -15.0298 2.93532 20.9313
vt 539.168 115.564
f 5398/17089/2815 5399/17090/2815 5410/17091/2815 5411/17092/2815 

vt 865.71 0
vn -0.997446 0 -0.0714258
vt 991.33 0
v -19.4022 2.93532 23.8549
vt 991.33 115.564
vt 865.71 115.564
f 5399/17093/2816 5409/17094/2816 5412/17095/2816 5410/17096/2816 

vt -624.308 0
vn -0.140527 0 0.990077
vt -466.036 0
v -15.422 2.93532 24.4198
vt -466.036 115.564
vt -624.308 115.564
f 5409/17097/2817 5408/17098/2817 5413/17099/2817 5412/17100/2817 

vt -1023.22 0
vt -885.018 115.564
vt -1023.22 115.564
f 5408/17101/2811 5398/17062/2811 5411/17102/2811 5413/17103/2811 

vt -763.867 -939.168
vt -607.165 -961.41
f 5411/17085/20 5410/17084/20 5412/17104/20 5413/17105/20 

g Mesh466 G_32_87449627031229 Model

v -19.7617 0 26.3201
vt 778.02 -1036.22
v -28.5786 0 25.4101
vt 1125.14 -1000.4
f 5399/17056/1 5409/17088/1 5414/17106/1 5415/17107/1 5239/16505/1 5238/16504/1 

vt -991.33 0
vn 0.997446 0 0.0714258
vt -865.71 0
v -19.1743 3.48878 20.6723
vt -865.71 137.354
v -19.4022 3.48878 23.8549
vt -991.33 137.354
f 5409/17108/2818 5399/17109/2818 5416/17110/2818 5417/17111/2818 

vt -900.668 0
v -18.8118 3.48878 17.7518
vt -784.807 137.354
vt -900.668 137.354
f 5399/17112/2711 5238/16528/2711 5418/17113/2711 5416/17114/2711 

vt 646.497 0
vn 0.126203 0 -0.992004
vt 993.121 0
v -27.5456 3.48878 16.6407
vt 993.121 137.354
vt 646.497 137.354
f 5238/17115/2819 5239/17116/2819 5419/17117/2819 5418/17118/2819 

vt 777.513 0
vn -0.993134 0 -0.116983
vt 1125.15 0
v -28.5786 3.48878 25.4101
vt 1125.15 137.354
vt 777.513 137.354
f 5239/17119/2820 5415/17120/2820 5420/17121/2820 5419/17122/2820 

vt -1016.49 0
vn -0.102666 0 0.994716
vt -667.525 0
v -19.7617 3.48878 26.3201
vt -667.525 137.354
vt -1016.49 137.354
f 5415/17123/2821 5414/17124/2821 5421/17125/2821 5420/17126/2821 

vt -1137.65 0
vt -1039.57 0
vt -1039.57 137.354
vt -1137.65 137.354
f 5414/17127/2270 5409/17128/2270 5417/17129/2270 5421/17130/2270 

vt -1125.14 -1000.4
vt -778.02 -1036.22
f 5417/17104/20 5416/17084/20 5418/16546/20 5419/16545/20 5420/17131/20 5421/17132/20 

g Mesh467 G_18_341413839373494 Model

v -30.9577 0 25.1645
vt 1218.81 -990.728
v -30.1103 0 16.5621
vt 1185.45 -652.05
v -31.6767 0 16.2283
vt 1247.11 -638.908
v -30.6496 0 8.03669
vt 1206.68 -316.405
f 5239/16505/1 5415/17107/1 5422/17133/1 5423/17134/1 5424/17135/1 5425/17136/1 5240/16506/1 

vt -1125.15 0
vn 0.993134 0 0.116983
vt -777.513 0
v -27.5456 2.6739 16.6407
vt -777.513 105.272
v -28.5786 2.6739 25.4101
vt -1125.15 105.272
f 5415/17137/2822 5239/17138/2822 5426/17139/2822 5427/17140/2822 

vt -752.488 0
vn 0.995728 0 0.0923401
vt -433.615 0
v -26.7977 2.6739 8.57594
vt -433.615 105.272
vt -752.488 105.272
f 5239/17141/2823 5240/17142/2823 5428/17143/2823 5426/17144/2823 

vt 998.027 0
vn 0.138648 0 -0.990342
vt 1151.15 0
v -30.6496 2.6739 8.03669
vt 1151.15 105.272
vt 998.027 105.272
f 5240/17145/2824 5425/17146/2824 5429/17147/2824 5428/17148/2824 

vt 464.078 0
vn -0.99223 0 -0.124418
vt 789.106 0
v -31.6767 2.6739 16.2283
vt 789.106 105.272
vt 464.078 105.272
f 5425/17149/2825 5424/17150/2825 5430/17151/2825 5429/17152/2825 

vt -1086.55 0
vn -0.208434 0 0.978036
vt -1023.5 0
v -30.1103 2.6739 16.5621
vt -1023.5 105.272
vt -1086.55 105.272
f 5424/17153/2826 5423/17154/2826 5431/17155/2826 5430/17156/2826 

vt 765.122 0
vn -0.995183 0 -0.098033
vt 1105.44 0
v -30.9577 2.6739 25.1645
vt 1105.44 105.272
vt 765.122 105.272
f 5423/17157/2827 5422/17158/2827 5432/17159/2827 5431/17160/2827 

vt -1110.65 0
vt -1016.49 105.272
vt -1110.65 105.272
f 5422/17161/2821 5415/17123/2821 5427/17162/2821 5432/17163/2821 

vt -1206.68 -316.405
vt -1247.11 -638.908
vt -1185.45 -652.05
vt -1218.81 -990.728
f 5427/17131/20 5426/16545/20 5428/16544/20 5429/17164/20 5430/17165/20 5431/17166/20 5432/17167/20 

g Mesh468 G_27_638019126427587 Model

v -326.836 0 -30.5555
vt 12867.6 1202.97
v -322.952 0 -40.185
vt 12714.7 1582.09
v -308.713 0 -37.3668
vt 12154.1 1471.13
v -308.431 0 -38.7791
vt 12142.9 1526.74
f 2927/9125/1 2680/8330/1 1710/5400/1 1709/5399/1 2696/8386/1 1443/4599/1 1442/4598/1 1441/4597/1 1440/4596/1 1439/4595/1 2889/9003/1 1928/6065/1 1929/6066/1 1917/6018/1 1916/6017/1 1915/6016/1 5433/17168/1 2910/9066/1 2909/9065/1 2920/9096/1 2919/9095/1 2918/9094/1 2917/9093/1 2908/9064/1 2907/9063/1 5434/17169/1 5435/17170/1 5436/17171/1 2936/9152/1 2935/9151/1 2929/9127/1 2928/9126/1 

vt -1184.49 0
v -301.258 2.30195 -30.2206
vt -1118.59 90.6279
v -301.581 2.30195 -28.5782
vt -1184.49 90.6279
f 2680/17172/1518 2927/9128/1518 5437/17173/1518 5438/17174/1518 

vt 11902.9 0
vn 0.046296 0 -0.998928
vt 12146.8 0
v -307.445 2.30195 -30.5073
vt 12146.8 90.6279
vt 11902.9 90.6279
f 2927/17175/2828 2928/17176/2828 5439/17177/2828 5437/17178/2828 

vt -1292.86 0
vn 0.97898 0 0.203954
vt -1020.23 0
v -306.033 2.30195 -37.2865
vt -1020.23 90.6279
vt -1292.86 90.6279
f 2928/17179/2829 2929/17180/2829 5440/17181/2829 5439/17182/2829 

vt 12137.1 0
vn 0.130455 0 -0.991454
v -307.009 2.30195 -37.4149
vt 12175.8 90.6279
vt 12137.1 90.6279
f 2929/17183/2830 2935/1165/2830 5441/17184/2830 5440/17185/2830 

vt -1386.99 0
vn 0.972415 0 0.233258
vt -1345.27 0
v -306.762 2.30195 -38.4453
vt -1345.27 90.6279
vt -1386.99 90.6279
f 2935/17186/2831 2936/17187/2831 5442/17188/2831 5441/17189/2831 

vt 12139.5 0
vt 12206.6 0
v -308.431 2.30195 -38.7791
vt 12206.6 90.6279
vt 12139.5 90.6279
f 2936/17190/808 5436/17191/808 5443/17192/808 5442/17193/808 

vt 884.339 0
vt 941.044 0
v -308.713 2.30195 -37.3668
vt 941.044 90.6279
vt 884.339 90.6279
f 5436/17194/1397 5435/17195/1397 5444/17196/1397 5443/17197/1397 

vt 12208.4 0
vn 0.19416 0 -0.98097
vt 12779.9 0
v -322.952 2.30195 -40.185
vt 12779.9 90.6279
vt 12208.4 90.6279
f 5435/17198/2832 5434/17199/2832 5445/17200/2832 5444/17201/2832 

vt 671.599 0
vn -0.984511 0 -0.175324
vt 784.043 0
v -323.453 2.30195 -37.3732
vt 784.043 90.6279
vt 671.599 90.6279
f 5434/17202/2833 2907/17203/2833 5446/17204/2833 5445/17205/2833 

vt -12791.4 0
vn -0.17977 0 0.983709
vt -12451.9 0
v -314.969 2.30195 -35.8228
vt -12451.9 90.6279
vt -12791.4 90.6279
f 2907/17206/2834 2908/17207/2834 5447/17208/2834 5446/17209/2834 

vt -3389.84 0
vn 0.925547 0 0.378633
vt -3365.81 0
v -314.738 2.30195 -36.3878
vt -3365.81 90.6279
vt -3389.84 90.6279
f 2908/17210/2835 2917/17211/2835 5448/17212/2835 5447/17213/2835 

vt -12426.1 0
vn -0.201224 0 0.979545
vt -12159.8 0
v -308.113 2.30195 -35.0268
vt -12159.8 90.6279
vt -12426.1 90.6279
f 2917/17214/2836 2918/17215/2836 5449/17216/2836 5448/17217/2836 

vt 797.832 0
vn -0.984095 0 -0.177645
vt 1156.37 0
v -309.731 2.30195 -26.0649
vt 1156.37 90.6279
vt 797.832 90.6279
f 2918/17218/2837 2919/17219/2837 5450/17220/2837 5449/17221/2837 

vt 12111.1 0
vn 0.225684 0 -0.974201
vt 12379.9 0
v -316.382 2.30195 -27.6056
vt 12379.9 90.6279
vt 12111.1 90.6279
f 2919/17222/2838 2920/17223/2838 5451/17224/2838 5450/17225/2838 

vt -728.234 0
vn 0.989461 0 0.144799
vt -686.342 0
v -316.228 2.30195 -28.6584
vt -686.342 90.6279
vt -728.234 90.6279
f 2920/17226/2839 2909/17227/2839 5452/17228/2839 5451/17229/2839 

vt 12434.3 0
vn 0.192435 0 -0.98131
vt 12790.9 0
v -325.116 2.30195 -30.4014
vt 12790.9 90.6279
vt 12434.3 90.6279
f 2909/17230/2840 2910/17231/2840 5453/17232/2840 5452/17233/2840 

vt 12855.6 0
vn 0.0891953 0 -0.996014
vt 12923.6 0
v -326.836 2.30195 -30.5555
vt 12923.6 90.6279
vt 12855.6 90.6279
f 2910/17234/2841 5433/17235/2841 5454/17236/2841 5453/17237/2841 

vt 740.871 0
v -327.061 2.30195 -29.0727
vt 799.913 90.6279
vt 740.871 90.6279
f 5433/17238/1023 1915/6040/1023 5455/17239/1023 5454/17240/1023 

vt -12853.4 0
vn -0.194323 0 0.980938
vt -12613.4 0
v -321.081 2.30195 -27.8881
vt -12613.4 90.6279
vt -12853.4 90.6279
f 1915/17241/2842 1916/17242/2842 5456/17243/2842 5455/17244/2842 

vt -538.284 0
vn -0.999023 0 -0.0441895
vt -436.467 0
v -321.195 2.30195 -25.3045
vt -436.467 90.6279
vt -538.284 90.6279
f 1916/17245/2843 1917/17246/2843 5457/17247/2843 5456/17248/2843 

vt -12575 0
v -319.797 2.30195 -25.0634
vt -12575 90.6279
vt -12630.9 90.6279
f 1917/6029/1020 1929/17249/1020 5458/17250/1020 5457/17251/1020 

vt 1051.4 0
vn -0.986977 0 -0.16086
vt 1339.62 0
v -320.975 2.30195 -17.8379
vt 1339.62 90.6279
vt 1051.4 90.6279
f 1929/17252/2844 1928/17253/2844 5459/17254/2844 5458/17255/2844 

vt -12364.4 0
v -317.897 2.30195 -17.1543
vt -12364.4 90.6279
vt -12488.5 90.6279
f 1928/6067/1018 2889/17256/1018 5460/17257/1018 5459/17258/1018 

vt -12516 0
vn -0.107073 0 0.994251
vt -12284.7 0
v -312.055 2.30195 -16.5252
vt -12284.7 90.6279
vt -12516 90.6279
f 2889/17259/2845 1439/17260/2845 5461/17261/2845 5460/17262/2845 

vt -178.079 0
v -311.991 2.30195 -17.4368
vt -178.079 90.6279
vt -214.058 90.6279
f 1439/9030/1503 1440/17263/1503 5462/17264/1503 5461/17265/1503 

vt -12278.1 0
vn -0.118213 0 0.992988
vt -12235.4 0
v -310.912 2.30195 -17.3084
vt -12235.4 90.6279
vt -12278.1 90.6279
f 1440/17266/2846 1441/17267/2846 5463/17268/2846 5462/17269/2846 

vt -1208.14 0
vn 0.988116 0 0.153707
vt -1070.01 0
v -310.373 2.30195 -20.775
vt -1070.01 90.6279
vt -1208.14 90.6279
f 1441/17270/2847 1442/17271/2847 5464/17272/2847 5463/17273/2847 

vt -12236.9 0
vn -0.106811 0 0.994279
vt -12076.5 0
v -306.323 2.30195 -20.34
vt -12076.5 90.6279
vt -12236.9 90.6279
f 1442/17274/2848 1443/17275/2848 5465/17276/2848 5464/17277/2848 

vt -1560.39 0
v -306.226 2.30195 -20.8264
vt -1560.39 90.6279
vt -1579.92 90.6279
f 1443/4716/815 2696/17278/815 5466/17279/815 5465/17280/815 

vt -11930.9 0
vn -0.225306 0 0.974288
vt -11814.3 0
v -303.34 2.30195 -20.1591
vt -11814.3 90.6279
vt -11930.9 90.6279
f 2696/17281/2849 1709/17282/2849 5467/17283/2849 5466/17284/2849 

vt -957.133 0
v -303.016 2.30195 -22.258
vt -957.133 90.6279
vt -1040.75 90.6279
f 1709/8395/1395 1710/17285/1395 5468/17286/1395 5467/17287/1395 

vt -1786.52 0
vn 0.975186 0 0.221386
vt -1531.36 0
vt -1531.36 90.6279
vt -1786.52 90.6279
f 1710/17288/2850 2680/17289/2850 5438/17290/2850 5468/17291/2850 

vt -12142.9 1526.74
vt -12154.1 1471.13
vt -12714.7 1582.09
vt -12867.6 1202.97
f 5438/8363/20 5437/9148/20 5439/9150/20 5440/9149/20 5441/9186/20 5442/9185/20 5443/17292/20 5444/17293/20 5445/17294/20 5446/9089/20 5447/9088/20 5448/9124/20 5449/9123/20 5450/9122/20 5451/9121/20 5452/9092/20 5453/9091/20 5454/17295/20 5455/6061/20 5456/6060/20 5457/6059/20 5458/6085/20 5459/6084/20 5460/9033/20 5461/4732/20 5462/4731/20 5463/4753/20 5464/4752/20 5465/4751/20 5466/8416/20 5467/5432/20 5468/5431/20 

g Mesh469 G_29_90279913335697 Model

v -324.711 0 29.0902
vt 12783.9 -1145.28
v -320.654 0 9.75396
vt 12624.2 -384.014
f 1409/4497/1 2660/8265/1 2659/8264/1 5469/17296/1 5470/17297/1 1392/4444/1 1391/4443/1 1390/4442/1 1389/4441/1 1388/4440/1 1412/4500/1 1411/4499/1 1410/4498/1 

vt -11551 0
v -304.463 4.01808 33.9563
vt -11459.6 158.192
v -306.736 4.01808 33.4813
vt -11551 158.192
f 2660/17298/780 1409/4520/780 5471/17299/780 5472/17300/780 

vt -3873.53 0
vn 0.976787 0 0.214211
vt -3543.75 0
v -302.669 4.01808 25.7744
vt -3543.75 158.192
vt -3873.53 158.192
f 1409/17301/2851 1410/17302/2851 5473/17303/2851 5471/17304/2851 

vt 11449 0
vn 0.206705 0 -0.978403
vt 11889.2 0
v -313.608 4.01808 23.4633
vt 11889.2 158.192
vt 11449 158.192
f 1410/17305/2852 1411/17306/2852 5474/17307/2852 5473/17308/2852 

vt -4194.59 0
vn 0.963518 0 0.267644
vt -4043.5 0
v -312.581 4.01808 19.7655
vt -4043.5 158.192
vt -4194.59 158.192
f 1411/17309/2853 1412/17310/2853 5475/17311/2853 5474/17312/2853 

vt 11805.2 0
vn 0.227884 0 -0.973688
vt 11863.8 0
v -314.03 4.01808 19.4264
vt 11863.8 158.192
vt 11805.2 158.192
f 1412/17313/2854 1388/17314/2854 5476/17315/2854 5475/17316/2854 

vt 12000.4 0
v -317.409 4.01808 18.6356
vt 12000.4 158.192
f 1388/17314/2854 1389/17317/2854 5477/17318/2854 5476/17315/2854 

vt -2876.84 0
vn 0.98503 0 0.17238
vt -2794.73 0
v -317.049 4.01808 16.5813
vt -2794.73 158.192
vt -2876.84 158.192
f 1389/17319/2855 1390/17320/2855 5478/17321/2855 5477/17322/2855 

vt 12247.3 0
vn 0.14834 0 -0.988936
vt 12329.1 0
v -319.104 4.01808 16.2732
vt 12329.1 158.192
vt 12247.3 158.192
f 1390/17323/2856 1391/17324/2856 5479/17325/2856 5478/17326/2856 

vt -3799.98 0
vn 0.967431 0 0.253135
vt -3561.84 0
v -317.573 4.01808 10.4216
vt -3561.84 158.192
vt -3799.98 158.192
f 1391/17327/2857 1392/17328/2857 5480/17329/2857 5479/17330/2857 

vt 12132.4 0
vt 12256.6 0
v -320.654 4.01808 9.75396
vt 12256.6 158.192
vt 12132.4 158.192
f 1392/17331/807 5470/17332/807 5481/17333/807 5480/17334/807 

vt 2968.27 0
vn -0.978687 0 -0.205355
vt 3746.12 0
v -324.711 4.01808 29.0902
vt 3746.12 158.192
vt 2968.27 158.192
f 5470/17335/2858 5469/17336/2858 5482/17337/2858 5481/17338/2858 

vt -12338.9 0
vn -0.188479 0 0.982077
vt -12237 0
v -322.169 4.01808 29.5781
vt -12237 158.192
vt -12338.9 158.192
f 5469/17339/2859 2659/17340/2859 5483/17341/2859 5482/17342/2859 

vt -12011.1 0
vn -0.245192 0 0.969475
vt -11384.4 0
vt -11384.4 158.192
vt -12011.1 158.192
f 2659/17343/2860 2660/17344/2860 5472/17345/2860 5483/17346/2860 

vt -12624.2 -384.014
vt -12783.9 -1145.28
f 5472/8284/20 5471/4543/20 5473/4542/20 5474/4541/20 5475/4540/20 5476/4486/20 5477/4485/20 5478/4493/20 5479/4492/20 5480/4491/20 5481/17347/20 5482/17348/20 5483/8285/20 

g Mesh470 G_29_525506594981614 Model

f 1370/4386/1 2638/8186/1 2637/8185/1 2636/8184/1 2635/8183/1 1373/4389/1 1372/4388/1 1371/4387/1 

vt 4143.46 0
v -320.223 3.4872 54.0776
vt 4840.89 137.291
v -316.34 3.4872 36.7938
vt 4143.46 137.291
f 2638/17349/759 1370/4399/759 5484/17350/759 5485/17351/759 

vt -11730.5 0
vn -0.23948 0 0.970901
vt -11408.4 0
v -312.279 3.4872 56.0369
vt -11408.4 137.291
vt -11730.5 137.291
f 1370/17352/2861 1371/17353/2861 5486/17354/2861 5484/17355/2861 

vt -4985.09 0
vn 0.972983 0 0.230877
vt -4494.66 0
v -309.403 3.4872 43.9165
vt -4494.66 137.291
vt -4985.09 137.291
f 1371/17356/2862 1372/17357/2862 5487/17358/2862 5486/17359/2862 

vt -10983 0
vn -0.320767 0 0.947158
vt -10799.4 0
v -304.987 3.4872 45.4123
vt -10799.4 137.291
vt -10983 137.291
f 1372/17360/2863 1373/17361/2863 5488/17362/2863 5487/17363/2863 

vt -5095.55 0
vn 0.959564 0 0.281491
vt -5004.41 0
v -304.335 3.4872 43.1911
vt -5004.41 137.291
vt -5095.55 137.291
f 1373/17364/2864 2635/17365/2864 5489/17366/2864 5488/17367/2864 

vt -4477.49 0
vn 0.971807 0 0.235776
vt -4292.58 0
v -303.228 3.4872 38.6267
vt -4292.58 137.291
vt -4477.49 137.291
f 2635/17368/2865 2636/17369/2865 5490/17370/2865 5489/17371/2865 

vt 11308.4 0
vn 0.220617 0 -0.97536
vt 11830.9 0
v -316.17 3.4872 35.6993
vt 11830.9 137.291
vt 11308.4 137.291
f 2636/17372/2866 2637/17373/2866 5491/17374/2866 5490/17375/2866 

vt 3300.53 0
vn -0.988136 0 -0.153581
vt 3344.14 0
vt 3344.14 137.291
vt 3300.53 137.291
f 2637/17376/2867 2638/17377/2867 5485/17378/2867 5491/17379/2867 

f 5485/8221/20 5484/4432/20 5486/4431/20 5487/4439/20 5488/4438/20 5489/8224/20 5490/8223/20 5491/8222/20 

g Mesh471 G_32_15389802806678 Model

v -183.641 0 -82.231
vt 7229.97 3237.44
v -182.999 0 -82.154
vt 7204.69 3234.41
f 2209/6897/1 3580/11201/1 3579/11200/1 5492/17380/1 5493/17381/1 3590/11227/1 3589/11226/1 3588/11225/1 3587/11224/1 1855/5842/1 1854/5841/1 3156/9857/1 2202/6890/1 2215/6903/1 2214/6902/1 2213/6901/1 2212/6900/1 2211/6899/1 2210/6898/1 

v -187.277 3.73441 -90.3458
vt -998.185 147.024
v -186.928 3.73441 -91.3727
vt -1040.88 147.024
f 3580/11217/1161 2209/6934/1161 5494/17382/1161 5495/17383/1161 

vt -8173.14 0
vn -0.382906 0 0.923787
vt -8146.38 0
v -186.649 3.73441 -90.0855
vt -8146.38 147.024
vt -8173.14 147.024
f 2209/17384/2868 2210/17385/2868 5496/17386/2868 5494/17387/2868 

vt -1761.26 0
vn -0.973185 0 -0.230025
vt -1704.12 0
v -186.983 3.73441 -88.6732
vt -1704.12 147.024
vt -1761.26 147.024
f 2210/17388/2869 2211/17389/2869 5497/17390/2869 5496/17391/2869 

vt -7474.89 0
vn -0.752577 0 0.658505
vt -7442.65 0
v -186.443 3.73441 -88.0569
vt -7442.65 147.024
vt -7474.89 147.024
f 2211/17392/2870 2212/17393/2870 5498/17394/2870 5497/17395/2870 

vt -1493.96 0
vn -0.967372 0 -0.253359
vt -1362.28 0
v -187.291 3.73441 -84.8214
vt -1362.28 147.024
vt -1493.96 147.024
f 2212/17396/2871 2213/17397/2871 5499/17398/2871 5498/17399/2871 

vt 5995.05 0
vn -0.306531 0 -0.951861
vt 6057.71 0
v -188.806 3.73441 -84.3335
vt 6057.71 147.024
vt 5995.05 147.024
f 2213/17400/2872 2214/17401/2872 5500/17402/2872 5499/17403/2872 

vt 354.582 0
vt 395.273 0
v -189.268 3.73441 -83.409
vt 395.273 147.024
vt 354.582 147.024
f 2214/17404/65 2215/17405/65 5501/17406/65 5500/17407/65 

vt 8111.81 0
v -189.717 3.73441 -83.5617
vt 8130.5 147.024
vt 8111.81 147.024
f 2215/17408/1638 2202/9863/1638 5502/17409/1638 5501/17410/1638 

vt -368.621 0
vn -0.932434 0 -0.361342
vt -247.159 0
v -190.832 3.73441 -80.685
vt -247.159 147.024
vt -368.621 147.024
f 2202/17411/2873 3156/17412/2873 5503/17413/2873 5502/17414/2873 

vt -8078.8 0
v -190.318 3.73441 -80.5362
vt -8078.8 147.024
vt -8099.89 147.024
f 3156/9871/1639 1854/17415/1639 5504/17416/1639 5503/17417/1639 

vt -8116.85 0
vn -0.325513 0 0.945538
vt -8051.63 0
v -188.751 3.73441 -79.9969
vt -8051.63 147.024
vt -8116.85 147.024
f 1854/17418/2874 1855/17419/2874 5505/17420/2874 5504/17421/2874 

vt -8020.19 0
vn -0.284598 0 0.958647
vt -7952.69 0
v -187.108 3.73441 -79.509
vt -7952.69 147.024
vt -8020.19 147.024
f 1855/17422/2875 3587/17423/2875 5506/17424/2875 5505/17425/2875 

vt -7982.6 0
vn -0.322871 0 0.946443
vt -7891.4 0
v -184.915 3.73441 -78.7611
vt -7891.4 147.024
vt -7982.6 147.024
f 3587/17426/2876 3588/17427/2876 5507/17428/2876 5506/17429/2876 

vt -2210.15 0
vn 0.773957 0 0.633238
vt -2181.41 0
v -184.453 3.73441 -79.3261
vt -2181.41 147.024
vt -2210.15 147.024
f 3588/17430/2877 3589/17431/2877 5508/17432/2877 5507/17433/2877 

vt -7854.8 0
vn -0.289177 0 0.957276
vt -7825.31 0
v -183.736 3.73441 -79.1095
vt -7825.31 147.024
vt -7854.8 147.024
f 3589/17434/2878 3590/17435/2878 5509/17436/2878 5508/17437/2878 

vt 1448.58 0
v -182.999 3.73441 -82.154
vt 1448.58 147.024
vt 1325.26 147.024
f 3590/11243/1860 5493/17438/1860 5510/17439/1860 5509/17440/1860 

vt 7538.74 0
vn 0.119145 0 -0.992877
vt 7564.19 0
v -183.641 3.73441 -82.231
vt 7564.19 147.024
vt 7538.74 147.024
f 5493/17441/2879 5492/17442/2879 5511/17443/2879 5510/17444/2879 

vt 802.782 0
v -181.283 3.73441 -89.3579
vt 1098.33 147.024
vt 802.782 147.024
f 5492/17445/1855 3579/11208/1855 5512/17446/1855 5511/17447/1855 

vn 0.336158 0 -0.941806
vt 8140.37 0
vt 8140.37 147.024
vt 7904.41 147.024
f 3579/11212/2880 3580/17448/2880 5495/17449/2880 5512/17450/2880 

vt -7204.69 3234.41
vt -7229.97 3237.44
f 5495/11220/20 5494/6966/20 5496/6965/20 5497/6964/20 5498/6963/20 5499/6962/20 5500/6961/20 5501/6960/20 5502/6959/20 5503/9874/20 5504/5862/20 5505/5861/20 5506/11255/20 5507/11254/20 5508/11259/20 5509/11258/20 5510/17451/20 5511/17452/20 5512/11221/20 

g Mesh472 G_27_024318936926516 Model

f 4065/12708/1 4045/12642/1 4044/12641/1 4052/12665/1 4058/12684/1 4066/12709/1 

vt 10535.8 0
v -268.284 4.43798 -36.5831
vt 10634.4 174.724
v -265.833 4.43798 -36.0732
vt 10535.8 174.724
f 4045/17453/2098 4065/12716/2098 5513/17454/2098 5514/17455/2098 

vt 735.922 0
vn -0.97914 0 -0.203189
vt 1030.34 0
v -269.804 4.43798 -29.2609
vt 1030.34 174.724
vt 735.922 174.724
f 4065/17456/2881 4066/17457/2881 5515/17458/2881 5513/17459/2881 

v -258.546 4.43798 -27.3143
vt -10213.4 174.724
vt -10663.2 174.724
f 4066/12725/2079 4058/12689/2079 5516/17460/2079 5515/17461/2079 

vt -1425.51 0
vn 0.970142 0 0.242536
vt -1148.86 0
v -256.842 4.43798 -34.1312
vt -1148.86 174.724
vt -1425.51 174.724
f 4058/17462/2882 4052/17463/2882 5517/17464/2882 5516/17465/2882 

vt 10147.5 0
vn 0.232275 0 -0.97265
vt 10356.4 0
v -262.003 4.43798 -35.3638
vt 10356.4 174.724
vt 10147.5 174.724
f 4052/17466/2883 4044/17467/2883 5518/17468/2883 5517/17469/2883 

vt 10396.1 0
vn 0.182148 0 -0.983271
vt 10549.5 0
vt 10549.5 174.724
vt 10396.1 174.724
f 4044/17470/2884 4045/17471/2884 5514/17472/2884 5518/17473/2884 

f 5514/12661/20 5513/12729/20 5515/12728/20 5516/12707/20 5517/12682/20 5518/12662/20 

g Mesh473 G_30_57927367620162 Model

v -269.107 0 -16.278
vt 10594.8 640.866
v -268.735 0 -19.0128
vt 10580.1 748.536
v -270.892 0 -19.475
vt 10665 766.733
v -270.147 0 -24.4182
vt 10635.7 961.347
f 1534/4881/1 1545/4908/1 1544/4907/1 1543/4906/1 1542/4905/1 5519/17474/1 5520/17475/1 5521/17476/1 5522/17477/1 1536/4883/1 1535/4882/1 

v -266.965 5.1338 -28.0106
vt 10545 202.118
v -257.335 5.1338 -26.3502
vt 10160.2 202.118
f 1545/4934/840 1534/4889/840 5523/17478/840 5524/17479/840 

vt 681.168 0
vn -0.985747 0 -0.168236
vt 833.106 0
v -267.614 5.1338 -24.2064
vt 833.106 202.118
vt 681.168 202.118
f 1534/17480/2885 1535/17481/2885 5525/17482/2885 5523/17483/2885 

vt 10578.6 0
vn 0.0985998 0 -0.995127
vt 10647.8 0
v -269.364 5.1338 -24.3797
vt 10647.8 202.118
vt 10578.6 202.118
f 1535/17484/2886 1536/17485/2886 5526/17486/2886 5525/17487/2886 

vt 10639.2 0
vn 0.049121 0 -0.998793
vt 10670.1 0
v -270.147 5.1338 -24.4182
vt 10670.1 202.118
vt 10639.2 202.118
f 1536/17488/2887 5522/17489/2887 5527/17490/2887 5526/17491/2887 

vt 633.764 0
vn -0.988842 0 -0.148968
vt 830.573 0
v -270.892 5.1338 -19.475
vt 830.573 202.118
vt 633.764 202.118
f 5522/17492/2888 5521/17493/2888 5528/17494/2888 5527/17495/2888 

vt -10588.9 0
vt -10502.1 0
v -268.735 5.1338 -19.0128
vt -10502.1 202.118
vt -10588.9 202.118
f 5521/17496/1267 5520/17497/1267 5529/17498/1267 5528/17499/1267 

vt 685.622 0
vn -0.990858 0 -0.134906
vt 794.285 0
v -269.107 5.1338 -16.278
vt 794.285 202.118
vt 685.622 202.118
f 5520/17500/2889 5519/17501/2889 5530/17502/2889 5529/17503/2889 

vt -10557.9 0
v -261.226 5.1338 -14.9784
vt -10243.4 202.118
vt -10557.9 202.118
f 5519/17504/844 1542/4917/844 5531/17505/844 5530/17506/844 

vt -1006.8 0
vt -697.917 0
v -260.013 5.1338 -22.7298
vt -697.917 202.118
vt -1006.8 202.118
f 1542/17507/2052 1543/17508/2052 5532/17509/2052 5531/17510/2052 

vt -10162.2 0
vn -0.233838 0 0.972275
vt -10080 0
v -257.985 5.1338 -22.2419
vt -10080 202.118
vt -10162.2 202.118
f 1543/17511/2890 1544/17512/2890 5533/17513/2890 5532/17514/2890 

vt -722.055 0
vn 0.987718 0 0.156246
vt -558.302 0
vt -558.302 202.118
vt -722.055 202.118
f 1544/17515/2891 1545/17516/2891 5524/17517/2891 5533/17518/2891 

vt -10635.7 961.347
vt -10665 766.733
vt -10580.1 748.536
vt -10594.8 640.866
f 5524/4951/20 5523/4902/20 5525/4901/20 5526/4904/20 5527/17519/20 5528/17520/20 5529/17521/20 5530/17522/20 5531/4946/20 5532/4945/20 5533/4952/20 

g Mesh474 G_28_860880095950886 Model

f 3943/12320/1 1879/5906/1 1878/5905/1 1877/5904/1 1876/5903/1 1875/5902/1 

v -269.722 4.35124 27.9618
vt -10294.1 171.309
v -281.822 4.35124 25.9478
vt -10777 171.309
f 1879/5932/1004 3943/12342/1004 5534/17523/1004 5535/17524/1004 

vt -2963.19 0
v -267.546 4.35124 15.8642
vt -2479.26 171.309
vt -2963.19 171.309
f 3943/17525/999 1875/5911/999 5536/17526/999 5534/17527/999 

vt 10141 0
vn 0.218952 0 -0.975736
vt 10417.8 0
v -274.406 4.35124 14.3248
vt 10417.8 171.309
vt 10141 171.309
f 1875/17528/2892 1876/17529/2892 5537/17530/2892 5536/17531/2892 

vt 2441.93 0
vn -0.984634 0 -0.174633
vt 2714.02 0
v -275.613 4.35124 21.1297
vt 2714.02 171.309
vt 2441.93 171.309
f 1876/17532/2893 1877/17533/2893 5538/17534/2893 5537/17535/2893 

vt 10447.6 0
vn 0.205758 0 -0.978603
vt 10649 0
v -280.621 4.35124 20.0769
vt 10649 171.309
vt 10447.6 171.309
f 1877/17536/2894 1878/17537/2894 5539/17538/2894 5538/17539/2894 

vt 2988.69 0
vn -0.979709 0 -0.200424
vt 3224.61 0
vt 3224.61 171.309
vt 2988.69 171.309
f 1878/17540/2895 1879/17541/2895 5535/17542/2895 5539/17543/2895 

f 5535/5957/20 5534/12363/20 5536/5951/20 5537/5960/20 5538/5959/20 5539/5958/20 

g Mesh475 G_22_866761467156 Model

v -215.605 0 61.1952
vt 8488.38 -2409.26
v -219.855 0 51.3666
vt 8655.7 -2022.31
v -217.467 0 51.8288
vt 8561.68 -2040.5
v -215.849 0 41.5059
vt 8497.99 -1634.09
v -209.429 0 42.5074
vt 8245.24 -1673.52
v -211.984 0 56.6564
vt 8345.83 -2230.57
v -211.548 0 56.8747
vt 8328.65 -2239.16
v -210.572 0 52.1113
vt 8290.23 -2051.63
v -202.849 0 53.5172
vt 7986.18 -2106.98
v -202.522 0 52.0535
vt 7973.29 -2049.35
v -201.944 0 52.2076
vt 7950.54 -2055.42
v -201.847 0 51.5977
vt 7946.75 -2031.41
v -198.381 0 52.3937
vt 7810.27 -2062.75
v -199.742 0 60.0461
vt 7863.85 -2364.02
v -204.955 0 58.8905
vt 8069.08 -2318.52
v -207.985 0 73.1808
vt 8188.37 -2881.13
v -209.012 0 72.9369
vt 8228.81 -2871.53
v -209.179 0 73.5788
vt 8235.38 -2896.8
f 1566/4977/1 5540/17544/1 2717/8456/1 2720/8459/1 2719/8458/1 5541/17545/1 5542/17546/1 5543/17547/1 5544/17548/1 5545/17549/1 5546/17550/1 5547/17551/1 5548/17552/1 5549/17553/1 5550/17554/1 5551/17555/1 5552/17556/1 5553/17557/1 5554/17558/1 5555/17559/1 5556/17560/1 5557/17561/1 1568/4979/1 1567/4978/1 

vt 4298.76 0
v -215.816 3.35683 62.0894
vt 4334.93 132.159
v -215.605 3.35683 61.1952
vt 4298.76 132.159
f 5540/17562/855 1566/4997/855 5558/17563/855 5559/17564/855 

vt -7879.18 0
vn -0.189585 0 0.981864
vt -7566.95 0
v -208.03 3.35683 63.5929
vt -7566.95 132.159
vt -7879.18 132.159
f 1566/17565/2896 1567/17566/2896 5560/17567/2896 5558/17568/2896 

vt 4011.27 0
vn -0.981857 0 -0.189622
vt 4404.47 0
v -209.923 3.35683 73.3991
vt 4404.47 132.159
vt 4011.27 132.159
f 1567/17569/2897 1568/17570/2897 5561/17571/2897 5560/17572/2897 

vt -7355.92 0
vn -0.234641 0 0.972082
vt -7325.76 0
v -209.179 3.35683 73.5788
vt -7325.76 132.159
vt -7355.92 132.159
f 1568/17573/2898 5557/17574/2898 5562/17575/2898 5561/17576/2898 

vt -4875.89 0
vn 0.967823 0 0.251634
vt -4849.78 0
v -209.012 3.35683 72.9369
vt -4849.78 132.159
vt -4875.89 132.159
f 5557/17577/2899 5556/17578/2899 5563/17579/2899 5562/17580/2899 

vt -7342.58 0
vn -0.231072 0 0.972937
vt -7301.02 0
v -207.985 3.35683 73.1808
vt -7301.02 132.159
vt -7342.58 132.159
f 5556/17581/2900 5555/17582/2900 5564/17583/2900 5563/17584/2900 

vt -4516.97 0
vn 0.97825 0 0.207428
vt -3941.85 0
v -204.955 3.35683 58.8905
vt -3941.85 132.159
vt -4516.97 132.159
f 5555/17585/2901 5554/17586/2901 5565/17587/2901 5564/17588/2901 

vt -7376.06 0
vn -0.216421 0 0.9763
vt -7165.85 0
v -199.742 3.35683 60.0461
vt -7165.85 132.159
vt -7376.06 132.159
f 5554/17589/2902 5553/17590/2902 5566/17591/2902 5565/17592/2902 

vt -3704.49 0
vn 0.98455 0 0.175105
vt -3398.49 0
v -198.381 3.35683 52.3937
vt -3398.49 132.159
vt -3704.49 132.159
f 5553/17593/2903 5552/17594/2903 5567/17595/2903 5566/17596/2903 

vt 7150.5 0
vn 0.223805 0 -0.974634
vt 7290.53 0
v -201.847 3.35683 51.5977
vt 7290.53 132.159
vt 7150.5 132.159
f 5552/17597/2904 5551/17598/2904 5568/17599/2904 5567/17600/2904 

vt 3245.94 0
vt 3270.25 0
v -201.944 3.35683 52.2076
vt 3270.25 132.159
vt 3245.94 132.159
f 5551/17601/1910 5550/17602/1910 5569/17603/1910 5568/17604/1910 

vt 7152.49 0
vn 0.257663 0 -0.966235
vt 7176.03 0
v -202.522 3.35683 52.0535
vt 7176.03 132.159
vt 7152.49 132.159
f 5550/17605/2905 5549/17606/2905 5570/17607/2905 5569/17608/2905 

vt 3740.42 0
vn -0.975884 0 -0.21829
vt 3799.47 0
v -202.849 3.35683 53.5172
vt 3799.47 132.159
vt 3740.42 132.159
f 5549/17609/2906 5548/17610/2906 5571/17611/2906 5570/17612/2906 

vt 7479.68 0
vn 0.179101 0 -0.983831
vt 7788.73 0
v -210.572 3.35683 52.1113
vt 7788.73 132.159
vt 7479.68 132.159
f 5548/17613/2907 5547/17614/2907 5572/17615/2907 5571/17616/2907 

vt 3673.61 0
vn -0.979656 0 -0.200684
vt 3865.04 0
v -211.548 3.35683 56.8747
vt 3865.04 132.159
vt 3673.61 132.159
f 5547/17617/2908 5546/17618/2908 5573/17619/2908 5572/17620/2908 

vt 6447.99 0
vt 6467.2 0
v -211.984 3.35683 56.6564
vt 6467.2 132.159
vt 6447.99 132.159
f 5546/17621/471 5545/17622/471 5574/17623/471 5573/17624/471 

vt -3678.18 0
vn 0.984084 0 0.177707
vt -3112.12 0
v -209.429 3.35683 42.5074
vt -3112.12 132.159
vt -3678.18 132.159
f 5545/17625/2909 5544/17626/2909 5575/17627/2909 5574/17628/2909 

vt 7888.76 0
vn 0.154136 0 -0.98805
vt 8144.56 0
v -215.849 3.35683 41.5059
vt 8144.56 132.159
vt 7888.76 132.159
f 5544/17629/2910 5543/17630/2910 5576/17631/2910 5575/17632/2910 

vt 2930.1 0
vt 3341.48 0
v -217.467 3.35683 51.8288
vt 3341.48 132.159
vt 2930.1 132.159
f 5543/17633/1891 5542/17634/1891 5577/17635/1891 5576/17636/1891 

vt 8017.94 0
vn 0.190022 0 -0.98178
vt 8113.71 0
v -219.855 3.35683 51.3666
vt 8113.71 132.159
vt 8017.94 132.159
f 5542/17637/2911 5541/17638/2911 5578/17639/2911 5577/17640/2911 

vt 3661.33 0
vn -0.981044 0 -0.193786
vt 3744.8 0
v -220.266 3.35683 53.4466
vt 3744.8 132.159
vt 3661.33 132.159
f 5541/17641/2912 2719/17642/2912 5579/17643/2912 5578/17644/2912 

vt -8260.83 0
vt -8090.59 0
v -215.99 3.35683 54.0918
vt -8090.59 132.159
vt -8260.83 132.159
f 2719/17645/2030 2720/17646/2030 5580/17647/2030 5579/17648/2030 

vt 3752.34 0
vn -0.980669 0 -0.195672
vt 4026.17 0
v -217.351 3.35683 60.9127
vt 4026.17 132.159
vt 3752.34 132.159
f 2720/17649/2913 2717/17650/2913 5581/17651/2913 5580/17652/2913 

vt -8064.36 0
vn -0.159689 0 0.987167
vt -7994.72 0
vt -7994.72 132.159
vt -8064.36 132.159
f 2717/17653/2914 5540/17654/2914 5559/17655/2914 5581/17656/2914 

vt -8488.38 -2409.26
vt -8235.38 -2896.8
vt -8228.81 -2871.53
vt -8188.37 -2881.13
vt -8069.08 -2318.52
vt -7863.85 -2364.02
vt -7810.27 -2062.75
vt -7946.75 -2031.41
vt -7950.54 -2055.42
vt -7973.29 -2049.35
vt -7986.18 -2106.98
vt -8290.23 -2051.63
vt -8328.65 -2239.16
vt -8345.83 -2230.57
vt -8245.24 -1673.52
vt -8497.99 -1634.09
vt -8561.68 -2040.5
vt -8655.7 -2022.31
f 5559/17657/20 5558/5058/20 5560/5057/20 5561/5072/20 5562/17658/20 5563/17659/20 5564/17660/20 5565/17661/20 5566/17662/20 5567/17663/20 5568/17664/20 5569/17665/20 5570/17666/20 5571/17667/20 5572/17668/20 5573/17669/20 5574/17670/20 5575/17671/20 5576/17672/20 5577/17673/20 5578/17674/20 5579/8492/20 5580/8491/20 5581/8490/20 

g Mesh476 G_31_33569902067556 Model

f 3037/9478/1 3021/9424/1 3030/9449/1 2989/9320/1 2988/9319/1 2996/9343/1 

vt -13597.9 0
vn -0.36453 0 0.931192
vt -12427.5 0
v -288.385 5.4934 -129.255
vt -12427.5 216.276
v -316.067 5.4934 -140.092
vt -13597.9 216.276
f 3021/17675/2915 3037/17676/2915 5582/17677/2915 5583/17678/2915 

vt 991.123 0
vn 0.942215 0 0.33501
vt 1039.41 0
v -287.974 5.4934 -130.411
vt 1039.41 216.276
vt 991.123 216.276
f 3037/17679/2916 2996/17680/2916 5584/17681/2916 5582/17682/2916 

vt 491.239 0
vn 0.926518 0 0.376251
vt 598.719 0
v -286.947 5.4934 -132.94
vt 598.719 216.276
vt 491.239 216.276
f 2996/17683/2917 2988/17684/2917 5585/17685/2917 5584/17686/2917 

vt 424.58 0
vn 0.92116 0 0.389183
vt 579.495 0
v -285.416 5.4934 -136.565
vt 579.495 216.276
vt 424.58 216.276
f 2988/17687/2918 2989/17688/2918 5586/17689/2918 5585/17690/2918 

v -313.393 5.4934 -146.98
vt 13581.9 216.276
vt 12406.6 216.276
f 2989/9336/1551 3030/9458/1551 5587/17691/1551 5586/17692/1551 

vt -929.225 0
vn -0.932219 0 -0.361895
vt -638.319 0
vt -638.319 216.276
vt -929.225 216.276
f 3030/17693/2919 3021/17694/2919 5583/17695/2919 5587/17696/2919 

f 5583/9445/20 5582/9500/20 5584/9418/20 5585/9340/20 5586/9339/20 5587/9474/20 

g Mesh477 G_26_682811912319448 Model

f 3386/10579/1 3402/10633/1 3333/10418/1 3332/10417/1 3377/10551/1 3376/10550/1 3387/10580/1 

vt 8418.69 0
v -177.227 3.83964 -122.716
vt 8418.69 151.167
v -170.005 3.83964 -118.967
vt 8098.35 151.167
f 3402/10655/1764 3386/17697/1764 5588/17698/1764 5589/17699/1764 

vt -918.036 0
v -181.474 3.83964 -113.96
vt -918.036 151.167
vt -1301.16 151.167
f 3386/10627/1762 3387/17700/1762 5590/17701/1762 5588/17702/1762 

vt 8378.63 0
vt 8401.02 0
v -181.988 3.83964 -114.204
vt 8401.02 151.167
vt 8378.63 151.167
f 3387/17703/716 3376/17704/716 5591/17705/716 5590/17706/716 

vt -1024.61 0
v -182.646 3.83964 -112.804
vt -963.689 151.167
vt -1024.61 151.167
f 3376/17707/1839 3377/11122/1839 5592/17708/1839 5591/17709/1839 

vt -8434.86 0
vn -0.470797 0 0.882242
vt -8089.63 0
v -174.91 3.83964 -108.675
vt -8089.63 151.167
vt -8434.86 151.167
f 3377/17710/2920 3332/17711/2920 5593/17712/2920 5592/17713/2920 

vt 1849.78 0
v -173.398 3.83964 -112.843
vt 1849.78 151.167
vt 1675.24 151.167
f 3332/11143/1844 3333/17714/1844 5594/17715/1844 5593/17716/1844 

vt 577.25 0
vn 0.874696 0 0.484673
vt 852.874 0
vt 852.874 151.167
vt 577.25 151.167
f 3333/17717/2921 3402/17718/2921 5589/17719/2921 5594/17720/2921 

f 5589/10658/20 5588/10604/20 5590/10603/20 5591/10574/20 5592/10573/20 5593/10454/20 5594/10453/20 

g Mesh478 G_28_811209081904533 Model

v -151.344 0 -101.625
vt 5958.41 4000.98
f 3437/10741/1 1838/5785/1 1837/5784/1 1836/5783/1 1835/5782/1 5595/17721/1 3448/10772/1 3447/10771/1 3438/10742/1 

v -163.877 4.0964 -98.933
vt -1891.86 161.276
v -159.936 4.0964 -112.17
vt -2435.6 161.276
f 1838/5816/985 3437/10750/985 5596/17722/985 5597/17723/985 

vt -7327.69 0
vn -0.302428 0 0.953172
vt -6973.2 0
v -155.295 4.0964 -96.2099
vt -6973.2 161.276
vt -7327.69 161.276
f 3437/17724/2922 3438/17725/2922 5598/17726/2922 5596/17727/2922 

vt 2018.72 0
vn 0.96373 0 0.266879
vt 2035.77 0
v -155.179 4.0964 -96.6272
vt 2035.77 161.276
vt 2018.72 161.276
f 3438/17728/2923 3447/17729/2923 5599/17730/2923 5598/17731/2923 

vt -6985.71 0
vn -0.308871 0 0.951104
vt -6892.83 0
v -152.936 4.0964 -95.8986
vt -6892.83 161.276
vt -6985.71 161.276
f 3447/17732/2924 3448/17733/2924 5600/17734/2924 5599/17735/2924 

vt 2024.71 0
vn 0.963456 0 0.267867
vt 2258.71 0
v -151.344 4.0964 -101.625
vt 2258.71 161.276
vt 2024.71 161.276
f 3448/17736/2925 5595/17737/2925 5601/17738/2925 5600/17739/2925 

vt 6828.3 0
vt 6857.74 0
v -152.063 4.0964 -101.83
vt 6857.74 161.276
vt 6828.3 161.276
f 5595/17740/996 1835/17741/996 5602/17742/996 5601/17743/996 

vt 6925.39 0
vn 0.305558 0 -0.952174
vt 7025.07 0
v -154.473 4.0964 -102.604
vt 7025.07 161.276
vt 6925.39 161.276
f 1835/17744/2926 1836/17745/2926 5603/17746/2926 5602/17747/2926 

vt 2114.73 0
vn 0.957542 0 0.288292
vt 2409.3 0
v -152.316 4.0964 -109.768
vt 2409.3 161.276
vt 2114.73 161.276
f 1836/17748/2927 1837/17749/2927 5604/17750/2927 5603/17751/2927 

vt 7018.37 0
vn 0.300579 0 -0.953757
vt 7332.9 0
vt 7332.9 161.276
vt 7018.37 161.276
f 1837/17752/2928 1838/17753/2928 5597/17754/2928 5604/17755/2928 

vt -5958.41 4000.98
f 5597/5838/20 5596/10767/20 5598/10766/20 5599/10802/20 5600/10801/20 5601/17756/20 5602/5831/20 5603/5840/20 5604/5839/20 

g Mesh479 Group46 Group45 G_30_90181389054464 Model

v -208.954 4.1312 -244.677
vt -10226.4 6498.34
vn -0.118441 0.858049 0.499724
v -203.993 6.54743 -247.65
vt -10063.3 6683.57
v -205.804 6.57907 -248.134
vt -10137.1 6686
v -206.899 6.06071 -247.503
vt -10173.3 6646.26
v -208.726 6.10894 -248.019
vt -10248 6649.96
v -212.909 4.1312 -245.614
vt -10386.4 6498.34
f 5605/17757/2929 5606/17758/2929 5607/17759/2929 5608/17760/2929 5609/17761/2929 5610/17762/2929 

v -209.134 4.1312 -243.997
vt -7184.82 -8852.1
vn -0.496537 0.858049 -0.131161
v -208.545 4.428 -244.285
vt -7201.73 -8829.35
v -203.664 6.82799 -247.063
vt -7356.54 -8645.37
vt -7375.57 -8666.88
vt -7212.53 -8852.1
f 5611/17763/2930 5612/17764/2930 5613/17765/2930 5606/17766/2930 5605/17767/2930 

vt -11314.5 4935.06
vn -0.200574 0.858049 0.472782
vt -11331.4 4912.31
v -208.71 4.1312 -243.817
vt -11313.3 4912.31
f 5612/17768/2931 5611/17769/2931 5614/17770/2931

v -200.636 4.1312 -241.514
vt -10203.9 6070.63
vn -0.140845 0.858049 0.493878
v -203.558 6.82761 -247.032
vt -10374.1 6277.34
vt -10378.4 6277.37
vt -10533.2 6093.39
vt -10534.4 6070.63
f 5615/17771/2932 5616/17772/2932 5613/17773/2932 5612/17774/2932 5614/17775/2932 

vt 6720.78 9285.25
vn 0.487645 0.858049 0.161104
vt 6550.59 9078.54
v -197.824 4.1312 -250.027
vt 6903.54 9078.54
f 5616/17776/2933 5615/17777/2933 5617/17778/2933

vt 10477.8 -5921.52
vn 0.146429 0.858049 -0.492251
vt 10458.8 -5900.01
vt 10454.4 -5900.04
vt 10271.7 -6106.75
v -208.543 4.1312 -253.215
vt 10712 -6106.75
vt 10551.6 -5919.09
f 5606/17779/2934 5613/17780/2934 5616/17781/2934 5617/17782/2934 5618/17783/2934 5607/17784/2934 

v -209.031 4.1312 -251.598
vt -7107.3 -9131.19
vn -0.491694 0.858049 -0.148289
vt -6977.2 -8983.27
vt -7013.41 -8943.54
vt -7173.82 -9131.19
f 5619/17785/2935 5608/17786/2935 5607/17787/2935 5618/17788/2935 

v -210.906 4.1312 -252.214
vt 10989.3 -5785.22
vn 0.160398 0.858049 -0.487878
vt 10856.1 -5633.61
vt 10781.5 -5637.31
vt 10911.6 -5785.22
f 5620/17789/2936 5609/17790/2936 5608/17791/2936 5619/17792/2936 

vt -6957.12 -9056.9
vn -0.491433 0.858049 -0.149151
vt -7090.23 -9208.52
vt -6818.71 -9208.52
f 5609/17793/2937 5620/17794/2937 5610/17795/2937

g Mesh480 Group45 G_30_90181389054464 Model

vt 8233.62 9606.17
vt 8226.54 9632.96
vt 8382.23 9669.86
vt 8303.37 9929.68
vt 8229.57 9905.42
vt 8210.36 9969.11
vt 8216.93 9599.09
f 5611/17796/1 5605/17797/1 5610/17798/1 5620/17799/1 5619/17800/1 5618/17801/1 5617/1344/1 5615/1343/1 5614/17802/1 

g Mesh481 G_30_90181389054464 Model

v -208.71 0 -243.817
v -208.941 0 -242.841
vt 8226.03 9560.68
v -200.493 0 -240.504
vt 7893.42 9468.68
v -212.588 0 -238.142
vt 8369.59 9375.67
v -220.035 0 -240.042
vt 8662.78 9450.48
v -218.545 0 -246.462
vt 8604.14 9703.22
v -209.134 0 -243.997
v -208.954 0 -244.677
v -212.909 0 -245.614
v -210.906 0 -252.214
v -209.031 0 -251.598
v -208.543 0 -253.215
f 437/1344/1 436/1343/1 5621/17802/1 5622/17803/1 5623/17804/1 433/1299/1 432/1298/1 431/1297/1 430/1296/1 5624/17805/1 5625/17806/1 5626/17807/1 5627/17796/1 5628/17797/1 5629/17798/1 5630/17799/1 5631/17800/1 5632/17801/1 

vt 6550.59 0
vn 0.949524 0 0.313695
vt 6903.54 0
vt 6903.54 162.646
vt 6550.59 162.646
f 436/17808/2938 437/17809/2938 5617/17810/2938 5615/17811/2938 

vt 10712 0
vt 10712 162.646
vt 10271.7 162.646
f 437/1360/230 5632/17812/230 5618/17813/230 5617/17814/230 

vt -7173.82 0
vn -0.957407 0 -0.288742
vt -7107.3 0
vt -7107.3 162.646
vt -7173.82 162.646
f 5632/17815/2939 5631/17816/2939 5619/17817/2939 5618/17818/2939 

vt 10911.6 0
vn 0.312321 0 -0.949977
vt 10989.3 0
vt 10989.3 162.646
vt 10911.6 162.646
f 5631/17819/2940 5630/17820/2940 5620/17821/2940 5619/17822/2940 

vt -7090.23 0
vn -0.956899 0 -0.290421
vt -6818.71 0
vt -6818.71 162.646
vt -7090.23 162.646
f 5630/17823/2941 5629/17824/2941 5610/17825/2941 5620/17826/2941 

vt -10386.4 0
vn -0.230624 0 0.973043
vt -10226.4 0
vt -10226.4 162.646
vt -10386.4 162.646
f 5629/17827/2942 5628/17828/2942 5605/17829/2942 5610/17830/2942 

vt -7212.53 0
vn -0.966838 0 -0.255391
vt -7184.82 0
vt -7184.82 162.646
vt -7212.53 162.646
f 5628/17831/2943 5627/17832/2943 5611/17833/2943 5605/17834/2943 

vt 10399 0
vn 0.253389 0 -0.967365
vt 10782 0
v -218.545 4.1312 -246.462
vt 10782 162.646
vt 10399 162.646
f 5627/17835/2944 5626/17836/2944 5633/17837/2944 5611/17838/2944 

vt -7507.67 0
vn -0.974128 0 -0.225998
vt -7248.21 0
v -220.035 4.1312 -240.042
vt -7248.21 162.646
vt -7507.67 162.646
f 5626/17839/2945 5625/17840/2945 5634/17841/2945 5633/17842/2945 

vt -10730.4 0
vn -0.24725 0 0.968952
vt -10427.9 0
v -212.588 4.1312 -238.142
vt -10427.9 162.646
vt -10730.4 162.646
f 5625/17843/2946 5624/17844/2946 5635/17845/2946 5634/17846/2946 

vt -6812.36 0
vn -0.963993 0 -0.265929
vt -6751.53 0
v -212.999 4.1312 -236.653
vt -6751.53 162.646
vt -6812.36 162.646
f 5624/17847/2947 430/17848/2947 5636/17849/2947 5635/17850/2947 

vt -10522.3 0
vn -0.260348 0 0.965515
vt -10255.8 0
v -206.463 4.1312 -234.89
vt -10255.8 162.646
vt -10522.3 162.646
f 430/17851/2948 431/17852/2948 5637/17853/2948 5636/17854/2948 

vt -6025.53 0
vn -0.943312 0 -0.331906
vt -5967.66 0
v -206.951 4.1312 -233.504
vt -5967.66 162.646
vt -6025.53 162.646
f 431/17855/2949 432/17856/2949 5638/17857/2949 5637/17858/2949 

vt -10243.5 0
vn -0.257977 0 0.966151
vt -10071.1 0
v -202.721 4.1312 -232.374
vt -10071.1 162.646
vt -10243.5 162.646
f 432/17859/2950 433/17860/2950 5639/17861/2950 5638/17862/2950 

vt 7045.21 0
v -200.493 4.1312 -240.504
vt 7045.21 162.646
vt 6713.32 162.646
f 433/1314/222 5623/17863/222 5640/17864/222 5639/17865/222 

vt 10132 0
vn 0.266586 0 -0.963811
vt 10477.1 0
v -208.941 4.1312 -242.841
vt 10477.1 162.646
vt 10132 162.646
f 5623/17866/2951 5622/17867/2951 5641/17868/2951 5640/17869/2951 

vt 7407.48 0
vn 0.97308 0 0.230466
vt 7446.96 0
vt 7446.96 162.646
vt 7407.48 162.646
f 5622/17870/2952 5621/17871/2952 5614/17872/2952 5641/17873/2952 

vt -10534.4 0
vt -10203.9 162.646
vt -10534.4 162.646
f 5621/17874/228 436/1351/228 5615/17875/228 5614/17876/228 

vt -8226.54 9632.96
vt -8233.62 9606.17
vt -8216.93 9599.09
vt -8210.36 9969.11
vt -8229.57 9905.42
vt -8303.37 9929.68
vt -8382.23 9669.86
f 5605/17877/20 5611/17878/20 5614/17879/20 5615/1364/20 5617/1363/20 5618/17880/20 5619/17881/20 5620/17882/20 5610/17883/20 

vt -8226.03 9560.68
vt -8604.14 9703.22
vt -8662.78 9450.48
vt -8369.59 9375.67
vt -7893.42 9468.68
f 5641/17884/20 5614/17879/20 5611/17878/20 5633/17885/20 5634/17886/20 5635/17887/20 5636/1341/20 5637/1340/20 5638/1339/20 5639/1338/20 5640/17888/20 

g Mesh482 G_28_323957533605636 Model

f 5141/16187/1 5140/16186/1 5124/16143/1 5127/16146/1 

vt -3265.7 0
vn -0.588542 0 0.808466
vt -3102.58 0
v -53.6785 3.28901 -60.1626
vt -3102.58 129.488
v -57.0282 3.28901 -62.6011
vt -3265.7 129.488
f 5140/17889/2953 5141/17890/2953 5642/17891/2953 5643/17892/2953 

v -53.0684 3.28901 -61.2221
vt 1046.35 129.488
vt 998.213 129.488
f 5141/16208/2655 5127/16155/2655 5644/17893/2655 5642/17894/2655 

vt 2982.52 0
vn 0.474268 0 -0.88038
vt 3145.87 0
v -56.7212 3.28901 -63.1899
vt 3145.87 129.488
vt 2982.52 129.488
f 5127/17895/2954 5124/17896/2954 5645/17897/2954 5644/17898/2954 

vt -1147.19 0
vt -1147.19 129.488
vt -1173.33 129.488
f 5124/16148/2653 5140/17899/2653 5643/17900/2653 5645/17901/2653 

f 5643/16212/20 5642/16211/20 5644/16165/20 5645/16164/20 

g Mesh483 Teddy1 Model

usemtl Teddy_BookCover
v -0.37614 0.942216 0.631754
vt -0.230083 37.0951
vn -0.555457 -1.4054e-14 -0.831545
v -0.374853 0.941281 0.630894
vt -0.291032 37.0583
v -0.372341 0.940997 0.629216
vt -0.409974 37.0471
v -0.370562 0.941109 0.628028
vt -0.494197 37.0515
v -0.368798 0.941407 0.626849
vt -0.577711 37.0633
v -0.367063 0.94189 0.62569
vt -0.659876 37.0823
v -0.365369 0.942555 0.624559
vt -0.740057 37.1084
v -0.36373 0.943395 0.623464
vt -0.81764 37.1415
v -0.362159 0.944404 0.622415
vt -0.892027 37.1813
v -0.360668 0.945575 0.621418
vt -0.962647 37.2274
v -0.34748 0.950456 0.612609
vt -1.58704 37.4195
v -0.344814 0.949521 0.610829
vt -1.71323 37.3827
v -0.342507 0.948444 0.609287
vt -1.8225 37.3403
v -0.341202 0.945523 0.608416
vt -1.88424 37.2253
v -0.344694 0.944593 0.610748
vt -1.71895 37.1887
v -0.379599 0.935289 0.634064
vt -0.066354 36.8224
v -0.384946 0.939035 0.637636
vt 0.186816 36.9699
v -0.412618 1.08259 0.65612
vt 1.49697 42.6215
v -0.422544 1.0769 0.66275
vt 1.96691 42.3978
v -0.432416 1.07126 0.669345
vt 2.43432 42.1754
v -0.433685 1.07826 0.670193
vt 2.4944 42.4513
v -0.430208 1.08442 0.66787
vt 2.32978 42.6937
v -0.406873 1.09577 0.652283
vt 1.22498 43.1405
v -0.272386 1.11473 0.562448
vt -5.14241 43.8871
v -0.266734 1.11553 0.558672
vt -5.41001 43.9184
v -0.264815 1.1158 0.557391
vt -5.50086 43.9291
v -0.263815 1.11568 0.556722
vt -5.54822 43.9243
v -0.262951 1.11506 0.556145
vt -5.58912 43.8999
v -0.262385 1.11406 0.555767
vt -5.61593 43.8606
v -0.261723 1.11207 0.555325
vt -5.64724 43.7823
v -0.263764 1.10531 0.556688
vt -5.55063 43.5161
v -0.26698 1.09252 0.558837
vt -5.39837 43.0125
v -0.2734 1.06698 0.563126
vt -5.09437 42.0069
v -0.295612 1.01407 0.577962
vt -4.04277 39.924
v -0.311373 0.994522 0.588491
vt -3.29652 39.1544
v -0.322687 0.983636 0.596048
vt -2.76089 38.7258
v -0.330777 0.980458 0.601452
vt -2.37785 38.6007
v -0.338724 0.976795 0.60676
vt -2.00159 38.4565
v -0.346508 0.972655 0.61196
vt -1.63306 38.2935
v -0.354108 0.96805 0.617037
vt -1.27321 38.1122
v -0.361507 0.962991 0.621979
vt -0.922929 37.913
v -0.368684 0.95749 0.626773
vt -0.583118 37.6965
v -0.375622 0.951562 0.631407
vt -0.254633 37.4631
v -0.37675 0.950366 0.632161
vt -0.201229 37.416
v -0.377517 0.948811 0.632674
vt -0.164896 37.3548
v -0.37785 0.947047 0.632896
vt -0.149155 37.2853
v -0.377715 0.945246 0.632806
vt -0.155532 37.2144
v -0.377126 0.943581 0.632412
vt -0.183409 37.1489
f 5646/17902/2955 5647/17903/2955 5648/17904/2955 5649/17905/2955 5650/17906/2955 5651/17907/2955 5652/17908/2955 5653/17909/2955 5654/17910/2955 5655/17911/2955 5656/17912/2955 5657/17913/2955 5658/17914/2955 5659/17915/2955 5660/17916/2955 5661/17917/2955 5662/17918/2955 5663/17919/2955 5664/17920/2955 5665/17921/2955 5666/17922/2955 5667/17923/2955 5668/17924/2955 5669/17925/2955 5670/17926/2955 5671/17927/2955 5672/17928/2955 5673/17929/2955 5674/17930/2955 5675/17931/2955 5676/17932/2955 5677/17933/2955 5678/17934/2955 5679/17935/2955 5680/17936/2955 5681/17937/2955 5682/17938/2955 5683/17939/2955 5684/17940/2955 5685/17941/2955 5686/17942/2955 5687/17943/2955 5688/17944/2955 5689/17945/2955 5690/17946/2955 5691/17947/2955 5692/17948/2955 5693/17949/2955 

usemtl Teddy_Skin_
v -0.279134 0.954482 0.566955
vt -4.82291 37.578
vn -0.555457 -8.0373e-15 -0.831545
v -0.280427 0.952117 0.567819
vt -4.76169 37.4849
v -0.28604 0.941851 0.571568
vt -4.49597 37.0807
v -0.298277 0.920213 0.579743
vt -3.91656 36.2288
v -0.300845 0.916325 0.581458
vt -3.795 36.0758
v -0.303861 0.912934 0.583472
vt -3.65221 35.9423
v -0.307259 0.910114 0.585742
vt -3.49132 35.8313
v -0.310965 0.907927 0.588218
vt -3.31583 35.7452
v -0.314899 0.906421 0.590846
vt -3.12957 35.6859
v -0.318975 0.905627 0.593569
vt -2.93661 35.6546
v -0.323103 0.905565 0.596326
vt -2.74116 35.6521
v -0.324939 0.905865 0.597553
vt -2.65423 35.664
v -0.327194 0.906234 0.599059
vt -2.54747 35.6785
v -0.329018 0.906699 0.600277
vt -2.46114 35.6968
v -0.332573 0.911166 0.602652
vt -2.29279 35.8727
v -0.334404 0.910265 0.603875
vt -2.20612 35.8372
v -0.336332 0.909731 0.605162
vt -2.11486 35.8162
v -0.338305 0.909577 0.606481
vt -2.02141 35.8101
v -0.340274 0.909807 0.607796
vt -1.9282 35.8192
v -0.342186 0.910416 0.609073
vt -1.83767 35.8432
v -0.343992 0.911388 0.610279
vt -1.75218 35.8814
v -0.345643 0.912696 0.611382
vt -1.67398 35.9329
v -0.347098 0.914308 0.612354
vt -1.6051 35.9964
v -0.358067 0.912984 0.619681
vt -1.08576 35.9442
v -0.365484 0.912064 0.624636
vt -0.734622 35.908
v -0.376144 0.917861 0.631756
vt -0.229927 36.1362
v -0.379342 0.925654 0.633893
vt -0.0784943 36.4431
v -0.368189 0.928074 0.626443
vt -0.606543 36.5383
v -0.348722 0.933407 0.613439
vt -1.52822 36.7483
v -0.346259 0.934684 0.611794
vt -1.64482 36.7986
v -0.344214 0.937166 0.610427
vt -1.74167 36.8963
v -0.342774 0.938913 0.609466
vt -1.80982 36.9651
v -0.341158 0.942933 0.608386
vt -1.88637 37.1233
v -0.262152 1.09376 0.555612
vt -5.62693 43.0615
v -0.25723 1.09423 0.552324
vt -5.85999 43.0798
v -0.2523 1.0939 0.549031
vt -6.0934 43.0669
v -0.24745 1.09278 0.545791
vt -6.32302 43.023
v -0.242766 1.09091 0.542662
vt -6.54478 42.949
v -0.238332 1.08829 0.5397
vt -6.75472 42.8462
v -0.234226 1.085 0.536958
vt -6.94913 42.7164
v -0.230521 1.08107 0.534483
vt -7.12454 42.5618
v -0.227283 1.07659 0.53232
vt -7.27786 42.3854
v -0.224569 1.07163 0.530507
vt -7.40634 42.1901
v -0.222428 1.06628 0.529077
vt -7.50771 41.9794
v -0.220897 1.06063 0.528055
vt -7.58016 41.7572
v -0.222049 1.0589 0.528824
vt -7.52563 41.6889
v -0.240777 1.02464 0.541334
vt -6.63895 40.3402
v -0.27428 0.963361 0.563713
vt -5.05275 37.9276
v -0.274928 0.962175 0.564146
vt -5.02205 37.8809
f 5694/17950/2956 5695/17951/2956 5696/17952/2956 5697/17953/2956 5698/17954/2956 5699/17955/2956 5700/17956/2956 5701/17957/2956 5702/17958/2956 5703/17959/2956 5704/17960/2956 5705/17961/2956 5706/17962/2956 5707/17963/2956 5708/17964/2956 5709/17965/2956 5710/17966/2956 5711/17967/2956 5712/17968/2956 5713/17969/2956 5714/17970/2956 5715/17971/2956 5716/17972/2956 5717/17973/2956 5718/17974/2956 5719/17975/2956 5720/17976/2956 5721/17977/2956 5722/17978/2956 5723/17979/2956 5724/17980/2956 5725/17981/2956 5726/17982/2956 5659/17915/2956 5658/17914/2956 5657/17913/2956 5656/17912/2956 5655/17911/2956 5654/17910/2956 5653/17909/2956 5652/17908/2956 5651/17907/2956 5650/17906/2956 5649/17905/2956 5648/17904/2956 5647/17903/2956 5646/17902/2956 5693/17949/2956 5692/17948/2956 5691/17947/2956 5690/17946/2956 5689/17945/2956 5688/17944/2956 5687/17943/2956 5686/17942/2956 5685/17941/2956 5684/17940/2956 5683/17939/2956 5682/17938/2956 5681/17937/2956 5680/17936/2956 5679/17935/2956 5678/17934/2956 5677/17933/2956 5727/17983/2956 5728/17984/2956 5729/17985/2956 5730/17986/2956 5731/17987/2956 5732/17988/2956 5733/17989/2956 5734/17990/2956 5735/17991/2956 5736/17992/2956 5737/17993/2956 5738/17994/2956 5739/17995/2956 5740/17996/2956 5741/17997/2956 5742/17998/2956 

usemtl Teddy_BookJacket
v -0.235864 0.967176 0.538052
vt -6.87158 38.0778
vn -0.555457 -7.88721e-13 -0.831545
v -0.235864 0.965564 0.538052
vt -6.87158 38.0143
v -0.236869 0.96405 0.538723
vt -6.824 37.9547
v -0.2505 0.960315 0.547828
vt -6.17861 37.8077
v -0.2388 0.966315 0.540013
vt -6.73253 38.0439
v -0.236765 0.970109 0.538654
vt -6.82888 38.1933
f 5743/17999/2957 5744/18000/2957 5745/18001/2957 5746/18002/2957 5695/17951/2957 5694/17950/2957 5747/18003/2957 5748/18004/2957 

usemtl Teddy_Dress
vn -0.555457 -4.32363e-16 -0.831545
f 5746/18002/2958 5696/17952/2958 5695/17951/2958

v -0.252148 0.926552 0.54893
vt -6.10057 36.4784
f 5749/18005/2958 5696/17952/2958 5746/18002/2958

f 5749/18005/2958 5697/17953/2958 5696/17952/2958

v -0.251899 0.91902 0.548763
vt -6.11239 36.1819
f 5750/18006/2958 5697/17953/2958 5749/18005/2958

f 5750/18006/2958 5698/17954/2958 5697/17953/2958

f 5750/18006/2958 5699/17955/2958 5698/17954/2958

v -0.251717 0.910693 0.548641
vt -6.12099 35.8541
f 5751/18007/2958 5699/17955/2958 5750/18006/2958

f 5751/18007/2958 5700/17956/2958 5699/17955/2958

f 5751/18007/2958 5701/17957/2958 5700/17956/2958

f 5751/18007/2958 5702/17958/2958 5701/17957/2958

f 5751/18007/2958 5703/17959/2958 5702/17958/2958

v -0.251611 0.902364 0.54857
vt -6.12602 35.5262
f 5752/18008/2958 5703/17959/2958 5751/18007/2958

f 5703/17959/2958 5752/18008/2958 5704/17960/2958

v -0.327161 0.901319 0.599037
vt -2.54904 35.485
f 5752/18008/2958 5753/18009/2958 5704/17960/2958

v -0.563507 0.89803 0.756911
vt 8.6409 35.3555
f 5752/18008/2958 5754/18010/2958 5753/18009/2958

v -0.25158 0.894035 0.54855
vt -6.12747 35.1982
f 5755/18011/2958 5754/18010/2958 5752/18008/2958

v -0.563087 0.893203 0.75663
vt 8.62101 35.1655
f 5755/18011/2958 5756/18012/2958 5754/18010/2958

v -0.562652 0.886731 0.75634
vt 8.60042 34.9107
f 5755/18011/2958 5757/18013/2958 5756/18012/2958

v -0.251625 0.885705 0.54858
vt -6.12534 34.8703
f 5758/18014/2958 5757/18013/2958 5755/18011/2958

v -0.562027 0.880104 0.755923
vt 8.57086 34.6498
f 5758/18014/2958 5759/18015/2958 5757/18013/2958

v -0.251712 0.879692 0.548638
vt -6.12123 34.6336
f 5760/18016/2958 5759/18015/2958 5758/18014/2958

v -0.251745 0.877377 0.54866
vt -6.11964 34.5424
f 5761/18017/2958 5759/18015/2958 5760/18016/2958

v -0.561629 0.873614 0.755657
vt 8.552 34.3943
f 5761/18017/2958 5762/18018/2958 5759/18015/2958

v -0.251941 0.869051 0.548791
vt -6.11037 34.2146
f 5763/18019/2958 5762/18018/2958 5761/18017/2958

v -0.561235 0.867516 0.755394
vt 8.53336 34.1542
f 5763/18019/2958 5764/18020/2958 5762/18018/2958

v -0.560802 0.861979 0.755105
vt 8.51286 33.9362
f 5763/18019/2958 5765/18021/2958 5764/18020/2958

v -0.252213 0.860727 0.548973
vt -6.09752 33.8869
f 5766/18022/2958 5765/18021/2958 5763/18019/2958

v -0.560349 0.856468 0.754801
vt 8.49138 33.7192
f 5766/18022/2958 5767/18023/2958 5765/18021/2958

v -0.25256 0.852408 0.549204
vt -6.0811 33.5594
f 5768/18024/2958 5767/18023/2958 5766/18022/2958

v -0.56004 0.850939 0.754595
vt 8.47675 33.5016
f 5768/18024/2958 5769/18025/2958 5767/18023/2958

v -0.559236 0.845445 0.754058
vt 8.43868 33.2852
f 5768/18024/2958 5770/18026/2958 5769/18025/2958

v -0.252982 0.844094 0.549486
vt -6.0611 33.232
f 5771/18027/2958 5770/18026/2958 5768/18024/2958

v -0.558429 0.840207 0.753519
vt 8.40047 33.079
f 5771/18027/2958 5772/18028/2958 5770/18026/2958

v -0.253479 0.835786 0.549819
vt -6.03754 32.905
f 5773/18029/2958 5772/18028/2958 5771/18027/2958

v -0.557753 0.834473 0.753068
vt 8.36851 32.8533
f 5773/18029/2958 5774/18030/2958 5772/18028/2958

v -0.556622 0.829061 0.752312
vt 8.31492 32.6402
f 5773/18029/2958 5775/18031/2958 5774/18030/2958

v -0.254052 0.827485 0.550201
vt -6.01042 32.5781
f 5776/18032/2958 5775/18031/2958 5773/18029/2958

v -0.555651 0.824108 0.751663
vt 8.26896 32.4452
f 5776/18032/2958 5777/18033/2958 5775/18031/2958

v -0.254701 0.819191 0.550634
vt -5.97973 32.2516
f 5778/18034/2958 5777/18033/2958 5776/18032/2958

v -0.554444 0.818642 0.750857
vt 8.21183 32.23
f 5778/18034/2958 5779/18035/2958 5777/18033/2958

v -0.5532 0.813213 0.750026
vt 8.15292 32.0163
f 5778/18034/2958 5780/18036/2958 5779/18035/2958

v -0.255424 0.810907 0.551117
vt -5.94549 31.9255
f 5781/18037/2958 5780/18036/2958 5778/18034/2958

v -0.551769 0.80782 0.74907
vt 8.08517 31.8039
f 5781/18037/2958 5782/18038/2958 5780/18036/2958

v -0.550548 0.802729 0.748255
vt 8.02735 31.6035
f 5781/18037/2958 5783/18039/2958 5782/18038/2958

v -0.256222 0.802633 0.551651
vt -5.90769 31.5997
f 5784/18040/2958 5783/18039/2958 5781/18037/2958

v -0.549117 0.797641 0.747299
vt 7.95962 31.4032
f 5784/18040/2958 5785/18041/2958 5783/18039/2958

v -0.257096 0.79437 0.552234
vt -5.86634 31.2744
f 5786/18042/2958 5785/18041/2958 5784/18040/2958

v -0.547916 0.792301 0.746497
vt 7.90276 31.193
f 5786/18042/2958 5787/18043/2958 5785/18041/2958

v -0.546693 0.787448 0.74568
vt 7.84485 31.0019
f 5786/18042/2958 5788/18044/2958 5787/18043/2958

v -0.258044 0.786119 0.552868
vt -5.82145 30.9496
f 5789/18045/2958 5788/18044/2958 5786/18042/2958

v -0.54525 0.78265 0.744716
vt 7.77651 30.813
f 5789/18045/2958 5790/18046/2958 5788/18044/2958

v -0.259067 0.77788 0.553551
vt -5.77301 30.6252
f 5791/18047/2958 5790/18046/2958 5789/18045/2958

v -0.544057 0.77708 0.743919
vt 7.72005 30.5937
f 5791/18047/2958 5792/18048/2958 5790/18046/2958

v -0.541 0.774963 0.741877
vt 7.57533 30.5103
f 5791/18047/2958 5793/18049/2958 5792/18048/2958

v -0.260164 0.769656 0.554284
vt -5.72105 30.3014
f 5794/18050/2958 5793/18049/2958 5791/18047/2958

v -0.261336 0.761446 0.555067
vt -5.66555 29.9782
f 5795/18051/2958 5793/18049/2958 5794/18050/2958

v -0.262583 0.753253 0.5559
vt -5.60654 29.6556
f 5796/18052/2958 5793/18049/2958 5795/18051/2958

v -0.263904 0.745076 0.556782
vt -5.54401 29.3337
f 5797/18053/2958 5793/18049/2958 5796/18052/2958

v -0.265298 0.736917 0.557713
vt -5.47798 29.0125
f 5798/18054/2958 5793/18049/2958 5797/18053/2958

v -0.266767 0.728776 0.558694
vt -5.40844 28.692
f 5799/18055/2958 5793/18049/2958 5798/18054/2958

v -0.498836 0.693666 0.713712
vt 5.57902 27.3097
f 5799/18055/2958 5800/18056/2958 5793/18049/2958

v -0.512878 0.6879 0.723092
vt 6.24387 27.0827
f 5799/18055/2958 5801/18057/2958 5800/18056/2958

v -0.485162 0.651821 0.704578
vt 4.93161 25.6622
f 5799/18055/2958 5802/18058/2958 5801/18057/2958

v -0.464165 0.624489 0.690552
vt 3.93748 24.5862
f 5799/18055/2958 5803/18059/2958 5802/18058/2958

v -0.465075 0.609644 0.69116
vt 3.98057 24.0017
f 5799/18055/2958 5804/18060/2958 5803/18059/2958

v -0.28926 0.607302 0.57372
vt -4.34349 23.9095
f 5805/18061/2958 5804/18060/2958 5799/18055/2958

v -0.476669 0.596228 0.698905
vt 4.52953 23.4736
f 5805/18061/2958 5806/18062/2958 5804/18060/2958

v -0.520356 0.588922 0.728087
vt 6.5979 23.1859
f 5805/18061/2958 5807/18063/2958 5806/18062/2958

v -0.519779 0.585636 0.727701
vt 6.57057 23.0565
f 5805/18061/2958 5808/18064/2958 5807/18063/2958

v -0.292071 0.578539 0.575597
vt -4.21041 22.7771
f 5809/18065/2958 5808/18064/2958 5805/18061/2958

v -0.519009 0.57314 0.727187
vt 6.53412 22.5646
f 5809/18065/2958 5810/18066/2958 5808/18064/2958

v -0.519394 0.56157 0.727444
vt 6.55235 22.109
f 5809/18065/2958 5811/18067/2958 5810/18066/2958

v -0.519802 0.551114 0.727717
vt 6.57166 21.6974
f 5809/18065/2958 5812/18068/2958 5811/18067/2958

v -0.518786 0.548982 0.727038
vt 6.52356 21.6135
f 5809/18065/2958 5813/18069/2958 5812/18068/2958

v -0.47639 0.541582 0.698719
vt 4.5163 21.3221
f 5809/18065/2958 5814/18070/2958 5813/18069/2958

v -0.28995 0.538845 0.57418
vt -4.31083 21.2144
f 5815/18071/2958 5814/18070/2958 5809/18065/2958

v -0.28659 0.532418 0.571936
vt -4.46991 20.9613
f 5816/18072/2958 5814/18070/2958 5815/18071/2958

v -0.416132 0.531065 0.658467
vt 1.66333 20.9081
f 5816/18072/2958 5817/18073/2958 5814/18070/2958

v -0.405846 0.529269 0.651596
vt 1.17633 20.8374
f 5816/18072/2958 5818/18074/2958 5817/18073/2958

v -0.403889 0.529039 0.650289
vt 1.08369 20.8283
f 5816/18072/2958 5819/18075/2958 5818/18074/2958

v -0.292115 0.522449 0.575627
vt -4.2083 20.5689
f 5820/18076/2958 5819/18075/2958 5816/18072/2958

v -0.307212 0.521798 0.585711
vt -3.49354 20.5432
f 5821/18077/2958 5819/18075/2958 5820/18076/2958

v -0.333015 0.520685 0.602947
vt -2.2719 20.4994
f 5819/18075/2958 5821/18077/2958 5822/18078/2958

usemtl Teddy_Skin_
v -0.287968 0.446902 0.572856
vt -4.40468 17.5946
vn -0.555457 -1.74896e-15 -0.831545
v -0.288121 0.441284 0.572958
vt -4.39744 17.3734
v -0.288506 0.435683 0.573215
vt -4.37921 17.1529
v -0.289121 0.430111 0.573627
vt -4.35006 16.9335
v -0.289967 0.424582 0.574191
vt -4.31004 16.7158
v -0.291039 0.419112 0.574908
vt -4.25926 16.5005
v -0.292336 0.413711 0.575774
vt -4.19784 16.2879
v -0.295865 0.395682 0.578132
vt -4.03076 15.578
v -0.305917 0.332113 0.584846
vt -3.55485 13.0753
v -0.315969 0.268543 0.591561
vt -3.07894 10.5726
v -0.316058 0.204428 0.59162
vt -3.07471 8.04835
v -0.310612 0.134359 0.587982
vt -3.33257 5.28973
v -0.309217 0.0994191 0.58705
vt -3.39861 3.91414
v -0.308877 0.0908877 0.586823
vt -3.41473 3.57826
v -0.308776 0.0778602 0.586756
vt -3.41948 3.06536
v -0.309417 0.0729284 0.587184
vt -3.38916 2.8712
v -0.310663 0.0681493 0.588016
vt -3.33016 2.68304
v -0.31249 0.0636187 0.589236
vt -3.24367 2.50467
v -0.31486 0.0594277 0.59082
vt -3.13143 2.33967
v -0.317728 0.0556604 0.592735
vt -2.99568 2.19135
v -0.320896 0.05205 0.594851
vt -2.84568 2.04921
v -0.331856 0.0462118 0.602173
vt -2.32676 1.81936
v -0.343908 0.0449834 0.610223
vt -1.75616 1.771
v -0.355604 0.0485123 0.618036
vt -1.20238 1.90993
v -0.365541 0.0563749 0.624674
vt -0.731911 2.21948
v -0.370459 0.0642972 0.627959
vt -0.499092 2.53139
v -0.372525 0.0676272 0.629339
vt -0.401234 2.66249
v -0.373517 0.0703636 0.630001
vt -0.354297 2.77022
v -0.370851 0.0925085 0.628221
vt -0.480509 3.64207
v -0.371049 0.141032 0.628353
vt -0.471122 5.55244
v -0.366291 0.187238 0.625174
vt -0.696428 7.37156
v -0.361806 0.230776 0.622179
vt -0.90873 9.08568
v -0.360648 0.278157 0.621406
vt -0.963561 10.9511
v -0.365809 0.312652 0.624853
vt -0.719231 12.3091
v -0.381898 0.36356 0.6356
vt 0.0425127 14.3134
v -0.38318 0.368258 0.636456
vt 0.103201 14.4984
v -0.384372 0.37299 0.637253
vt 0.159663 14.6847
v -0.385475 0.377754 0.637989
vt 0.211871 14.8722
v -0.386487 0.382546 0.638665
vt 0.259798 15.0609
v -0.387409 0.387365 0.639281
vt 0.303418 15.2506
v -0.388238 0.392208 0.639835
vt 0.342709 15.4413
v -0.388976 0.397072 0.640328
vt 0.37765 15.6328
v -0.389622 0.401956 0.640759
vt 0.408225 15.825
v -0.390175 0.406855 0.641129
vt 0.434416 16.0179
v -0.390636 0.411769 0.641436
vt 0.45621 16.2114
v -0.391003 0.416694 0.641682
vt 0.473596 16.4053
v -0.391277 0.421627 0.641865
vt 0.486565 16.5995
v -0.394075 0.482425 0.643734
vt 0.619039 18.9931
v -0.400215 0.520404 0.647835
vt 0.909728 20.4883
v -0.40154 0.523518 0.64872
vt 0.972459 20.6109
v -0.293691 0.483331 0.576679
vt -4.1337 19.0288
v -0.288901 0.463713 0.573479
vt -4.3605 18.2564
v -0.288358 0.458131 0.573117
vt -4.38619 18.0366
v -0.288047 0.452522 0.572909
vt -4.40093 17.8158
f 5823/18079/2959 5824/18080/2959 5825/18081/2959 5826/18082/2959 5827/18083/2959 5828/18084/2959 5829/18085/2959 5830/18086/2959 5831/18087/2959 5832/18088/2959 5833/18089/2959 5834/18090/2959 5835/18091/2959 5836/18092/2959 5837/18093/2959 5838/18094/2959 5839/18095/2959 5840/18096/2959 5841/18097/2959 5842/18098/2959 5843/18099/2959 5844/18100/2959 5845/18101/2959 5846/18102/2959 5847/18103/2959 5848/18104/2959 5849/18105/2959 5850/18106/2959 5851/18107/2959 5852/18108/2959 5853/18109/2959 5854/18110/2959 5855/18111/2959 5856/18112/2959 5857/18113/2959 5858/18114/2959 5859/18115/2959 5860/18116/2959 5861/18117/2959 5862/18118/2959 5863/18119/2959 5864/18120/2959 5865/18121/2959 5866/18122/2959 5867/18123/2959 5868/18124/2959 5869/18125/2959 5870/18126/2959 5871/18127/2959 5872/18128/2959 5819/18075/2959 5822/18078/2959 5821/18077/2959 5873/18129/2959 5874/18130/2959 5875/18131/2959 5876/18132/2959 

usemtl Teddy_Shoes
v -0.302711 0.0988061 0.582705
vt -3.70662 3.89
vn -0.555457 -3.57574e-14 -0.831545
v -0.302253 0.0913378 0.582399
vt -3.72831 3.59598
v -0.302122 0.0838528 0.582311
vt -3.73454 3.30129
v -0.302514 0.0697827 0.582573
vt -3.71597 2.74735
v -0.30357 0.055757 0.583278
vt -3.666 2.19516
v -0.304706 0.0470433 0.584037
vt -3.61218 1.8521
v -0.305064 0.0448361 0.584276
vt -3.59524 1.7652
v -0.305257 0.0436483 0.584405
vt -3.58612 1.71844
v -0.306322 0.040661 0.585117
vt -3.53566 1.60083
v -0.308705 0.0339845 0.586708
vt -3.42288 1.33797
v -0.309792 0.0309353 0.587435
vt -3.37137 1.21793
v -0.31649 0.0195277 0.591908
vt -3.05429 0.768807
v -0.325072 0.00989562 0.597641
vt -2.64795 0.389591
v -0.330129 0.00616588 0.601019
vt -2.40853 0.242751
v -0.334368 0.00351051 0.603851
vt -2.20783 0.138209
v -0.338897 0.00157374 0.606876
vt -1.99338 0.0619581
v -0.343623 0.000395472 0.610033
vt -1.76962 0.0155697
v -0.348449 0 0.613257
vt -1.54115 -2.847e-27
v -0.353274 0.000395472 0.61648
vt -1.31268 0.0155697
v -0.358001 0.00157374 0.619637
vt -1.08892 0.0619581
v -0.361346 0.00300419 0.621871
vt -0.93054 0.118275
v -0.36253 0.00351051 0.622662
vt -0.874479 0.138209
v -0.366769 0.00616588 0.625494
vt -0.673777 0.242751
v -0.369664 0.00955262 0.627428
vt -0.536708 0.376087
v -0.374788 0.0186165 0.63085
vt -0.294119 0.732934
v -0.376434 0.0234208 0.63195
vt -0.216188 0.92208
v -0.378228 0.0286589 0.633149
vt -0.131221 1.1283
v -0.379849 0.0392795 0.634231
vt -0.0545093 1.54644
v -0.379744 0.0435386 0.634161
vt -0.0594622 1.71412
v -0.378823 0.0465511 0.633546
vt -0.10305 1.83272
v -0.377547 0.0524414 0.632694
vt -0.163464 2.06462
v -0.376757 0.0584412 0.632166
vt -0.200866 2.30083
v -0.374973 0.0643445 0.630974
vt -0.285362 2.53325
v -0.307774 0.128145 0.586087
vt -3.46691 5.04507
v -0.30603 0.120927 0.584921
vt -3.54952 4.7609
v -0.304602 0.113619 0.583968
vt -3.61712 4.47318
v -0.303495 0.106239 0.583228
vt -3.66953 4.18265
f 5877/18133/2960 5878/18134/2960 5879/18135/2960 5880/18136/2960 5881/18137/2960 5882/18138/2960 5883/18139/2960 5884/18140/2960 5885/18141/2960 5886/18142/2960 5887/18143/2960 5888/18144/2960 5889/18145/2960 5890/18146/2960 5891/18147/2960 5892/18148/2960 5893/18149/2960 5894/18150/2960 5895/18151/2960 5896/18152/2960 5897/18153/2960 5898/18154/2960 5899/18155/2960 5900/18156/2960 5901/18157/2960 5902/18158/2960 5903/18159/2960 5904/18160/2960 5905/18161/2960 5906/18162/2960 5907/18163/2960 5908/18164/2960 5909/18165/2960 5850/18106/2960 5849/18105/2960 5848/18104/2960 5847/18103/2960 5846/18102/2960 5845/18101/2960 5844/18100/2960 5843/18099/2960 5842/18098/2960 5841/18097/2960 5840/18096/2960 5839/18095/2960 5838/18094/2960 5837/18093/2960 5836/18092/2960 5835/18091/2960 5834/18090/2960 5910/18166/2960 5911/18167/2960 5912/18168/2960 5913/18169/2960 

v -0.444492 0.0690916 0.677411
vt 3.00606 2.72014
vn -0.555457 -5.46912e-15 -0.831545
v -0.443053 0.0726471 0.67645
vt 2.93793 2.86012
v -0.43984 0.0668665 0.674304
vt 2.78581 2.63254
v -0.430107 0.0594207 0.667803
vt 2.32501 2.3394
v -0.41908 0.0548812 0.660437
vt 1.80292 2.16068
v -0.407415 0.0535184 0.652645
vt 1.25062 2.10702
v -0.395806 0.0554133 0.64489
vt 0.700998 2.18163
v -0.384945 0.0604532 0.637635
vt 0.186765 2.38005
v -0.382653 0.0623623 0.636104
vt 0.0782395 2.45521
v -0.375411 0.0683517 0.631267
vt -0.264599 2.69101
v -0.382221 0.0184278 0.635816
vt 0.0578164 0.725504
v -0.388544 0.0144831 0.640039
vt 0.357152 0.570201
v -0.395271 0.0116681 0.644532
vt 0.675646 0.459376
v -0.402263 0.0100409 0.649204
vt 1.00673 0.395312
v -0.409378 0.00963505 0.653956
vt 1.34358 0.379333
v -0.416468 0.0104589 0.658692
vt 1.67924 0.411766
v -0.423386 0.0124954 0.663313
vt 2.00679 0.491943
v -0.42999 0.0157026 0.667725
vt 2.31949 0.618211
v -0.436145 0.0200143 0.671836
vt 2.61087 0.787966
v -0.441722 0.0253418 0.675561
vt 2.87493 0.997707
v -0.446608 0.031575 0.678825
vt 3.10623 1.24311
v -0.448654 0.0350802 0.680191
vt 3.20311 1.38111
v -0.451026 0.0421684 0.681776
vt 3.31543 1.66017
v -0.450364 0.0466328 0.681334
vt 3.28409 1.83594
v -0.449723 0.0504791 0.680906
vt 3.25374 1.98737
v -0.449493 0.0516068 0.680752
vt 3.24284 2.03176
v -0.448945 0.0542925 0.680386
vt 3.21689 2.1375
v -0.448031 0.0580667 0.679775
vt 3.17363 2.28609
v -0.446983 0.0617953 0.679075
vt 3.12401 2.43289
v -0.445803 0.0654724 0.678287
vt 3.06813 2.57765
f 5914/18170/2961 5915/18171/2961 5916/18172/2961 5917/18173/2961 5918/18174/2961 5919/18175/2961 5920/18176/2961 5921/18177/2961 5922/18178/2961 5923/18179/2961 5850/18106/2961 5909/18165/2961 5908/18164/2961 5907/18163/2961 5906/18162/2961 5905/18161/2961 5904/18160/2961 5903/18159/2961 5902/18158/2961 5924/18180/2961 5925/18181/2961 5926/18182/2961 5927/18183/2961 5928/18184/2961 5929/18185/2961 5930/18186/2961 5931/18187/2961 5932/18188/2961 5933/18189/2961 5934/18190/2961 5935/18191/2961 5936/18192/2961 5937/18193/2961 5938/18194/2961 5939/18195/2961 5940/18196/2961 5941/18197/2961 5942/18198/2961 5943/18199/2961 

usemtl Teddy_Skin_
vn -0.555457 -1.02626e-14 -0.831545
v -0.404974 0.522987 0.651014
vt 1.13508 20.59
v -0.400022 0.489275 0.647706
vt 0.900588 19.2628
v -0.397683 0.458144 0.646144
vt 0.789871 18.0372
v -0.394557 0.427113 0.644056
vt 0.64187 16.8155
v -0.383351 0.335109 0.63657
vt 0.111286 13.1932
v -0.38271 0.32375 0.636142
vt 0.0809494 12.7461
v -0.380052 0.276644 0.634367
vt -0.0448714 10.8915
v -0.367218 0.202311 0.625794
vt -0.652515 7.96499
v -0.441488 0.0761329 0.675405
vt 2.86383 2.99736
v -0.439799 0.0795433 0.674277
vt 2.7839 3.13163
v -0.437991 0.0828726 0.673069
vt 2.69826 3.2627
v -0.436064 0.0861153 0.671782
vt 2.60706 3.39037
v -0.434024 0.089266 0.670419
vt 2.51044 3.51441
v -0.422275 0.133556 0.662571
vt 1.95418 5.2581
v -0.419651 0.194979 0.660818
vt 1.82997 7.67634
v -0.428787 0.244501 0.666921
vt 2.26249 9.62602
v -0.45688 0.341496 0.685686
vt 3.5926 13.4447
v -0.470804 0.406733 0.694987
vt 4.25182 16.0131
v -0.477265 0.458913 0.699303
vt 4.55771 18.0674
v -0.478346 0.483331 0.700025
vt 4.60891 19.0288
v -0.476481 0.537487 0.698779
vt 4.52059 21.1609
f 5817/18073/2962 5818/18074/2962 5944/18200/2962 5945/18201/2962 5946/18202/2962 5947/18203/2962 5863/18119/2962 5862/18118/2962 5861/18117/2962 5860/18116/2962 5859/18115/2962 5858/18114/2962 5857/18113/2962 5948/18204/2962 5949/18205/2962 5950/18206/2962 5951/18207/2962 5853/18109/2962 5852/18108/2962 5851/18107/2962 5850/18106/2962 5923/18179/2962 5922/18178/2962 5921/18177/2962 5920/18176/2962 5919/18175/2962 5918/18174/2962 5917/18173/2962 5916/18172/2962 5915/18171/2962 5952/18208/2962 5953/18209/2962 5954/18210/2962 5955/18211/2962 5956/18212/2962 5957/18213/2962 5958/18214/2962 5959/18215/2962 5960/18216/2962 5961/18217/2962 5962/18218/2962 5963/18219/2962 5964/18220/2962 5814/18070/2962 

usemtl Teddy_SkinShadow_
vn -0.555457 -1.01631e-15 -0.831545
f 5864/18120/2963 5863/18119/2963 5947/18203/2963 5946/18202/2963 5945/18201/2963 5944/18200/2963 5818/18074/2963 5819/18075/2963 5872/18128/2963 5871/18127/2963 5870/18126/2963 5869/18125/2963 5868/18124/2963 5867/18123/2963 5866/18122/2963 5865/18121/2963 

usemtl Teddy_Dress
v -0.522669 0.61564 0.729632
vt 6.70741 24.2378
f 5965/18221/2958 5806/18062/2958 5807/18063/2958

v -0.488227 0.613701 0.706625
vt 5.07672 24.1615
f 5806/18062/2958 5965/18221/2958 5966/18222/2958

v -0.499913 0.639944 0.714431
vt 5.63 25.1947
f 5966/18222/2958 5965/18221/2958 5967/18223/2958

v -0.523093 0.620777 0.729915
vt 6.72747 24.44
f 5967/18223/2958 5965/18221/2958 5968/18224/2958

v -0.523284 0.625932 0.730043
vt 6.73654 24.643
f 5967/18223/2958 5968/18224/2958 5969/18225/2958

v -0.52364 0.631588 0.730281
vt 6.75339 24.8657
f 5967/18223/2958 5969/18225/2958 5970/18226/2958

v -0.524004 0.636803 0.730524
vt 6.77061 25.071
f 5967/18223/2958 5970/18226/2958 5971/18227/2958

v -0.524362 0.642537 0.730763
vt 6.78758 25.2967
f 5967/18223/2958 5971/18227/2958 5972/18228/2958

v -0.510025 0.660421 0.721186
vt 6.10876 26.0008
f 5967/18223/2958 5972/18228/2958 5973/18229/2958

v -0.524737 0.648103 0.731013
vt 6.80531 25.5159
f 5973/18229/2958 5972/18228/2958 5974/18230/2958

v -0.525115 0.653643 0.731266
vt 6.82321 25.734
f 5973/18229/2958 5974/18230/2958 5975/18231/2958

v -0.525494 0.658936 0.73152
vt 6.84119 25.9424
f 5973/18229/2958 5975/18231/2958 5976/18232/2958

v -0.525877 0.665548 0.731775
vt 6.85928 26.2027
f 5973/18229/2958 5976/18232/2958 5977/18233/2958

v -0.521578 0.679763 0.728904
vt 6.65578 26.7623
f 5973/18229/2958 5977/18233/2958 5978/18234/2958

v -0.526491 0.671008 0.732185
vt 6.88835 26.4176
f 5978/18234/2958 5977/18233/2958 5979/18235/2958

v -0.526921 0.676345 0.732472
vt 6.90871 26.6278
f 5978/18234/2958 5979/18235/2958 5980/18236/2958

v -0.527337 0.681952 0.73275
vt 6.92843 26.8485
f 5978/18234/2958 5980/18236/2958 5981/18237/2958

v -0.528432 0.694241 0.733482
vt 6.98027 27.3323
f 5978/18234/2958 5981/18237/2958 5982/18238/2958

v -0.527987 0.688041 0.733184
vt 6.95918 27.0882
f 5982/18238/2958 5981/18237/2958 5983/18239/2958

v -0.530505 0.711838 0.734866
vt 7.07841 28.0251
f 5978/18234/2958 5982/18238/2958 5984/18240/2958

v -0.52909 0.699427 0.733921
vt 7.0114 27.5365
f 5984/18240/2958 5982/18238/2958 5985/18241/2958

v -0.529792 0.705581 0.73439
vt 7.04467 27.7788
f 5984/18240/2958 5985/18241/2958 5986/18242/2958

v -0.531245 0.717278 0.735361
vt 7.11347 28.2393
f 5978/18234/2958 5984/18240/2958 5987/18243/2958

v -0.531997 0.722661 0.735863
vt 7.14904 28.4512
f 5978/18234/2958 5987/18243/2958 5988/18244/2958

usemtl Teddy_DressDepth
vn -0.555457 2.02092e-14 -0.831545
f 5978/18234/2964 5988/18244/2964 5801/18057/2964 5802/18058/2964 5803/18059/2964 5804/18060/2964 5806/18062/2964 5966/18222/2964 5967/18223/2964 5973/18229/2964 

usemtl Teddy_Dress
f 5988/18244/2958 5800/18056/2958 5801/18057/2958

v -0.526891 0.730018 0.732452
vt 6.9073 28.7409
f 5800/18056/2958 5988/18244/2958 5989/18245/2958

v -0.532985 0.727684 0.736523
vt 7.19584 28.649
f 5989/18245/2958 5988/18244/2958 5990/18246/2958

v -0.534025 0.732826 0.737218
vt 7.24506 28.8514
f 5989/18245/2958 5990/18246/2958 5991/18247/2958

f 5989/18245/2958 5991/18247/2958 5793/18049/2958

v -0.53533 0.738227 0.73809
vt 7.30687 29.0641
f 5793/18049/2958 5991/18247/2958 5992/18248/2958

v -0.536487 0.743934 0.738862
vt 7.36163 29.2887
f 5793/18049/2958 5992/18248/2958 5993/18249/2958

v -0.537876 0.749462 0.73979
vt 7.42741 29.5064
f 5793/18049/2958 5993/18249/2958 5994/18250/2958

v -0.539093 0.75501 0.740603
vt 7.48502 29.7248
f 5793/18049/2958 5994/18250/2958 5995/18251/2958

v -0.540284 0.760298 0.741399
vt 7.5414 29.933
f 5793/18049/2958 5995/18251/2958 5996/18252/2958

v -0.541244 0.76524 0.74204
vt 7.58688 30.1276
f 5793/18049/2958 5996/18252/2958 5997/18253/2958

v -0.542832 0.771477 0.743101
vt 7.66203 30.3731
f 5793/18049/2958 5997/18253/2958 5998/18254/2958

f 5793/18049/2958 5998/18254/2958 5792/18048/2958

usemtl Teddy_DressDepth
vn -0.555457 3.75026e-14 -0.831545
f 5793/18049/2965 5800/18056/2965 5989/18245/2965

usemtl Teddy_Dress
v -0.563697 0.903638 0.757038
vt 8.64989 35.5763
f 5999/18255/2958 5753/18009/2958 5754/18010/2958

v -0.342004 0.901974 0.608951
vt -1.8463 35.5108
f 5753/18009/2958 5999/18255/2958 6000/18256/2958

v -0.345203 0.906517 0.611088
vt -1.69482 35.6897
f 6000/18256/2958 5999/18255/2958 6001/18257/2958

v -0.56382 0.909222 0.75712
vt 8.65574 35.7961
f 6001/18257/2958 5999/18255/2958 6002/18258/2958

v -0.352627 0.906727 0.616048
vt -1.34332 35.6979
f 6001/18257/2958 6002/18258/2958 6003/18259/2958

f 6003/18259/2958 6002/18258/2958 5718/17974/2958

v -0.563906 0.91527 0.757178
vt 8.6598 36.0342
f 6004/18260/2958 5718/17974/2958 6002/18258/2958

f 5718/17974/2958 6004/18260/2958 5719/17975/2958

v -0.563954 0.921208 0.75721
vt 8.66209 36.268
f 5719/17975/2958 6004/18260/2958 6005/18261/2958

v -0.396991 0.922037 0.645681
vt 0.757084 36.3007
f 5719/17975/2958 6005/18261/2958 6006/18262/2958

v -0.563985 0.926891 0.75723
vt 8.66354 36.4918
f 6007/18263/2958 6006/18262/2958 6005/18261/2958

v -0.405274 0.925024 0.651214
vt 1.14926 36.4183
f 6006/18262/2958 6007/18263/2958 6008/18264/2958

f 6008/18264/2958 6007/18263/2958 5665/17921/2958

v -0.563774 0.932836 0.757089
vt 8.65354 36.7258
f 5665/17921/2958 6007/18263/2958 6009/18265/2958

v -0.563739 0.93852 0.757066
vt 8.65191 36.9496
f 5665/17921/2958 6009/18265/2958 6010/18266/2958

v -0.563483 0.943874 0.756895
vt 8.6398 37.1604
f 5665/17921/2958 6010/18266/2958 6011/18267/2958

v -0.563177 0.950273 0.756691
vt 8.62528 37.4123
f 5665/17921/2958 6011/18267/2958 6012/18268/2958

v -0.562855 0.955711 0.756476
vt 8.61007 37.6264
f 5665/17921/2958 6012/18268/2958 6013/18269/2958

v -0.562735 0.961028 0.756395
vt 8.60436 37.8358
f 5665/17921/2958 6013/18269/2958 6014/18270/2958

v -0.562648 0.967441 0.756337
vt 8.60025 38.0882
f 5665/17921/2958 6014/18270/2958 6015/18271/2958

v -0.562586 0.972576 0.756296
vt 8.59733 38.2904
f 5665/17921/2958 6015/18271/2958 6016/18272/2958

v -0.562553 0.97783 0.756274
vt 8.59577 38.4972
f 5665/17921/2958 6016/18272/2958 6017/18273/2958

v -0.562301 0.983646 0.756106
vt 8.58382 38.7262
f 5665/17921/2958 6017/18273/2958 6018/18274/2958

v -0.562241 0.989458 0.756066
vt 8.58098 38.955
f 5665/17921/2958 6018/18274/2958 6019/18275/2958

v -0.557783 1.02132 0.753087
vt 8.3699 40.2096
f 5665/17921/2958 6019/18275/2958 6020/18276/2958

v -0.557151 1.02521 0.752665
vt 8.33996 40.3628
f 5665/17921/2958 6020/18276/2958 6021/18277/2958

v -0.552504 1.05337 0.749561
vt 8.11996 41.4711
f 5665/17921/2958 6021/18277/2958 6022/18278/2958

v -0.551628 1.05392 0.748976
vt 8.07848 41.4929
f 5665/17921/2958 6022/18278/2958 6023/18279/2958

usemtl Teddy_Skin_
v -0.531834 1.1136 0.735754
vt 7.14133 43.8424
vn -0.555457 -1.07191e-15 -0.831545
v -0.53285 1.1122 0.736433
vt 7.18945 43.7872
v -0.535052 1.09734 0.737904
vt 7.29369 43.2025
v -0.53531 1.09573 0.738076
vt 7.3059 43.1391
v -0.534339 1.09487 0.737428
vt 7.25996 43.1052
v -0.530342 1.09495 0.734758
vt 7.0707 43.1081
v -0.521347 1.09493 0.728749
vt 6.64482 43.1077
v -0.510353 1.095 0.721405
vt 6.12431 43.1104
v -0.508374 1.09467 0.720083
vt 6.03059 43.0973
v -0.50603 1.09242 0.718518
vt 5.91962 43.0088
v -0.506414 1.08885 0.718774
vt 5.93781 42.868
v -0.508383 1.08613 0.720089
vt 6.03102 42.7609
v -0.511945 1.08395 0.722469
vt 6.1997 42.675
v -0.514926 1.08355 0.72446
vt 6.34082 42.6596
v -0.517906 1.08316 0.726451
vt 6.48193 42.6441
v -0.526899 1.08291 0.732458
vt 6.90769 42.6341
v -0.532801 1.08163 0.7364
vt 7.1871 42.5837
v -0.537062 1.07655 0.739247
vt 7.38888 42.3839
v -0.540015 1.07331 0.741219
vt 7.52867 42.2563
v -0.542855 1.06696 0.743116
vt 7.66313 42.0063
v -0.54499 1.06153 0.744542
vt 7.76421 41.7923
v -0.549045 1.05575 0.747251
vt 7.9562 41.565
v -0.554282 1.05224 0.750749
vt 8.20414 41.4268
v -0.556178 1.05148 0.752015
vt 8.2939 41.3968
v -0.560172 1.05127 0.754683
vt 8.483 41.3886
v -0.564146 1.05179 0.757338
vt 8.67117 41.4091
v -0.569839 1.05406 0.761141
vt 8.94069 41.4984
v -0.564084 1.08359 0.757297
vt 8.66824 42.6609
v -0.562551 1.08765 0.756272
vt 8.59563 42.821
v -0.558927 1.09369 0.753852
vt 8.42408 43.0585
v -0.553381 1.1066 0.750147
vt 8.16149 43.5669
v -0.545559 1.12152 0.744922
vt 7.79115 44.1544
v -0.541016 1.12908 0.741888
vt 7.57606 44.4522
v -0.536386 1.13631 0.738795
vt 7.35685 44.7365
v -0.534268 1.13967 0.73738
vt 7.25656 44.8687
v -0.533032 1.14125 0.736554
vt 7.19804 44.9309
v -0.52817 1.14504 0.733307
vt 6.96786 45.0803
v -0.521447 1.14841 0.728816
vt 6.64954 45.2128
v -0.517488 1.14908 0.726171
vt 6.46212 45.2393
v -0.508592 1.15068 0.720229
vt 6.04093 45.3023
v -0.505637 1.15007 0.718255
vt 5.90103 45.2782
v -0.502918 1.14654 0.716439
vt 5.77227 45.1394
v -0.502969 1.14231 0.716473
vt 5.77472 44.9729
v -0.504315 1.14052 0.717372
vt 5.83844 44.9023
v -0.50683 1.13855 0.719052
vt 5.95749 44.825
v -0.511752 1.13752 0.72234
vt 6.19054 44.7841
v -0.519504 1.13587 0.727518
vt 6.55758 44.7191
v -0.522445 1.13501 0.729483
vt 6.69681 44.6855
v -0.52924 1.13258 0.734022
vt 7.01852 44.5898
v -0.532259 1.12902 0.736038
vt 7.16145 44.4497
f 6024/18280/2966 6025/18281/2966 6026/18282/2966 6027/18283/2966 6028/18284/2966 6029/18285/2966 6030/18286/2966 6031/18287/2966 6032/18288/2966 6033/18289/2966 6034/18290/2966 6035/18291/2966 6036/18292/2966 6037/18293/2966 6038/18294/2966 6039/18295/2966 6040/18296/2966 6041/18297/2966 6042/18298/2966 6043/18299/2966 6044/18300/2966 6045/18301/2966 6023/18279/2966 6022/18278/2966 6046/18302/2966 6047/18303/2966 6048/18304/2966 6049/18305/2966 6050/18306/2966 6051/18307/2966 6052/18308/2966 6053/18309/2966 6054/18310/2966 6055/18311/2966 6056/18312/2966 6057/18313/2966 6058/18314/2966 6059/18315/2966 6060/18316/2966 6061/18317/2966 6062/18318/2966 6063/18319/2966 6064/18320/2966 6065/18321/2966 6066/18322/2966 6067/18323/2966 6068/18324/2966 6069/18325/2966 6070/18326/2966 6071/18327/2966 6072/18328/2966 6073/18329/2966 

usemtl Teddy_SkinShadow_
vn -0.555457 1.34684e-13 -0.831545
vn -0.555457 6.81939e-14 -0.831545
v -0.528366 1.11599 0.733438
vt 6.97714 43.9366
v -0.522595 1.11795 0.729582
vt 6.70389 44.0137
v -0.518645 1.1187 0.726945
vt 6.51692 44.0432
v -0.51265 1.11887 0.72294
vt 6.23308 44.0499
v -0.518753 1.11763 0.727016
vt 6.52199 44.0011
v -0.523594 1.11638 0.73025
vt 6.75119 43.952
v -0.527146 1.11508 0.732623
vt 6.91939 43.9009
f 6025/18281/2967 6024/18280/2968 6074/18330/2968 6075/18331/2968 6076/18332/2968 6077/18333/2968 6078/18334/2967 6079/18335/2967 6080/18336/2967 

usemtl Teddy_Skin_
vn -0.555457 1.70371e-15 -0.831545
v -0.529748 1.13122 0.734361
vt 7.04259 44.5364
v -0.524727 1.13266 0.731007
vt 6.80486 44.5929
v -0.516756 1.13269 0.725682
vt 6.42746 44.5942
v -0.509561 1.13271 0.720877
vt 6.08682 44.5951
v -0.500833 1.13204 0.715046
vt 5.67355 44.5685
v -0.49485 1.13155 0.711049
vt 5.39029 44.5491
v -0.491022 1.13016 0.708493
vt 5.20908 44.4945
v -0.489522 1.12704 0.70749
vt 5.13803 44.3716
v -0.489674 1.12344 0.707592
vt 5.14525 44.2298
v -0.491833 1.12093 0.709035
vt 5.24747 44.1313
v -0.494688 1.11983 0.710942
vt 5.38266 44.088
v -0.498186 1.11979 0.713278
vt 5.54827 44.0861
v -0.502922 1.11974 0.716442
vt 5.77247 44.0842
v -0.506678 1.11952 0.718951
vt 5.95032 44.0755
f 6074/18330/2968 6024/18280/2968 6073/18329/2969 6081/18337/2969 6082/18338/2969 6083/18339/2969 6084/18340/2969 6085/18341/2969 6086/18342/2969 6087/18343/2969 6088/18344/2969 6089/18345/2969 6090/18346/2969 6091/18347/2969 6092/18348/2969 6093/18349/2969 6094/18350/2969 6077/18333/2968 6076/18332/2968 6075/18331/2968 

usemtl Teddy_SkinShadow_
vn -0.555457 -1.05863e-13 -0.831545
f 6082/18338/2970 6081/18337/2970 6073/18329/2970 6072/18328/2970 6071/18327/2970 

usemtl Teddy_Dress
f 6071/18327/2958 6083/18339/2958 6082/18338/2958

f 6083/18339/2958 6071/18327/2958 6084/18340/2958

v -0.268251 1.14977 0.559686
vt -5.33816 45.2667
f 6095/18351/2958 6084/18340/2958 6071/18327/2958

f 6095/18351/2958 6085/18341/2958 6084/18340/2958

f 6095/18351/2958 6086/18342/2958 6085/18341/2958

f 6095/18351/2958 6087/18343/2958 6086/18342/2958

f 6095/18351/2958 6088/18344/2958 6087/18343/2958

f 6095/18351/2958 6089/18345/2958 6088/18344/2958

f 6095/18351/2958 6090/18346/2958 6089/18345/2958

f 6095/18351/2958 6091/18347/2958 6090/18346/2958

v -0.494238 1.11903 0.710641
vt 5.36132 44.0564
f 6095/18351/2958 6096/18352/2958 6091/18347/2958

v -0.492633 1.1176 0.709569
vt 5.28534 44
f 6095/18351/2958 6097/18353/2958 6096/18352/2958

f 5670/17926/2958 6097/18353/2958 6095/18351/2958

f 5669/17925/2958 6097/18353/2958 5670/17926/2958

v -0.492116 1.11405 0.709223
vt 5.26085 43.8602
f 5669/17925/2958 6098/18354/2958 6097/18353/2958

v -0.493197 1.11069 0.709946
vt 5.31205 43.7278
f 5669/17925/2958 6099/18355/2958 6098/18354/2958

v -0.497214 1.10753 0.712629
vt 5.50224 43.6036
f 5669/17925/2958 6100/18356/2958 6099/18355/2958

v -0.503013 1.10636 0.716502
vt 5.77677 43.5575
f 5669/17925/2958 6101/18357/2958 6100/18356/2958

v -0.512669 1.10463 0.722952
vt 6.23395 43.4894
f 5669/17925/2958 6102/18358/2958 6101/18357/2958

v -0.520137 1.10315 0.727941
vt 6.58752 43.431
f 5669/17925/2958 6103/18359/2958 6102/18358/2958

v -0.524647 1.10154 0.730954
vt 6.80107 43.3677
f 5669/17925/2958 6104/18360/2958 6103/18359/2958

v -0.530326 1.09948 0.734747
vt 7.06995 43.2868
f 5669/17925/2958 6105/18361/2958 6104/18360/2958

v -0.531749 1.09891 0.735697
vt 7.1373 43.2644
f 5669/17925/2958 6106/18362/2958 6105/18361/2958

v -0.531364 1.09663 0.735441
vt 7.11911 43.1744
f 5669/17925/2958 6107/18363/2958 6106/18362/2958

f 5668/17924/2958 6107/18363/2958 5669/17925/2958

f 6031/18287/2958 6107/18363/2958 5668/17924/2958

f 6031/18287/2958 6029/18285/2958 6107/18363/2958

f 6029/18285/2958 6031/18287/2958 6030/18286/2958

usemtl Teddy_DressShadow
vn -0.555457 6.31873e-14 -0.831545
f 6107/18363/2971 6029/18285/2971 6028/18284/2971 6027/18283/2971 6026/18282/2971 6106/18362/2971 

usemtl Teddy_Skin_
vn -0.555457 -8.09068e-15 -0.831545
f 6025/18281/2972 6080/18336/2972 6079/18335/2972 6078/18334/2972 6077/18333/2972 6094/18350/2972 6093/18349/2972 6092/18348/2972 6096/18352/2972 6097/18353/2972 6098/18354/2972 6099/18355/2972 6100/18356/2972 6101/18357/2972 6102/18358/2972 6103/18359/2972 6104/18360/2972 6105/18361/2972 6106/18362/2972 6026/18282/2972 

usemtl Teddy_Dress
f 6091/18347/2958 6096/18352/2958 6092/18348/2958

f 5668/17924/2958 6032/18288/2958 6031/18287/2958

f 5668/17924/2958 6033/18289/2958 6032/18288/2958

f 5668/17924/2958 6034/18290/2958 6033/18289/2958

f 5668/17924/2958 6035/18291/2958 6034/18290/2958

f 5667/17923/2958 6035/18291/2958 5668/17924/2958

f 5667/17923/2958 6036/18292/2958 6035/18291/2958

f 5667/17923/2958 6037/18293/2958 6036/18292/2958

v -0.518763 1.08235 0.727023
vt 6.52246 42.6123
f 5667/17923/2958 6108/18364/2958 6037/18293/2958

v -0.525692 1.08119 0.731651
vt 6.85052 42.5665
f 5667/17923/2958 6109/18365/2958 6108/18364/2958

f 5666/17922/2958 6109/18365/2958 5667/17923/2958

v -0.531641 1.07731 0.735626
vt 7.13221 42.4138
f 5666/17922/2958 6110/18366/2958 6109/18365/2958

v -0.534405 1.07384 0.737471
vt 7.26305 42.277
f 5666/17922/2958 6111/18367/2958 6110/18366/2958

f 5665/17921/2958 6111/18367/2958 5666/17922/2958

v -0.537339 1.07057 0.739431
vt 7.40197 42.1485
f 5665/17921/2958 6112/18368/2958 6111/18367/2958

v -0.541094 1.06506 0.74194
vt 7.57975 41.9314
f 5665/17921/2958 6113/18369/2958 6112/18368/2958

v -0.54365 1.06136 0.743647
vt 7.70076 41.7859
f 5665/17921/2958 6114/18370/2958 6113/18369/2958

v -0.545711 1.05874 0.745024
vt 7.79834 41.6828
f 5665/17921/2958 6115/18371/2958 6114/18370/2958

f 5665/17921/2958 6045/18301/2958 6115/18371/2958

f 5665/17921/2958 6023/18279/2958 6045/18301/2958

usemtl Teddy_DressShadow
vn -0.555457 2.3386e-14 -0.831545
f 6037/18293/2973 6108/18364/2973 6109/18365/2973 6110/18366/2973 6111/18367/2973 6112/18368/2973 6113/18369/2973 6114/18370/2973 6115/18371/2973 6045/18301/2973 6044/18300/2973 6043/18299/2973 6042/18298/2973 6041/18297/2973 6040/18296/2973 6039/18295/2973 6038/18294/2973 

usemtl Teddy_Dress
f 6095/18351/2958 6071/18327/2958 6070/18326/2958

f 6095/18351/2958 6070/18326/2958 6069/18325/2958

f 6095/18351/2958 6069/18325/2958 6068/18324/2958

f 6095/18351/2958 6068/18324/2958 6067/18323/2958

f 6095/18351/2958 6067/18323/2958 6066/18322/2958

f 6095/18351/2958 6066/18322/2958 6065/18321/2958

f 6095/18351/2958 6065/18321/2958 6064/18320/2958

v -0.268655 1.15889 0.559956
vt -5.31904 45.6254
f 6095/18351/2958 6064/18320/2958 6116/18372/2958

f 6116/18372/2958 6064/18320/2958 6063/18319/2958

v -0.532581 1.17086 0.736253
vt 7.17672 46.0968
f 6063/18319/2958 6117/18373/2958 6116/18372/2958

f 6062/18318/2958 6117/18373/2958 6063/18319/2958

f 6061/18317/2958 6117/18373/2958 6062/18318/2958

f 6060/18316/2958 6117/18373/2958 6061/18317/2958

f 6117/18373/2958 6060/18316/2958 6059/18315/2958

v -0.270893 1.20938 0.561451
vt -5.21309 47.6135
f 6116/18372/2958 6117/18373/2958 6118/18374/2958

v -0.539101 1.21845 0.740609
vt 7.4854 47.9705
f 6118/18374/2958 6117/18373/2958 6119/18375/2958

v -0.268554 1.2431 0.559888
vt -5.32385 48.9408
f 6118/18374/2958 6119/18375/2958 6120/18376/2958

v -0.543926 1.22891 0.743831
vt 7.71384 48.3823
f 6120/18376/2958 6119/18375/2958 6121/18377/2958

usemtl FrontColor
vn -0.555457 6.9458e-12 -0.831545
v -0.541218 1.22264 0.742023
vt 7.58564 48.1353
v -0.543153 1.22695 0.743315
vt 7.67722 48.3051
f 6119/18375/2974 6122/18378/2974 6123/18379/2974 6121/18377/2974 

usemtl Teddy_Dress
v -0.544899 1.23138 0.744481
vt 7.7599 48.4794
f 6120/18376/2958 6121/18377/2958 6124/18380/2958

v -0.546452 1.23591 0.745519
vt 7.83344 48.6577
f 6120/18376/2958 6124/18380/2958 6125/18381/2958

v -0.547808 1.24053 0.746425
vt 7.89766 48.8396
f 6120/18376/2958 6125/18381/2958 6126/18382/2958

v -0.548964 1.24522 0.747197
vt 7.95238 49.0246
f 6120/18376/2958 6126/18382/2958 6127/18383/2958

v -0.276667 1.27763 0.565307
vt -4.93974 50.3004
f 6120/18376/2958 6127/18383/2958 6128/18384/2958

v -0.549916 1.24999 0.747833
vt 7.99745 49.2121
f 6128/18384/2958 6127/18383/2958 6129/18385/2958

v -0.550662 1.2548 0.748331
vt 8.03276 49.4018
f 6128/18384/2958 6129/18385/2958 6130/18386/2958

v -0.5512 1.25966 0.74869
vt 8.05821 49.593
f 6128/18384/2958 6130/18386/2958 6131/18387/2958

v -0.551527 1.26455 0.748909
vt 8.07373 49.7853
f 6128/18384/2958 6131/18387/2958 6132/18388/2958

v -0.551645 1.26944 0.748987
vt 8.07928 49.9781
f 6128/18384/2958 6132/18388/2958 6133/18389/2958

v -0.551551 1.27434 0.748925
vt 8.07485 50.1709
f 6128/18384/2958 6133/18389/2958 6134/18390/2958

v -0.552411 1.27893 0.749499
vt 8.11555 50.3516
f 6128/18384/2958 6134/18390/2958 6135/18391/2958

v -0.279137 1.30068 0.566957
vt -4.82278 51.2077
f 6128/18384/2958 6135/18391/2958 6136/18392/2958

v -0.554271 1.28886 0.750742
vt 8.20363 50.7426
f 6136/18392/2958 6135/18391/2958 6137/18393/2958

usemtl Teddy_DressShadow
vn -0.555457 2.14589e-13 -0.831545
v -0.57119 1.25184 0.762044
vt 9.00469 49.2849
v -0.56349 1.27378 0.7569
vt 8.64012 50.1487
v -0.559133 1.30255 0.75399
vt 8.43385 51.2815
f 6137/18393/2975 6135/18391/2975 6138/18394/2975 6139/18395/2975 6140/18396/2975 

usemtl Teddy_Dress
v -0.66289 1.25851 0.823297
vt 13.3463 49.5477
f 6138/18394/2958 6141/18397/2958 6139/18395/2958

v -0.58382 1.23793 0.77048
vt 9.60267 48.7375
f 6142/18398/2958 6141/18397/2958 6138/18394/2958

v -0.598567 1.22004 0.780331
vt 10.3009 48.033
f 6143/18399/2958 6141/18397/2958 6142/18398/2958

v -0.620964 1.20176 0.795291
vt 11.3613 47.3135
f 6143/18399/2958 6144/18400/2958 6141/18397/2958

v -0.610383 1.18928 0.788224
vt 10.8603 46.822
f 6144/18400/2958 6143/18399/2958 6145/18401/2958

v -0.679158 1.215 0.834164
vt 14.1165 47.8346
f 6145/18401/2958 6146/18402/2958 6144/18400/2958

v -0.611377 1.18174 0.788887
vt 10.9073 46.5251
f 6147/18403/2958 6146/18402/2958 6145/18401/2958

v -0.673759 1.17932 0.830558
vt 13.8609 46.4301
f 6147/18403/2958 6148/18404/2958 6146/18402/2958

v -0.61206 1.17655 0.789344
vt 10.9397 46.3208
f 6149/18405/2958 6148/18404/2958 6147/18403/2958

v -0.60533 1.16145 0.784848
vt 10.621 45.7266
f 6150/18406/2958 6148/18404/2958 6149/18405/2958

v -0.598987 1.14902 0.780611
vt 10.3207 45.2369
f 6151/18407/2958 6148/18404/2958 6150/18406/2958

v -0.595977 1.14251 0.778601
vt 10.1782 44.9809
f 6152/18408/2958 6148/18404/2958 6151/18407/2958

v -0.600501 1.1404 0.781622
vt 10.3924 44.8976
f 6153/18409/2958 6148/18404/2958 6152/18408/2958

v -0.606457 1.1401 0.785601
vt 10.6744 44.8857
f 6154/18410/2958 6148/18404/2958 6153/18409/2958

v -0.612442 1.13874 0.789599
vt 10.9578 44.8323
f 6155/18411/2958 6148/18404/2958 6154/18410/2958

v -0.657998 1.13651 0.82003
vt 13.1147 44.7445
f 6155/18411/2958 6156/18412/2958 6148/18404/2958

v -0.618202 1.13636 0.793447
vt 11.2305 44.7387
f 6157/18413/2958 6156/18412/2958 6155/18411/2958

v -0.623619 1.13302 0.797065
vt 11.487 44.607
f 6158/18414/2958 6156/18412/2958 6157/18413/2958

v -0.628581 1.12877 0.800379
vt 11.7219 44.4398
f 6159/18415/2958 6156/18412/2958 6158/18414/2958

v -0.632983 1.12371 0.80332
vt 11.9303 44.2405
f 6160/18416/2958 6156/18412/2958 6159/18415/2958

v -0.653534 1.12299 0.817048
vt 12.9033 44.2122
f 6160/18416/2958 6161/18417/2958 6156/18412/2958

v -0.636735 1.11794 0.805826
vt 12.108 44.0134
f 6162/18418/2958 6161/18417/2958 6160/18416/2958

v -0.637849 1.1156 0.806571
vt 12.1607 43.9212
f 6163/18419/2958 6161/18417/2958 6162/18418/2958

v -0.638964 1.11326 0.807315
vt 12.2135 43.829
f 6164/18420/2958 6161/18417/2958 6163/18419/2958

v -0.63976 1.11158 0.807847
vt 12.2511 43.7632
f 6165/18421/2958 6161/18417/2958 6164/18420/2958

v -0.641993 1.10477 0.809339
vt 12.3569 43.4949
f 6166/18422/2958 6161/18417/2958 6165/18421/2958

v -0.64339 1.09764 0.810272
vt 12.423 43.2143
f 6167/18423/2958 6161/18417/2958 6166/18422/2958

v -0.643921 1.09035 0.810626
vt 12.4482 42.927
f 6161/18417/2958 6167/18423/2958 6168/18424/2958

usemtl Teddy_DressShadow
v -0.631625 1.10634 0.802413
vt 11.866 43.5566
vn -0.555457 -1.2992e-14 -0.831545
v -0.626579 1.09933 0.799042
vt 11.6271 43.2808
v -0.638561 1.0896 0.807046
vt 12.1944 42.8978
f 6169/18425/2976 6170/18426/2976 6171/18427/2976 6168/18424/2976 6167/18423/2976 6166/18422/2976 6165/18421/2976 6164/18420/2976 6163/18419/2976 

usemtl Teddy_Skin_
vn -0.555457 5.08915e-15 -0.831545
v -0.593988 1.12602 0.777272
vt 10.084 44.3315
v -0.587061 1.11467 0.772645
vt 9.7561 43.8845
v -0.589206 1.11476 0.774078
vt 9.85766 43.8882
v -0.593555 1.11435 0.776983
vt 10.0635 43.8719
v -0.597835 1.11333 0.779842
vt 10.2662 43.8321
v -0.601991 1.11174 0.782618
vt 10.463 43.7694
v -0.605969 1.10959 0.785275
vt 10.6513 43.6845
v -0.609715 1.1069 0.787777
vt 10.8286 43.5787
v -0.61318 1.10371 0.790092
vt 10.9927 43.4532
v -0.616319 1.10007 0.792189
vt 11.1413 43.3098
v -0.619091 1.09602 0.79404
vt 11.2726 43.1504
v -0.620656 1.09311 0.795086
vt 11.3467 43.0357
f 6154/18410/2977 6153/18409/2977 6172/18428/2977 6173/18429/2977 6174/18430/2977 6175/18431/2977 6176/18432/2977 6177/18433/2977 6178/18434/2977 6179/18435/2977 6180/18436/2977 6181/18437/2977 6182/18438/2977 6183/18439/2977 6170/18426/2977 6169/18425/2977 6163/18419/2977 6162/18418/2977 6160/18416/2977 6159/18415/2977 6158/18414/2977 6157/18413/2977 6155/18411/2977 

usemtl Teddy_Bracelet
v -0.604839 1.07648 0.78452
vt 10.5978 42.3813
vn -0.555457 -5.74085e-16 -0.831545
v -0.606708 1.07466 0.785769
vt 10.6863 42.3094
v -0.612886 1.07509 0.789895
vt 10.9788 42.3264
v -0.617458 1.07737 0.79295
vt 11.1953 42.4163
v -0.619975 1.08066 0.794631
vt 11.3144 42.5456
v -0.621417 1.0846 0.795594
vt 11.3827 42.7007
v -0.622078 1.08876 0.796035
vt 11.414 42.8644
v -0.621459 1.09161 0.795622
vt 11.3847 42.9769
v -0.584847 1.11457 0.771166
vt 9.65127 43.8808
v -0.583363 1.11415 0.770175
vt 9.58101 43.8643
v -0.578911 1.1114 0.767201
vt 9.37023 43.756
v -0.576163 1.10885 0.765365
vt 9.24011 43.6556
v -0.568842 1.10083 0.760475
vt 8.89351 43.3399
v -0.566519 1.09692 0.758923
vt 8.78354 43.1857
v -0.567208 1.09459 0.759383
vt 8.81614 43.0942
v -0.568862 1.09238 0.760489
vt 8.89447 43.007
v -0.571213 1.09207 0.762059
vt 9.00576 42.9948
v -0.583015 1.08919 0.769942
vt 9.56454 42.8815
v -0.592577 1.08519 0.77633
vt 10.0173 42.7242
v -0.596427 1.08307 0.778901
vt 10.1995 42.6405
v -0.600277 1.08094 0.781473
vt 10.3818 42.5568
f 6184/18440/2978 6185/18441/2978 6186/18442/2978 6187/18443/2978 6188/18444/2978 6189/18445/2978 6190/18446/2978 6191/18447/2978 6183/18439/2978 6182/18438/2978 6181/18437/2978 6180/18436/2978 6179/18435/2978 6178/18434/2978 6177/18433/2978 6176/18432/2978 6175/18431/2978 6174/18430/2978 6173/18429/2978 6192/18448/2978 6193/18449/2978 6194/18450/2978 6195/18451/2978 6196/18452/2978 6197/18453/2978 6198/18454/2978 6199/18455/2978 6200/18456/2978 6201/18457/2978 6202/18458/2978 6203/18459/2978 6204/18460/2978 

usemtl Teddy_Skin_
v -0.564415 1.09201 0.757518
vt 8.6839 42.9924
vn -0.555457 -5.43733e-15 -0.831545
v -0.573631 1.05558 0.763674
vt 9.12026 41.5582
v -0.579323 1.05785 0.767476
vt 9.38976 41.6476
v -0.582162 1.05901 0.769373
vt 9.52417 41.6933
v -0.59702 1.06984 0.779297
vt 10.2276 42.1197
v -0.601137 1.07334 0.782048
vt 10.4226 42.2574
v -0.596529 1.07763 0.778969
vt 10.2044 42.4265
f 6205/18461/2979 6053/18309/2979 6052/18308/2979 6051/18307/2979 6050/18306/2979 6206/18462/2979 6207/18463/2979 6208/18464/2979 6209/18465/2979 6210/18466/2979 6211/18467/2979 6202/18458/2979 6201/18457/2979 6200/18456/2979 6199/18455/2979 

usemtl Teddy_BraceletShadow_
vn -0.555457 4.83803e-15 -0.831545
f 6204/18460/2980 6203/18459/2980 6202/18458/2980 6211/18467/2980 6210/18466/2980 6184/18440/2980 

usemtl Teddy_Dress
v -0.597343 1.14003 0.779513
vt 10.2429 44.8832
f 6152/18408/2958 6212/18468/2958 6153/18409/2958

v -0.650827 1.21151 0.815239
vt 12.7751 47.6971
f 6144/18400/2958 6146/18402/2958 6213/18469/2958

v -0.669145 1.21514 0.827476
vt 13.6424 47.8401
f 6213/18469/2958 6146/18402/2958 6214/18470/2958

usemtl Teddy_DressDepth
vn -0.555457 2.84277e-14 -0.831545
f 6146/18402/2981 6141/18397/2981 6144/18400/2981 6213/18469/2981 6214/18470/2981 

usemtl Teddy_Dress
v -0.612687 1.34064 0.789762
vt 10.9694 52.781
f 6139/18395/2958 6141/18397/2958 6215/18471/2958

f 6139/18395/2958 6215/18471/2958 6140/18396/2958

v -0.435073 1.33082 0.67112
vt 2.56015 52.3943
f 6140/18396/2958 6215/18471/2958 6216/18472/2958

v -0.436263 1.33122 0.671915
vt 2.61649 52.4103
f 6216/18472/2958 6215/18471/2958 6217/18473/2958

v -0.437218 1.3319 0.672553
vt 2.6617 52.4369
f 6217/18473/2958 6215/18471/2958 6218/18474/2958

v -0.438194 1.33303 0.673204
vt 2.70788 52.4814
f 6218/18474/2958 6215/18471/2958 6219/18475/2958

v -0.439753 1.3356 0.674246
vt 2.7817 52.5828
f 6219/18475/2958 6215/18471/2958 6220/18476/2958

v -0.45931 1.33935 0.68731
vt 3.70764 52.7303
f 6220/18476/2958 6215/18471/2958 6221/18477/2958

v -0.488467 1.34618 0.706786
vt 5.08811 52.9991
f 6221/18477/2958 6215/18471/2958 6222/18478/2958

v -0.611358 1.34281 0.788875
vt 10.9065 52.8666
f 6222/18478/2958 6215/18471/2958 6223/18479/2958

v -0.594113 1.37102 0.777355
vt 10.09 53.9773
f 6222/18478/2958 6223/18479/2958 6224/18480/2958

v -0.514755 1.35472 0.724346
vt 6.33272 53.3353
f 6222/18478/2958 6224/18480/2958 6225/18481/2958

v -0.540436 1.3656 0.7415
vt 7.54862 53.7638
f 6225/18481/2958 6224/18480/2958 6226/18482/2958

v -0.559647 1.37917 0.754333
vt 8.45817 54.298
f 6226/18482/2958 6224/18480/2958 6227/18483/2958

v -0.588389 1.38039 0.773532
vt 9.81898 54.3459
f 6227/18483/2958 6224/18480/2958 6228/18484/2958

v -0.573332 1.39195 0.763474
vt 9.1061 54.8013
f 6227/18483/2958 6228/18484/2958 6229/18485/2958

v -0.582666 1.38975 0.769709
vt 9.54799 54.7145
f 6229/18485/2958 6228/18484/2958 6230/18486/2958

v -0.581102 1.39178 0.768664
vt 9.47396 54.7947
f 6229/18485/2958 6230/18486/2958 6231/18487/2958

v -0.576265 1.39808 0.765433
vt 9.24496 55.0425
f 6229/18485/2958 6231/18487/2958 6232/18488/2958

usemtl Teddy_DressDepth
v -0.446924 1.41181 0.679036
vt 3.12124 55.5831
vn -0.555457 -1.39788e-14 -0.831545
v -0.446782 1.41036 0.678941
vt 3.11448 55.5258
v -0.446639 1.4089 0.678846
vt 3.10773 55.4685
v -0.445061 1.40419 0.677792
vt 3.03303 55.2832
v -0.443911 1.4034 0.677023
vt 2.97856 55.2522
v -0.44303 1.40355 0.676435
vt 2.93685 55.2578
v -0.442537 1.40142 0.676106
vt 2.91351 55.1739
v -0.442345 1.39941 0.675977
vt 2.90442 55.0949
v -0.442617 1.39044 0.676159
vt 2.91729 54.7417
v -0.443492 1.35187 0.676744
vt 2.95874 53.2231
v -0.443489 1.35035 0.676741
vt 2.95856 53.1634
v -0.443407 1.34844 0.676686
vt 2.95468 53.0884
v -0.442981 1.34506 0.676402
vt 2.93455 52.9551
v -0.442223 1.34176 0.675896
vt 2.89862 52.8252
v -0.441141 1.33859 0.675173
vt 2.84743 52.7005
v -0.552386 1.42916 0.749483
vt 8.1144 56.2662
v -0.54522 1.43431 0.744696
vt 7.7751 56.4688
v -0.542983 1.43592 0.743201
vt 7.66918 56.5321
v -0.536005 1.44093 0.738541
vt 7.33882 56.7294
v -0.522162 1.44477 0.729294
vt 6.68341 56.8808
v -0.519612 1.44548 0.72759
vt 6.56265 56.9087
v -0.508137 1.43629 0.719925
vt 6.0194 56.547
v -0.502322 1.43058 0.716041
vt 5.74405 56.3221
v -0.496042 1.42563 0.711846
vt 5.44675 56.1271
v -0.489368 1.42149 0.707387
vt 5.13073 55.9642
v -0.48237 1.41821 0.702713
vt 4.79945 55.8351
v -0.475127 1.41583 0.697875
vt 4.4565 55.7413
v -0.467716 1.41437 0.692925
vt 4.10565 55.6837
v -0.460219 1.41384 0.687917
vt 3.7507 55.6631
v -0.452718 1.41426 0.682906
vt 3.39553 55.6795
v -0.450581 1.41427 0.681478
vt 3.29434 55.68
v -0.449251 1.41389 0.68059
vt 3.23139 55.6649
v -0.44805 1.4131 0.679788
vt 3.17453 55.6339
f 6233/18489/2982 6234/18490/2982 6235/18491/2982 6236/18492/2982 6237/18493/2982 6238/18494/2982 6239/18495/2982 6240/18496/2982 6241/18497/2982 6242/18498/2982 6243/18499/2982 6244/18500/2982 6245/18501/2982 6246/18502/2982 6247/18503/2982 6220/18476/2982 6221/18477/2982 6222/18478/2982 6225/18481/2982 6226/18482/2982 6227/18483/2982 6229/18485/2982 6232/18488/2982 6248/18504/2982 6249/18505/2982 6250/18506/2982 6251/18507/2982 6252/18508/2982 6253/18509/2982 6254/18510/2982 6255/18511/2982 6256/18512/2982 6257/18513/2982 6258/18514/2982 6259/18515/2982 6260/18516/2982 6261/18517/2982 6262/18518/2982 6263/18519/2982 6264/18520/2982 6265/18521/2982 

usemtl Teddy_Bracelet
v -0.414828 1.40897 0.657597
vt 1.60162 55.4714
vn -0.555457 -1.17372e-13 -0.831545
v -0.414931 1.40792 0.657665
vt 1.60648 55.4298
v -0.416434 1.40686 0.658669
vt 1.67763 55.3883
v -0.417292 1.4068 0.659242
vt 1.71828 55.3858
v -0.422861 1.40638 0.662963
vt 1.98196 55.3692
v -0.430773 1.40545 0.668247
vt 2.35653 55.3327
v -0.438659 1.40426 0.673515
vt 2.72993 55.2858
v -0.444143 1.41252 0.677178
vt 2.98955 55.6111
v -0.437901 1.41372 0.673009
vt 2.69402 55.6582
v -0.424727 1.41539 0.664209
vt 2.07027 55.7242
v -0.417128 1.41504 0.659133
vt 1.71052 55.7102
v -0.415549 1.41463 0.658078
vt 1.63576 55.694
v -0.415065 1.41278 0.657755
vt 1.61283 55.6212
v -0.414769 1.41016 0.657557
vt 1.59881 55.518
f 6266/18522/2983 6267/18523/2983 6268/18524/2983 6269/18525/2983 6270/18526/2983 6271/18527/2983 6272/18528/2983 6238/18494/2983 6237/18493/2983 6236/18492/2983 6235/18491/2983 6234/18490/2983 6233/18489/2983 6273/18529/2983 6274/18530/2983 6275/18531/2983 6276/18532/2983 6277/18533/2983 6278/18534/2983 6279/18535/2983 

usemtl Teddy_DressDepth
vn -0.555457 1.46795e-14 -0.831545
v -0.414389 1.4162 0.657303
vt 1.58083 55.7558
v -0.413264 1.41732 0.656552
vt 1.52755 55.7999
v -0.412008 1.41821 0.655713
vt 1.46809 55.8352
v -0.410652 1.41887 0.654807
vt 1.40389 55.8609
v -0.404727 1.42109 0.650849
vt 1.12338 55.9485
v -0.398096 1.42381 0.64642
vt 0.809424 56.0556
v -0.391593 1.42695 0.642076
vt 0.501513 56.1791
v -0.385235 1.43049 0.637829
vt 0.200495 56.3186
v -0.37904 1.43443 0.633691
vt -0.0928015 56.4736
v -0.373025 1.43875 0.629673
vt -0.377571 56.6438
v -0.372287 1.43935 0.62918
vt -0.412506 56.6672
v -0.367207 1.44345 0.625787
vt -0.653032 56.8287
v -0.361602 1.4485 0.622042
vt -0.918426 57.0277
v -0.356224 1.45391 0.61845
vt -1.17302 57.2404
v -0.352223 1.45753 0.615778
vt -1.36245 57.3832
v -0.331169 1.4717 0.601714
vt -2.35927 57.941
v -0.324488 1.47527 0.597251
vt -2.67559 58.0817
v -0.305573 1.47754 0.584616
vt -3.57113 58.1709
v -0.291667 1.47832 0.575327
vt -4.22951 58.2017
v -0.278429 1.47442 0.566485
vt -4.85629 58.0481
v -0.265191 1.47052 0.557642
vt -5.48307 57.8944
v -0.249681 1.45634 0.547282
vt -6.21738 57.3362
v -0.23391 1.42775 0.536746
vt -6.9641 56.2106
v -0.257476 1.40363 0.552488
vt -5.84833 55.2612
v -0.286656 1.38115 0.57198
vt -4.46679 54.376
v -0.31657 1.36323 0.591962
vt -3.05049 53.6706
v -0.359737 1.34485 0.620797
vt -1.00669 52.9467
v -0.392382 1.33625 0.642603
vt 0.538888 52.6082
v -0.422033 1.33409 0.662409
vt 1.94273 52.5232
v -0.431522 1.33439 0.668748
vt 2.39201 52.5351
v -0.418125 1.36867 0.659799
vt 1.75769 53.8845
f 6268/18524/2984 6267/18523/2984 6266/18522/2984 6279/18535/2984 6278/18534/2984 6277/18533/2984 6280/18536/2984 6281/18537/2984 6282/18538/2984 6283/18539/2984 6284/18540/2984 6285/18541/2984 6286/18542/2984 6287/18543/2984 6288/18544/2984 6289/18545/2984 6290/18546/2984 6291/18547/2984 6292/18548/2984 6293/18549/2984 6294/18550/2984 6295/18551/2984 6296/18552/2984 6297/18553/2984 6298/18554/2984 6299/18555/2984 6300/18556/2984 6301/18557/2984 6302/18558/2984 6303/18559/2984 6304/18560/2984 6305/18561/2984 6306/18562/2984 6307/18563/2984 6308/18564/2984 6309/18565/2984 6310/18566/2984 6269/18525/2984 

usemtl Teddy_Skin_
v -0.363069 1.45624 0.623023
vt -0.848941 57.3322
vn -0.555457 2.03204e-14 -0.831545
v -0.486389 1.42822 0.705398
vt 4.98971 56.229
v -0.480184 1.425 0.701253
vt 4.69592 56.1025
v -0.473612 1.42312 0.696863
vt 4.38477 56.0284
v -0.466869 1.42263 0.692359
vt 4.06551 56.009
v -0.460155 1.42354 0.687874
vt 3.74766 56.0447
v -0.453672 1.42582 0.683543
vt 3.44069 56.1346
v -0.447611 1.42941 0.679495
vt 3.15374 56.2759
v -0.442154 1.4342 0.67585
vt 2.89537 56.4644
v -0.439782 1.43715 0.674265
vt 2.78308 56.5808
v -0.438906 1.43811 0.67368
vt 2.74159 56.6185
v -0.437463 1.44004 0.672716
vt 2.67327 56.6946
v -0.43619 1.44214 0.671866
vt 2.61299 56.7772
v -0.435099 1.44438 0.671137
vt 2.56136 56.8654
v -0.434202 1.44674 0.670538
vt 2.5189 56.9584
v -0.433509 1.4492 0.670075
vt 2.48605 57.0552
v -0.433025 1.45173 0.669752
vt 2.46316 57.1549
v -0.432756 1.45431 0.669572
vt 2.45044 57.2563
v -0.432717 1.45749 0.669546
vt 2.44856 57.3813
v -0.432743 1.459 0.669563
vt 2.44982 57.4409
v -0.43294 1.46142 0.669695
vt 2.45912 57.5361
v -0.433289 1.46381 0.669928
vt 2.47567 57.6303
v -0.433789 1.46616 0.670262
vt 2.49935 57.723
v -0.434438 1.46846 0.670695
vt 2.53004 57.8135
v -0.43523 1.4707 0.671224
vt 2.56754 57.9015
v -0.436161 1.47285 0.671847
vt 2.61165 57.9864
v -0.437171 1.47499 0.672521
vt 2.65945 58.0703
v -0.442142 1.48549 0.675842
vt 2.89482 58.4837
v -0.44334 1.48816 0.676642
vt 2.95152 58.5891
v -0.444429 1.49091 0.677369
vt 3.00309 58.6971
v -0.445407 1.49371 0.678023
vt 3.04941 58.8075
v -0.446273 1.49657 0.678601
vt 3.09038 58.9199
v -0.447023 1.49947 0.679102
vt 3.12591 59.0342
v -0.447657 1.50241 0.679525
vt 3.15591 59.15
v -0.448172 1.50539 0.67987
vt 3.18031 59.2672
v -0.448568 1.50839 0.680134
vt 3.19905 59.3854
v -0.44874 1.50993 0.680249
vt 3.20717 59.446
v -0.444118 1.5063 0.677161
vt 2.98835 59.3033
v -0.436449 1.50357 0.672039
vt 2.62528 59.1956
v -0.432279 1.50291 0.669253
vt 2.42783 59.1698
v -0.428087 1.5025 0.666453
vt 2.22938 59.1534
v -0.423884 1.50232 0.663646
vt 2.03037 59.1465
v -0.419678 1.50239 0.660836
vt 1.83126 59.149
v -0.41548 1.50269 0.658032
vt 1.63249 59.1611
v -0.411299 1.50324 0.655239
vt 1.43452 59.1825
v -0.407144 1.50402 0.652464
vt 1.2378 59.2133
vn -0.555457 3.60524e-14 -0.831545
v -0.405816 1.50445 0.651576
vt 1.17492 59.2304
v -0.404509 1.50497 0.650703
vt 1.11304 59.2508
v -0.403226 1.50557 0.649847
vt 1.05232 59.2744
v -0.401972 1.50625 0.649009
vt 0.992936 59.3012
v -0.400749 1.50701 0.648192
vt 0.93505 59.3312
v -0.399562 1.50785 0.647399
vt 0.878827 59.3641
v -0.398413 1.50876 0.646631
vt 0.824422 59.3999
v -0.397305 1.50974 0.645892
vt 0.771989 59.4386
v -0.396243 1.51079 0.645182
vt 0.721672 59.48
v -0.395228 1.51191 0.644504
vt 0.673614 59.524
v -0.394263 1.51309 0.643859
vt 0.627948 59.5705
v -0.393352 1.51433 0.643251
vt 0.584803 59.6193
v -0.384605 1.52511 0.637408
vt 0.170681 60.0437
v -0.374251 1.53499 0.630492
vt -0.319545 60.4327
v -0.37318 1.53635 0.629776
vt -0.370237 60.4862
v -0.372624 1.53721 0.629405
vt -0.39655 60.52
v -0.372118 1.53811 0.629067
vt -0.420536 60.5554
v -0.371663 1.53905 0.628763
vt -0.442085 60.5924
v -0.371261 1.54002 0.628495
vt -0.461101 60.6307
v -0.370915 1.54102 0.628263
vt -0.477498 60.6702
v -0.370625 1.54205 0.62807
vt -0.491201 60.7107
v -0.369361 1.5471 0.627225
vt -0.551051 60.9096
v -0.369007 1.54473 0.626989
vt -0.567838 60.8163
v -0.368528 1.54083 0.626669
vt -0.5905 60.6627
v -0.368254 1.5369 0.626486
vt -0.603468 60.508
v -0.368186 1.53296 0.62644
vt -0.606693 60.3528
v -0.368324 1.52902 0.626533
vt -0.600161 60.1977
v -0.368667 1.5251 0.626762
vt -0.583897 60.0433
v -0.369215 1.52121 0.627128
vt -0.557967 59.8903
v -0.369965 1.51738 0.627629
vt -0.522472 59.7392
v -0.370913 1.5136 0.628262
vt -0.477553 59.5906
v -0.373724 1.50357 0.63014
vt -0.344497 59.1957
v -0.374429 1.50086 0.630611
vt -0.311121 59.0891
v -0.375035 1.49812 0.631016
vt -0.282408 58.9811
v -0.375542 1.49535 0.631354
vt -0.258411 58.8719
v -0.375948 1.49255 0.631626
vt -0.239175 58.7618
v -0.376253 1.48974 0.631829
vt -0.224736 58.651
v -0.376456 1.48691 0.631965
vt -0.215123 58.5397
v -0.376557 1.48407 0.632032
vt -0.210352 58.428
v -0.376555 1.48123 0.632031
vt -0.210434 58.3163
v -0.376493 1.47889 0.631989
vt -0.213402 58.2239
v -0.376297 1.47655 0.631858
vt -0.222677 58.1319
v -0.375969 1.47424 0.631639
vt -0.238215 58.0408
v -0.37551 1.47195 0.631333
vt -0.259944 57.951
v -0.374922 1.46972 0.63094
vt -0.287761 57.8628
v -0.374209 1.46753 0.630464
vt -0.321538 57.7768
v -0.373373 1.46541 0.629905
vt -0.361116 57.6932
v -0.372532 1.4637 0.629343
vt -0.400932 57.6258
v -0.371535 1.46211 0.628677
vt -0.448148 57.5634
v -0.370394 1.46067 0.627915
vt -0.502155 57.5067
v -0.369125 1.4594 0.627067
vt -0.562251 57.4565
v -0.367743 1.4583 0.626145
vt -0.627658 57.4135
v -0.366267 1.45741 0.625159
vt -0.69753 57.3782
v -0.364247 1.45661 0.62381
vt -0.793165 57.3468
f 6311/18567/2985 6293/18549/2985 6292/18548/2985 6291/18547/2985 6290/18546/2985 6289/18545/2985 6288/18544/2985 6287/18543/2985 6286/18542/2985 6285/18541/2985 6284/18540/2985 6283/18539/2985 6282/18538/2985 6281/18537/2985 6280/18536/2985 6277/18533/2985 6276/18532/2985 6275/18531/2985 6274/18530/2985 6273/18529/2985 6233/18489/2985 6265/18521/2985 6264/18520/2985 6263/18519/2985 6262/18518/2985 6261/18517/2985 6260/18516/2985 6259/18515/2985 6258/18514/2985 6257/18513/2985 6256/18512/2985 6255/18511/2985 6254/18510/2985 6312/18568/2985 6313/18569/2985 6314/18570/2985 6315/18571/2985 6316/18572/2985 6317/18573/2985 6318/18574/2985 6319/18575/2985 6320/18576/2985 6321/18577/2985 6322/18578/2985 6323/18579/2985 6324/18580/2985 6325/18581/2985 6326/18582/2985 6327/18583/2985 6328/18584/2985 6329/18585/2985 6330/18586/2985 6331/18587/2985 6332/18588/2985 6333/18589/2985 6334/18590/2985 6335/18591/2985 6336/18592/2985 6337/18593/2985 6338/18594/2985 6339/18595/2985 6340/18596/2985 6341/18597/2985 6342/18598/2985 6343/18599/2985 6344/18600/2985 6345/18601/2985 6346/18602/2985 6347/18603/2985 6348/18604/2985 6349/18605/2985 6350/18606/2985 6351/18607/2985 6352/18608/2985 6353/18609/2985 6354/18610/2985 6355/18611/2985 6356/18612/2986 6357/18613/2986 6358/18614/2986 6359/18615/2986 6360/18616/2986 6361/18617/2986 6362/18618/2986 6363/18619/2986 6364/18620/2986 6365/18621/2986 6366/18622/2986 6367/18623/2986 6368/18624/2986 6369/18625/2985 6370/18626/2985 6371/18627/2986 6372/18628/2986 6373/18629/2986 6374/18630/2986 6375/18631/2986 6376/18632/2986 6377/18633/2986 6378/18634/2985 6379/18635/2985 6380/18636/2985 6381/18637/2985 6382/18638/2985 6383/18639/2985 6384/18640/2985 6385/18641/2985 6386/18642/2985 6387/18643/2985 6388/18644/2985 6389/18645/2985 6390/18646/2985 6391/18647/2985 6392/18648/2985 6393/18649/2985 6394/18650/2985 6395/18651/2985 6396/18652/2985 6397/18653/2985 6398/18654/2985 6399/18655/2985 6400/18656/2985 6401/18657/2985 6402/18658/2985 6403/18659/2985 6404/18660/2985 6405/18661/2985 6406/18662/2985 6407/18663/2985 6408/18664/2985 6409/18665/2985 6410/18666/2985 

usemtl Teddy_Hair
vn -0.555457 -2.02591e-14 -0.831545
v -0.369711 1.54913 0.627459
vt -0.534464 60.9892
v -0.368392 1.55151 0.626578
vt -0.596957 61.083
v -0.367203 1.55449 0.625784
vt -0.653213 61.2003
v -0.3657 1.55869 0.62478
vt -0.724371 61.3658
v -0.364122 1.56395 0.623726
vt -0.799082 61.5729
v -0.362809 1.56931 0.622848
vt -0.861286 61.784
v -0.361764 1.57476 0.62215
vt -0.910762 61.9985
v -0.360991 1.58028 0.621634
vt -0.947333 62.2156
v -0.360494 1.58584 0.621302
vt -0.970869 62.4345
v -0.360274 1.59142 0.621155
vt -0.981285 62.6544
v -0.360332 1.59701 0.621194
vt -0.978544 62.8745
v -0.360667 1.60259 0.621418
vt -0.962656 63.0941
v -0.36128 1.60813 0.621827
vt -0.933678 63.3123
v -0.362166 1.61362 0.622419
vt -0.891712 63.5284
v -0.362461 1.6216 0.622616
vt -0.877734 63.8427
v -0.346822 1.59957 0.61217
vt -1.61818 62.9752
v -0.345711 1.56983 0.611428
vt -1.67077 61.8044
v -0.345695 1.55048 0.611417
vt -1.67155 61.0426
v -0.350731 1.51679 0.614781
vt -1.43309 59.716
v -0.339442 1.49681 0.60724
vt -1.96761 58.9296
v -0.319936 1.48797 0.594211
vt -2.8911 58.5815
vn -0.555457 -1.18979e-14 -0.831545
f 6410/18666/2987 6409/18665/2987 6408/18664/2987 6407/18663/2987 6406/18662/2987 6405/18661/2987 6404/18660/2987 6403/18659/2987 6402/18658/2987 6401/18657/2987 6400/18656/2987 6399/18655/2987 6398/18654/2987 6397/18653/2987 6396/18652/2987 6395/18651/2987 6394/18650/2987 6393/18649/2987 6392/18648/2987 6391/18647/2987 6390/18646/2987 6389/18645/2987 6388/18644/2987 6387/18643/2987 6386/18642/2987 6385/18641/2987 6384/18640/2987 6383/18639/2987 6382/18638/2987 6381/18637/2987 6380/18636/2987 6379/18635/2987 6378/18634/2987 6411/18667/2987 6412/18668/2987 6413/18669/2987 6414/18670/2987 6415/18671/2987 6416/18672/2987 6417/18673/2987 6418/18674/2987 6419/18675/2987 6420/18676/2987 6421/18677/2987 6422/18678/2987 6423/18679/2987 6424/18680/2987 6425/18681/2987 6426/18682/2987 6427/18683/2987 6428/18684/2987 6429/18685/2987 6430/18686/2987 6431/18687/2988 6297/18553/2988 6296/18552/2987 6295/18551/2987 6294/18550/2987 6293/18549/2987 6311/18567/2987 

usemtl Teddy_SkinShadow_
vn -0.555457 5.17843e-14 -0.831545
v -0.449659 1.51502 0.680863
vt 3.2507 59.6466
v -0.450047 1.51717 0.681122
vt 3.26909 59.7313
v -0.447334 1.51446 0.67931
vt 3.14062 59.6245
v -0.442535 1.51156 0.676104
vt 2.91342 59.5104
v -0.437315 1.51005 0.672618
vt 2.66629 59.4508
v -0.433105 1.50915 0.669805
vt 2.46695 59.4152
v -0.424558 1.50875 0.664096
vt 2.06228 59.3994
v -0.416046 1.50976 0.65841
vt 1.65929 59.4394
v -0.414316 1.51002 0.657255
vt 1.57738 59.4495
v -0.412602 1.5104 0.656109
vt 1.49621 59.4644
v -0.410909 1.5109 0.654979
vt 1.41606 59.4841
v -0.409244 1.51151 0.653866
vt 1.33722 59.5084
v -0.407612 1.51225 0.652776
vt 1.25996 59.5374
v -0.406019 1.5131 0.651712
vt 1.18455 59.571
v -0.404471 1.51407 0.650678
vt 1.11125 59.6089
v -0.402973 1.51514 0.649677
vt 1.04032 59.651
v -0.40153 1.51631 0.648714
vt 0.972005 59.6973
v -0.400148 1.51759 0.64779
vt 0.906552 59.7476
v -0.392482 1.52513 0.64267
vt 0.543617 60.0443
v -0.386793 1.53087 0.63887
vt 0.274284 60.2704
v -0.38003 1.53738 0.634352
vt -0.0459141 60.5268
v -0.373277 1.54391 0.629841
vt -0.36566 60.7837
f 6350/18606/2989 6349/18605/2989 6348/18604/2989 6347/18603/2989 6432/18688/2989 6433/18689/2989 6434/18690/2989 6435/18691/2989 6436/18692/2989 6437/18693/2989 6438/18694/2989 6439/18695/2989 6440/18696/2989 6441/18697/2989 6442/18698/2989 6443/18699/2989 6444/18700/2989 6445/18701/2989 6446/18702/2989 6447/18703/2989 6448/18704/2989 6449/18705/2989 6450/18706/2989 6451/18707/2989 6452/18708/2989 6453/18709/2989 6411/18667/2989 6378/18634/2989 6377/18633/2986 6376/18632/2986 6375/18631/2986 6374/18630/2986 6373/18629/2986 6372/18628/2986 6371/18627/2986 6370/18626/2989 6369/18625/2989 6368/18624/2986 6367/18623/2986 6366/18622/2986 6365/18621/2986 6364/18620/2986 6363/18619/2986 6362/18618/2986 6361/18617/2986 6360/18616/2986 6359/18615/2986 6358/18614/2986 6357/18613/2986 6356/18612/2986 6355/18611/2989 6354/18610/2989 6353/18609/2989 6352/18608/2989 6351/18607/2989 

usemtl Teddy_Hair
v -0.51934 1.45573 0.727408
vt 6.5498 57.3122
vn -0.555457 2.14059e-14 -0.831545
v -0.504312 1.48459 0.71737
vt 5.83827 58.4486
v -0.500993 1.49447 0.715153
vt 5.68114 58.8375
v -0.49963 1.50012 0.714242
vt 5.6166 59.0597
v -0.499979 1.50327 0.714476
vt 5.63313 59.184
v -0.502348 1.50901 0.716058
vt 5.74531 59.4099
v -0.508513 1.52146 0.720177
vt 6.03721 59.9001
v -0.512371 1.52925 0.722753
vt 6.21982 60.2069
v -0.513436 1.53141 0.723464
vt 6.27025 60.2916
v -0.515184 1.53494 0.724632
vt 6.35303 60.4306
v -0.520941 1.55608 0.728478
vt 6.62561 61.2631
v -0.521862 1.58203 0.729093
vt 6.6692 62.2848
v -0.51799 1.59909 0.726507
vt 6.48587 62.9563
v -0.509661 1.61572 0.720943
vt 6.09153 63.6109
v -0.496543 1.64191 0.71218
vt 5.47045 64.642
v -0.495396 1.6442 0.711414
vt 5.41616 64.7322
v -0.492995 1.60282 0.70981
vt 5.30247 63.103
v -0.476881 1.57741 0.699047
vt 4.53955 62.1028
v -0.478824 1.54615 0.700344
vt 4.63153 60.8719
v -0.486503 1.52641 0.705474
vt 4.99511 60.095
v -0.489664 1.52407 0.707585
vt 5.14477 60.0028
v -0.494568 1.50564 0.710862
vt 5.37698 59.2772
v -0.494568 1.49993 0.710862
vt 5.37698 59.0525
v -0.486971 1.48635 0.705787
vt 5.01727 58.5176
v -0.477893 1.47858 0.699723
vt 4.58748 58.212
v -0.470667 1.48672 0.694896
vt 4.24537 58.5325
v -0.467279 1.50564 0.692633
vt 4.08495 59.2772
v -0.467279 1.52499 0.692633
vt 4.08495 60.039
v -0.466067 1.55314 0.691823
vt 4.02755 61.1471
v -0.465668 1.55175 0.691556
vt 4.00865 61.0925
v -0.464612 1.54833 0.690851
vt 3.95865 60.9579
v -0.463492 1.54494 0.690103
vt 3.90565 60.8244
v -0.46231 1.54158 0.689314
vt 3.84968 60.6921
v -0.461066 1.53825 0.688482
vt 3.79077 60.5611
v -0.45976 1.53496 0.68761
vt 3.72894 60.4315
v -0.458393 1.5317 0.686697
vt 3.66423 60.3033
v -0.456966 1.52848 0.685744
vt 3.59666 60.1766
v -0.455479 1.5253 0.684751
vt 3.52628 60.0514
v -0.454707 1.52374 0.684235
vt 3.4897 59.9896
v -0.451463 1.51859 0.682068
vt 3.3361 59.787
v -0.519612 1.44683 0.72759
vt 6.56265 56.962
v -0.520353 1.4505 0.728085
vt 6.59775 57.1064
f 6454/18710/2990 6455/18711/2990 6456/18712/2990 6457/18713/2990 6458/18714/2990 6459/18715/2990 6460/18716/2990 6461/18717/2990 6462/18718/2990 6463/18719/2990 6464/18720/2990 6465/18721/2990 6466/18722/2990 6467/18723/2990 6468/18724/2990 6469/18725/2990 6470/18726/2990 6471/18727/2990 6472/18728/2990 6473/18729/2990 6474/18730/2990 6475/18731/2990 6476/18732/2990 6477/18733/2990 6478/18734/2990 6479/18735/2990 6480/18736/2990 6481/18737/2990 6482/18738/2990 6483/18739/2990 6484/18740/2990 6485/18741/2990 6486/18742/2990 6487/18743/2990 6488/18744/2990 6489/18745/2990 6490/18746/2990 6491/18747/2990 6492/18748/2990 6493/18749/2990 6433/18689/2990 6432/18688/2990 6347/18603/2990 6346/18602/2990 6345/18601/2990 6344/18600/2990 6343/18599/2990 6342/18598/2990 6341/18597/2990 6340/18596/2990 6339/18595/2990 6338/18594/2990 6337/18593/2990 6336/18592/2990 6335/18591/2990 6334/18590/2990 6333/18589/2990 6332/18588/2990 6331/18587/2990 6330/18586/2990 6329/18585/2990 6328/18584/2990 6327/18583/2990 6326/18582/2990 6325/18581/2990 6324/18580/2990 6323/18579/2990 6322/18578/2990 6321/18577/2990 6320/18576/2990 6319/18575/2990 6318/18574/2990 6317/18573/2990 6316/18572/2990 6315/18571/2990 6314/18570/2990 6313/18569/2990 6312/18568/2990 6254/18510/2990 6253/18509/2990 6494/18750/2990 6495/18751/2990 

usemtl Teddy_Brim
v -0.559946 1.62426 0.754533
vt 8.47234 63.9473
vn -0.555457 6.30015e-15 -0.831545
v -0.559069 1.6355 0.753947
vt 8.43081 64.3899
v -0.542675 1.64257 0.742996
vt 7.65463 64.6681
v -0.521731 1.64499 0.729005
vt 6.66298 64.7633
v -0.493062 1.64886 0.709855
vt 5.30564 64.9156
v -0.512822 1.52459 0.723055
vt 6.24121 60.0232
v -0.517975 1.52853 0.726497
vt 6.48519 60.1782
v -0.522973 1.53274 0.729835
vt 6.72179 60.3442
v -0.527803 1.53723 0.733062
vt 6.95051 60.5209
v -0.532458 1.54198 0.736171
vt 7.17086 60.7079
v -0.536925 1.54698 0.739155
vt 7.38237 60.9049
v -0.541196 1.55223 0.742008
vt 7.58461 61.1114
v -0.548578 1.56531 0.746939
vt 7.93408 61.6263
v -0.550292 1.5696 0.748084
vt 8.01526 61.7952
v -0.554045 1.57995 0.750591
vt 8.19293 62.2027
v -0.556911 1.5907 0.752505
vt 8.32863 62.626
v -0.558862 1.60175 0.753808
vt 8.42099 63.0608
v -0.559877 1.61297 0.754486
vt 8.46905 63.5028
f 6496/18752/2991 6497/18753/2991 6498/18754/2991 6499/18755/2991 6500/18756/2991 6469/18725/2991 6468/18724/2991 6467/18723/2991 6466/18722/2991 6465/18721/2991 6464/18720/2991 6463/18719/2991 6462/18718/2991 6461/18717/2991 6460/18716/2991 6501/18757/2991 6502/18758/2991 6503/18759/2991 6504/18760/2991 6505/18761/2991 6506/18762/2991 6507/18763/2991 6508/18764/2991 6509/18765/2991 6510/18766/2991 6511/18767/2991 6512/18768/2991 6513/18769/2991 

usemtl Teddy_Brim2
v -0.557975 1.64317 0.753216
vt 8.37898 64.6916
vn -0.555457 -1.33163e-13 -0.831545
v -0.557485 1.64454 0.752888
vt 8.35578 64.7456
v -0.556856 1.64582 0.752469
vt 8.32603 64.7962
v -0.554668 1.64972 0.751007
vt 8.22244 64.9498
v -0.550292 1.65752 0.748084
vt 8.01526 65.2568
v -0.549389 1.65899 0.747481
vt 7.9725 65.3147
v -0.548376 1.66036 0.746804
vt 7.92453 65.3684
v -0.547262 1.6616 0.74606
vt 7.87176 65.4174
v -0.546055 1.66271 0.745254
vt 7.81466 65.4612
v -0.544768 1.66369 0.744394
vt 7.75371 65.4995
v -0.543411 1.66451 0.743488
vt 7.68946 65.532
v -0.539169 1.6668 0.740654
vt 7.48862 65.6219
v -0.534182 1.66984 0.737322
vt 7.25249 65.7418
v -0.530865 1.67213 0.735107
vt 7.09544 65.8318
v -0.515466 1.66799 0.724821
vt 6.36641 65.6688
v -0.477173 1.67089 0.699242
vt 4.5534 65.7831
v -0.487097 1.65817 0.705871
vt 5.02324 65.2823
v -0.490728 1.65352 0.708296
vt 5.19513 65.0991
v -0.558514 1.64011 0.753576
vt 8.40453 64.5711
v -0.558318 1.64173 0.753445
vt 8.39526 64.6351
f 6514/18770/2992 6515/18771/2992 6516/18772/2992 6517/18773/2992 6518/18774/2992 6519/18775/2992 6520/18776/2992 6521/18777/2992 6522/18778/2992 6523/18779/2992 6524/18780/2992 6525/18781/2992 6526/18782/2992 6527/18783/2992 6528/18784/2992 6529/18785/2992 6530/18786/2992 6531/18787/2992 6500/18756/2992 6499/18755/2992 6498/18754/2992 6497/18753/2992 6532/18788/2992 6533/18789/2992 

usemtl Teddy_Brim
vn -0.555457 -7.74815e-14 -0.831545
v -0.525713 1.67599 0.731666
vt 6.85154 65.9839
v -0.523075 1.67797 0.729904
vt 6.72666 66.0618
v -0.515541 1.68452 0.724871
vt 6.36994 66.3197
v -0.508396 1.69167 0.720098
vt 6.03163 66.6012
v -0.501672 1.69939 0.715607
vt 5.71331 66.9052
v -0.497588 1.70401 0.712879
vt 5.51994 67.0869
v -0.493195 1.70819 0.709944
vt 5.31194 67.2517
v -0.488524 1.71192 0.706824
vt 5.09078 67.3983
v -0.483938 1.69917 0.70376
vt 4.87365 66.8963
v -0.462362 1.68173 0.689348
vt 3.85214 66.21
v -0.473835 1.67517 0.697012
vt 4.39532 65.9516
f 6527/18783/2993 6534/18790/2993 6535/18791/2993 6536/18792/2993 6537/18793/2993 6538/18794/2993 6539/18795/2993 6540/18796/2993 6541/18797/2993 6542/18798/2993 6543/18799/2993 6544/18800/2993 6529/18785/2993 6528/18784/2993 

usemtl Teddy_Brim2
vn -0.555457 -4.52646e-14 -0.831545
v -0.483608 1.71515 0.70354
vt 4.85805 67.5257
v -0.478483 1.71788 0.700117
vt 4.6154 67.6331
v -0.473185 1.72008 0.696578
vt 4.36456 67.7196
v -0.467716 1.72204 0.692925
vt 4.10562 67.7969
v -0.448062 1.7202 0.679796
vt 3.17507 67.7245
v -0.441947 1.71941 0.675711
vt 2.88555 67.6933
v -0.435882 1.71818 0.67166
vt 2.59843 67.6447
v -0.42989 1.71651 0.667657
vt 2.31472 67.5791
v -0.423991 1.71441 0.663717
vt 2.03544 67.4966
v -0.418207 1.7119 0.659854
vt 1.76161 67.3975
v -0.412559 1.70897 0.656081
vt 1.49419 67.2823
v -0.408085 1.70662 0.653092
vt 1.28234 67.1899
v -0.403516 1.70456 0.65004
vt 1.06603 67.1086
v -0.398865 1.70278 0.646933
vt 0.845819 67.0384
v -0.394144 1.70128 0.64378
vt 0.622295 66.9797
v -0.389365 1.70009 0.640588
vt 0.396048 66.9325
v -0.384542 1.69919 0.637366
vt 0.167677 66.8971
v -0.378541 1.69825 0.633358
vt -0.1164 66.8604
v -0.357949 1.69671 0.619603
vt -1.09135 66.7998
v -0.352478 1.69629 0.615948
vt -1.35039 66.7832
v -0.334139 1.69316 0.603698
vt -2.21867 66.6598
v -0.329255 1.69313 0.600435
vt -2.44991 66.6587
v -0.324385 1.69268 0.597182
vt -2.68048 66.641
v -0.320739 1.69203 0.594747
vt -2.85309 66.6152
v -0.319555 1.69181 0.593956
vt -2.90918 66.6068
v -0.31561 1.69075 0.591321
vt -3.09595 66.5649
v -0.334087 1.66834 0.603663
vt -2.22114 65.6826
v -0.3523 1.66266 0.615829
vt -1.3588 65.459
v -0.368509 1.67418 0.626656
vt -0.591393 65.9124
v -0.381777 1.68106 0.635519
vt 0.0367854 66.1834
v -0.395045 1.68794 0.644382
vt 0.664963 66.4544
v -0.418109 1.69289 0.659788
vt 1.75696 66.6491
v -0.445747 1.69124 0.67825
vt 3.06547 66.5843
v -0.4559 1.68543 0.685031
vt 3.54617 66.3556
f 6543/18799/2994 6542/18798/2994 6541/18797/2994 6545/18801/2994 6546/18802/2994 6547/18803/2994 6548/18804/2994 6549/18805/2994 6550/18806/2994 6551/18807/2994 6552/18808/2994 6553/18809/2994 6554/18810/2994 6555/18811/2994 6556/18812/2994 6557/18813/2994 6558/18814/2994 6559/18815/2994 6560/18816/2994 6561/18817/2994 6562/18818/2994 6563/18819/2994 6564/18820/2994 6565/18821/2994 6566/18822/2994 6567/18823/2994 6568/18824/2994 6569/18825/2994 6570/18826/2994 6571/18827/2994 6572/18828/2994 6573/18829/2994 6574/18830/2994 6575/18831/2994 6576/18832/2994 6577/18833/2994 6578/18834/2994 

usemtl Teddy_Hat
vn -0.555457 8.70971e-14 -0.831545
v -0.464942 1.73227 0.691071
vt 3.97427 68.1998
v -0.460279 1.74146 0.687957
vt 3.75352 68.5615
v -0.45398 1.74911 0.683749
vt 3.45528 68.8625
v -0.446384 1.7548 0.678675
vt 3.09564 69.0866
v -0.438347 1.75722 0.673306
vt 2.71511 69.1821
v -0.430138 1.75859 0.667823
vt 2.32648 69.2357
v -0.421855 1.75887 0.66229
vt 1.93432 69.2469
v -0.413596 1.75807 0.656773
vt 1.54326 69.2155
v -0.405456 1.7562 0.651336
vt 1.15791 69.1418
v -0.396593 1.75274 0.645416
vt 0.73827 69.0055
v -0.388196 1.74788 0.639807
vt 0.340723 68.8142
v -0.380418 1.74171 0.634611
vt -0.0275385 68.5712
v -0.3734 1.73434 0.629923
vt -0.359848 68.2809
v -0.370333 1.73012 0.627875
vt -0.505019 68.1148
v -0.367146 1.72526 0.625746
vt -0.655914 67.9237
v -0.364376 1.72005 0.623896
vt -0.78706 67.7186
v -0.362051 1.71454 0.622342
vt -0.897158 67.5014
v -0.360193 1.70877 0.621101
vt -0.985117 67.2744
v -0.358821 1.70281 0.620185
vt -1.05006 67.0397
f 6556/18812/2995 6555/18811/2995 6554/18810/2995 6553/18809/2995 6552/18808/2995 6551/18807/2995 6550/18806/2995 6549/18805/2995 6548/18804/2995 6579/18835/2995 6580/18836/2995 6581/18837/2995 6582/18838/2995 6583/18839/2995 6584/18840/2995 6585/18841/2995 6586/18842/2995 6587/18843/2995 6588/18844/2995 6589/18845/2995 6590/18846/2995 6591/18847/2995 6592/18848/2995 6593/18849/2995 6594/18850/2995 6595/18851/2995 6596/18852/2995 6597/18853/2995 6563/18819/2995 6562/18818/2995 6561/18817/2995 6560/18816/2995 6559/18815/2995 6558/18814/2995 6557/18813/2995 

usemtl Teddy_Brim
vn -0.555457 -2.36142e-14 -0.831545
v -0.311021 1.6891 0.588255
vt -3.31322 66.4998
v -0.306542 1.68705 0.585264
vt -3.52524 66.4193
v -0.296906 1.67844 0.578827
vt -3.98149 66.0802
v -0.284279 1.65756 0.570393
vt -4.5793 65.2581
v -0.280519 1.64776 0.567881
vt -4.75734 64.8725
v -0.27765 1.63754 0.565964
vt -4.89316 64.4701
v -0.277288 1.63558 0.565722
vt -4.91032 64.3927
v -0.275706 1.62701 0.564666
vt -4.9852 64.0554
v -0.274912 1.61847 0.564135
vt -5.02282 63.7192
v -0.274709 1.61629 0.564
vt -5.03243 63.6333
v -0.27467 1.6055 0.563973
vt -5.03428 63.2086
v -0.275129 1.60013 0.56428
vt -5.01252 62.9973
v -0.276074 1.59322 0.564911
vt -4.96781 62.7253
v -0.277158 1.58529 0.565635
vt -4.91648 62.4131
v -0.280655 1.57085 0.567971
vt -4.75092 61.8446
v -0.285569 1.55702 0.571254
vt -4.51824 61.3001
v -0.290968 1.5458 0.57486
vt -4.26261 60.8581
v -0.29183 1.544 0.575436
vt -4.2218 60.7875
v -0.294407 1.53988 0.577157
vt -4.09982 60.6253
v -0.299347 1.53198 0.580457
vt -3.86591 60.3143
v -0.308011 1.52114 0.586245
vt -3.45573 59.8873
v -0.310601 1.51812 0.587975
vt -3.33309 59.7684
v -0.313335 1.51529 0.589801
vt -3.20364 59.657
v -0.316203 1.51266 0.591717
vt -3.06784 59.5534
v -0.319196 1.51023 0.593716
vt -2.92616 59.458
v -0.322302 1.50803 0.595791
vt -2.7791 59.3712
v -0.319041 1.55111 0.593613
vt -2.93348 61.0674
v -0.328646 1.61034 0.600028
vt -2.47874 63.3991
v -0.339734 1.6467 0.607435
vt -1.95375 64.8306
f 6571/18827/2996 6570/18826/2996 6598/18854/2996 6599/18855/2996 6600/18856/2996 6601/18857/2996 6602/18858/2996 6603/18859/2996 6604/18860/2996 6605/18861/2996 6606/18862/2996 6607/18863/2996 6608/18864/2996 6609/18865/2996 6610/18866/2996 6611/18867/2996 6612/18868/2996 6613/18869/2996 6614/18870/2996 6615/18871/2996 6616/18872/2996 6617/18873/2996 6618/18874/2996 6619/18875/2996 6620/18876/2996 6621/18877/2996 6622/18878/2996 6623/18879/2996 6624/18880/2996 6625/18881/2996 6626/18882/2996 6572/18828/2996 

usemtl Teddy_HairLight
vn -0.555457 -3.53666e-15 -0.831545
v -0.321659 1.50335 0.595362
vt -2.80952 59.187
v -0.320556 1.4988 0.594625
vt -2.86176 59.0077
v -0.319008 1.49443 0.59359
vt -2.93506 58.836
v -0.317037 1.49033 0.592274
vt -3.02838 58.6742
v -0.314671 1.48653 0.590694
vt -3.14038 58.5248
v -0.311945 1.4831 0.588873
vt -3.26944 58.3899
v -0.308898 1.48009 0.586837
vt -3.41371 58.2714
v -0.362682 1.62757 0.622764
vt -0.867289 64.0775
v -0.362756 1.62959 0.622814
vt -0.863755 64.1569
v -0.363163 1.64059 0.623086
vt -0.844483 64.5902
v -0.363241 1.64269 0.623137
vt -0.840811 64.6727
v -0.363363 1.64599 0.623219
vt -0.83502 64.8029
v -0.363726 1.65579 0.623461
vt -0.817867 65.1885
v -0.366403 1.66516 0.625249
vt -0.691111 65.5575
f 6624/18880/2997 6623/18879/2997 6627/18883/2997 6628/18884/2997 6629/18885/2997 6630/18886/2997 6631/18887/2997 6632/18888/2997 6633/18889/2997 6297/18553/2988 6431/18687/2988 6430/18686/2997 6429/18685/2997 6428/18684/2997 6427/18683/2997 6426/18682/2997 6425/18681/2997 6634/18890/2997 6635/18891/2997 6636/18892/2997 6637/18893/2997 6638/18894/2997 6639/18895/2997 6640/18896/2997 6574/18830/2997 6573/18829/2997 6572/18828/2997 6626/18882/2997 6625/18881/2997 

usemtl Teddy_Skin_
vn -0.555457 -2.17089e-14 -0.831545
v -0.46666 1.5552 0.692219
vt 4.05563 61.2282
v -0.467588 1.55867 0.692839
vt 4.09956 61.365
v -0.468451 1.56217 0.693416
vt 4.14042 61.5027
v -0.46882 1.56373 0.693662
vt 4.15789 61.564
v -0.469285 1.56561 0.693973
vt 4.17993 61.6383
v -0.469686 1.56724 0.694241
vt 4.1989 61.7022
v -0.47038 1.5708 0.694704
vt 4.23174 61.8426
v -0.470898 1.57441 0.69505
vt 4.2563 61.9847
v -0.47124 1.57805 0.695279
vt 4.27249 62.128
v -0.474076 1.61893 0.697173
vt 4.40676 63.7373
v -0.474216 1.62208 0.697267
vt 4.4134 63.8614
v -0.464391 1.6132 0.690704
vt 3.94821 63.5117
v -0.461712 1.6132 0.688914
vt 3.82138 63.5117
v -0.447383 1.6132 0.679343
vt 3.14297 63.5117
v -0.436708 1.62285 0.672212
vt 2.63751 63.8917
v -0.43462 1.62474 0.670817
vt 2.53865 63.966
v -0.43462 1.62796 0.670817
vt 2.53865 64.093
v -0.43462 1.63201 0.670817
vt 2.53865 64.2522
v -0.430572 1.63376 0.668113
vt 2.34703 64.3213
v -0.423146 1.63376 0.663153
vt 1.99543 64.3213
v -0.418448 1.63188 0.660015
vt 1.77301 64.2474
v -0.418448 1.622 0.660015
vt 1.77301 63.8583
v -0.404908 1.61034 0.65097
vt 1.13193 63.3993
v -0.384783 1.60962 0.637527
vt 0.179104 63.3708
v -0.37329 1.62413 0.62985
vt -0.365033 63.9421
v -0.37329 1.62869 0.62985
vt -0.365033 64.1217
f 6413/18669/2998 6412/18668/2998 6411/18667/2998 6453/18709/2998 6452/18708/2998 6451/18707/2998 6450/18706/2998 6449/18705/2998 6448/18704/2998 6447/18703/2998 6446/18702/2998 6445/18701/2998 6444/18700/2998 6443/18699/2998 6442/18698/2998 6441/18697/2998 6440/18696/2998 6439/18695/2998 6438/18694/2998 6437/18693/2998 6436/18692/2998 6435/18691/2998 6434/18690/2998 6433/18689/2998 6493/18749/2998 6492/18748/2998 6491/18747/2998 6490/18746/2998 6489/18745/2998 6488/18744/2998 6487/18743/2998 6486/18742/2998 6485/18741/2998 6484/18740/2998 6483/18739/2998 6482/18738/2998 6641/18897/2998 6642/18898/2998 6643/18899/2998 6644/18900/2998 6645/18901/2998 6646/18902/2998 6647/18903/2998 6648/18904/2998 6649/18905/2998 6650/18906/2998 6651/18907/2998 6652/18908/2998 6653/18909/2998 6654/18910/2998 6655/18911/2998 6656/18912/2998 6657/18913/2998 6658/18914/2998 6659/18915/2998 6660/18916/2998 6661/18917/2998 6662/18918/2998 6663/18919/2998 6664/18920/2998 6665/18921/2998 6666/18922/2998 6635/18891/2998 6634/18890/2998 6425/18681/2998 6424/18680/2998 6423/18679/2998 6422/18678/2998 6421/18677/2998 6420/18676/2998 6419/18675/2998 6418/18674/2998 6417/18673/2998 6416/18672/2998 6415/18671/2998 6414/18670/2998 

usemtl Teddy_HairLight
v -0.477155 1.62474 0.69923
vt 4.55252 63.966
vn -0.555457 -4.6595e-15 -0.831545
v -0.470244 1.6577 0.694613
vt 4.22531 65.2639
v -0.472227 1.64684 0.695938
vt 4.31921 64.8363
v -0.477155 1.64239 0.69923
vt 4.55252 64.6609
f 6667/18923/2999 6651/18907/2999 6650/18906/2999 6649/18905/2999 6648/18904/2999 6647/18903/2999 6646/18902/2999 6645/18901/2999 6644/18900/2999 6643/18899/2999 6642/18898/2999 6641/18897/2999 6482/18738/2999 6481/18737/2999 6480/18736/2999 6479/18735/2999 6478/18734/2999 6477/18733/2999 6476/18732/2999 6475/18731/2999 6474/18730/2999 6473/18729/2999 6472/18728/2999 6471/18727/2999 6470/18726/2999 6469/18725/2999 6500/18756/2999 6531/18787/2999 6530/18786/2999 6529/18785/2999 6544/18800/2999 6543/18799/2999 6668/18924/2999 6669/18925/2999 6670/18926/2999 

usemtl Teddy_Glasses
v -0.473348 1.62702 0.696687
vt 4.37226 64.056
vn -0.555457 7.17858e-15 -0.831545
f 6671/18927/3000 6651/18907/3000 6667/18923/3000

v -0.46312 1.61778 0.689854
vt 3.88801 63.692
f 6672/18928/3000 6651/18907/3000 6671/18927/3000

f 6653/18909/3000 6651/18907/3000 6672/18928/3000

f 6651/18907/3000 6653/18909/3000 6652/18908/3000

f 6653/18909/3000 6672/18928/3000 6654/18910/3000

v -0.448655 1.61778 0.680192
vt 3.20317 63.692
f 6673/18929/3000 6654/18910/3000 6672/18928/3000

f 6654/18910/3000 6673/18929/3000 6655/18911/3000

v -0.438427 1.62702 0.67336
vt 2.71891 64.056
f 6655/18911/3000 6673/18929/3000 6674/18930/3000

usemtl Teddy_Skin_
vn -0.555457 0 -0.831545
v -0.473348 1.6401 0.696687
vt 4.37226 64.5709
v -0.46312 1.64935 0.689854
vt 3.88801 64.9349
v -0.448655 1.64935 0.680192
vt 3.20317 64.9349
v -0.438427 1.6401 0.67336
vt 2.71891 64.5709
f 6671/18927/3001 6675/18931/3001 6676/18932/3001 6677/18933/3001 6678/18934/3001 6674/18930/3001 6673/18929/3001 6672/18928/3001 

usemtl Teddy_Glasses
f 6671/18927/3000 6670/18926/3000 6675/18931/3000

f 6671/18927/3000 6667/18923/3000 6670/18926/3000

f 6675/18931/3000 6670/18926/3000 6676/18932/3000

f 6676/18932/3000 6670/18926/3000 6669/18925/3000

v -0.464391 1.65393 0.690704
vt 3.94821 65.1152
f 6676/18932/3000 6669/18925/3000 6679/18935/3000

usemtl Teddy_Skin_
vn -0.555457 3.64411e-14 -0.831545
v -0.37329 1.64122 0.62985
vt -0.365033 64.6148
v -0.37329 1.64266 0.62985
vt -0.365033 64.6716
v -0.382593 1.65089 0.636064
vt 0.0754363 64.9958
v -0.404808 1.65184 0.650903
vt 1.12718 65.0332
v -0.416851 1.64147 0.658948
vt 1.69741 64.625
v -0.41765 1.64079 0.659481
vt 1.73521 64.5979
v -0.43462 1.64079 0.670817
vt 2.53865 64.5979
v -0.43462 1.64239 0.670817
vt 2.53865 64.6609
v -0.436127 1.64375 0.671824
vt 2.61002 64.7145
v -0.44352 1.65043 0.676762
vt 2.96005 64.9777
v -0.447383 1.65393 0.679343
vt 3.14297 65.1152
v -0.439976 1.68362 0.674395
vt 2.79227 66.2844
v -0.423918 1.68241 0.663668
vt 2.03197 66.2366
v -0.402458 1.67084 0.649333
vt 1.01593 65.7812
v -0.381836 1.6607 0.635558
vt 0.0395657 65.3821
f 6637/18893/3002 6636/18892/3002 6680/18936/3002 6681/18937/3002 6682/18938/3002 6683/18939/3002 6684/18940/3002 6685/18941/3002 6686/18942/3002 6687/18943/3002 6688/18944/3002 6689/18945/3002 6690/18946/3002 6679/18935/3002 6669/18925/3002 6668/18924/3002 6543/18799/3002 6578/18834/3002 6691/18947/3002 6692/18948/3002 6693/18949/3002 6694/18950/3002 6639/18895/3002 6638/18894/3002 

usemtl Teddy_Glasses
vn -0.555457 1.45739e-13 -0.831545
f 6636/18892/3003 6635/18891/3003 6666/18922/3003 6680/18936/3003 

vn -0.555457 1.57485e-14 -0.831545
v -0.377097 1.64034 0.632393
vt -0.184773 64.5805
f 6666/18922/3004 6695/18951/3004 6680/18936/3004

v -0.377097 1.62596 0.632393
vt -0.184773 64.0142
f 6666/18922/3004 6696/18952/3004 6695/18951/3004

f 6665/18921/3004 6696/18952/3004 6666/18922/3004

v -0.386373 1.61425 0.638589
vt 0.254383 63.5531
f 6665/18921/3004 6697/18953/3004 6696/18952/3004

f 6664/18920/3004 6697/18953/3004 6665/18921/3004

f 6697/18953/3004 6664/18920/3004 6663/18919/3004

v -0.40364 1.61488 0.650123
vt 1.07191 63.578
f 6663/18919/3004 6698/18954/3004 6697/18953/3004

f 6698/18954/3004 6663/18919/3004 6662/18918/3004

v -0.414641 1.62435 0.657471
vt 1.59274 63.9509
f 6698/18954/3004 6662/18918/3004 6699/18955/3004

f 6699/18955/3004 6662/18918/3004 6661/18917/3004

v -0.414641 1.63775 0.657471
vt 1.59274 64.4782
f 6699/18955/3004 6661/18917/3004 6700/18956/3004

v -0.418448 1.6401 0.660015
vt 1.77301 64.5709
f 6700/18956/3004 6661/18917/3004 6701/18957/3004

vn -0.555457 3.06518e-14 -0.831545
f 6701/18957/3005 6661/18917/3005 6660/18916/3005 6659/18915/3005 6658/18914/3005 6686/18942/3005 6685/18941/3005 

f 6658/18914/3000 6678/18934/3000 6686/18942/3000

f 6657/18913/3000 6678/18934/3000 6658/18914/3000

f 6657/18913/3000 6674/18930/3000 6678/18934/3000

f 6656/18912/3000 6674/18930/3000 6657/18913/3000

f 6655/18911/3000 6674/18930/3000 6656/18912/3000

f 6686/18942/3000 6678/18934/3000 6677/18933/3000

f 6686/18942/3000 6677/18933/3000 6687/18943/3000

f 6687/18943/3000 6677/18933/3000 6688/18944/3000

f 6688/18944/3000 6677/18933/3000 6689/18945/3000

f 6677/18933/3000 6679/18935/3000 6689/18945/3000

f 6676/18932/3000 6679/18935/3000 6677/18933/3000

f 6689/18945/3000 6679/18935/3000 6690/18946/3000

v -0.40364 1.64722 0.650123
vt 1.07191 64.8511
f 6702/18958/3004 6701/18957/3004 6685/18941/3004

f 6700/18956/3004 6701/18957/3004 6702/18958/3004

usemtl Teddy_Skin_
v -0.383897 1.64636 0.636935
vt 0.137183 64.8174
f 6695/18951/3001 6696/18952/3001 6697/18953/3001 6698/18954/3001 6699/18955/3001 6700/18956/3001 6702/18958/3001 6703/18959/3001 

usemtl Teddy_Glasses
f 6682/18938/3004 6703/18959/3004 6702/18958/3004

f 6681/18937/3004 6703/18959/3004 6682/18938/3004

f 6680/18936/3004 6703/18959/3004 6681/18937/3004

f 6680/18936/3004 6695/18951/3004 6703/18959/3004

f 6702/18958/3004 6683/18939/3004 6682/18938/3004

f 6702/18958/3004 6684/18940/3004 6683/18939/3004

f 6702/18958/3004 6685/18941/3004 6684/18940/3004

usemtl Teddy_SkinShadow_
vn -0.555457 -1.67013e-14 -0.831545
f 6574/18830/3006 6640/18896/3006 6639/18895/3006 6694/18950/3006 6693/18949/3006 6692/18948/3006 6691/18947/3006 6578/18834/3006 6577/18833/3006 6576/18832/3006 6575/18831/3006 

usemtl Teddy_Dress
vn -0.555457 4.98536e-15 -0.831545
v -0.231344 1.42047 0.535032
vt -7.08558 55.9239
v -0.218413 1.38377 0.526395
vt -7.69777 54.4792
v -0.215158 1.36976 0.524221
vt -7.8519 53.9277
v -0.202082 1.3135 0.515486
vt -8.471 51.7125
v -0.188653 1.20134 0.506516
vt -9.10678 47.2969
v -0.190275 1.16512 0.507599
vt -9.02999 45.871
v -0.198946 1.11209 0.513391
vt -8.61946 43.7832
v -0.214994 1.06952 0.524111
vt -7.85968 42.1072
v -0.248555 1.1557 0.546529
vt -6.27069 45.5001
v -0.251058 1.18806 0.548201
vt -6.15219 46.7742
v -0.255804 1.20225 0.551371
vt -5.92751 47.3325
v -0.278619 1.33358 0.566611
vt -4.84731 52.5031
v -0.285394 1.36976 0.571137
vt -4.52655 53.9277
v -0.284837 1.37386 0.570765
vt -4.55288 54.0892
f 6302/18558/3007 6704/18960/3007 6705/18961/3007 6706/18962/3007 6707/18963/3007 6708/18964/3007 6709/18965/3007 6710/18966/3007 6711/18967/3007 5738/17994/3007 5737/17993/3007 5736/17992/3007 5735/17991/3007 5734/17990/3007 5733/17989/3007 5732/17988/3007 5731/17987/3007 5730/17986/3007 5729/17985/3007 5728/17984/3007 5727/17983/3007 5677/17933/3007 5676/17932/3007 5675/17931/3007 6712/18968/3007 6713/18969/3007 6714/18970/3007 6120/18376/3007 6128/18384/3007 6136/18392/3007 6715/18971/3007 6716/18972/3007 6717/18973/3007 6304/18560/3007 6303/18559/3007 

f 6136/18392/2958 6140/18396/2958 6715/18971/2958

f 6136/18392/2958 6137/18393/2958 6140/18396/2958

f 6715/18971/2958 6140/18396/2958 6216/18472/2958

v -0.433653 1.33114 0.670171
vt 2.49291 52.4071
f 6715/18971/2958 6216/18472/2958 6718/18974/2958

usemtl Teddy_Skin_
vn -0.555457 5.601e-14 -0.831545
v -0.432448 1.33226 0.669366
vt 2.43583 52.4511
f 6239/18495/3008 6238/18494/3008 6272/18528/3008 6271/18527/3008 6270/18526/3008 6269/18525/3008 6310/18566/3008 6309/18565/3008 6719/18975/3008 6718/18974/3008 6216/18472/3008 6217/18473/3008 6218/18474/3008 6219/18475/3008 6220/18476/3008 6247/18503/3008 6246/18502/3008 6245/18501/3008 6244/18500/3008 6243/18499/3008 6242/18498/3008 6241/18497/3008 6240/18496/3008 

usemtl Teddy_Dress
f 6308/18564/2958 6719/18975/2958 6309/18565/2958

f 6715/18971/2958 6719/18975/2958 6308/18564/2958

f 6715/18971/2958 6718/18974/2958 6719/18975/2958

f 6307/18563/2958 6715/18971/2958 6308/18564/2958

f 6306/18562/2958 6715/18971/2958 6307/18563/2958

f 6715/18971/2958 6306/18562/2958 6716/18972/2958

f 6716/18972/2958 6306/18562/2958 6305/18561/2958

f 6716/18972/2958 6305/18561/2958 6304/18560/2958

f 6716/18972/2958 6304/18560/2958 6717/18973/2958

usemtl Teddy_BookJacket
v -0.391254 0.925697 0.64185
vt 0.485506 36.4448
vn -0.555457 -9.78776e-16 -0.831545
v -0.346238 0.936673 0.611779
vt -1.64585 36.8769
v -0.425925 1.07153 0.665009
vt 2.12703 42.1862
v -0.399054 0.929679 0.64706
vt 0.854795 36.6015
f 6720/18976/3009 6721/18977/3009 5724/17980/3009 5723/17979/3009 5722/17978/3009 5721/17977/3009 5720/17976/3009 6006/18262/3009 6008/18264/3009 5665/17921/3009 5664/17920/3009 6722/18978/3009 6723/18979/3009 

usemtl Teddy_Paper
vn -0.555457 -2.36586e-15 -0.831545
f 6722/18978/3010 5664/17920/3010 5663/17919/3010 5662/17918/3010 5661/17917/3010 5660/17916/3010 5659/17915/3010 5726/17982/3010 5725/17981/3010 5724/17980/3010 6721/18977/3010 6720/18976/3010 6723/18979/3010 

usemtl Teddy_Dress
f 5719/17975/2958 6006/18262/2958 5720/17976/2958

f 6003/18259/2958 5718/17974/2958 5717/17973/2958

usemtl Teddy_DressShadow
vn -0.555457 5.21683e-13 -0.831545
f 5707/17963/3011 5706/17962/3011 5705/17961/3011 5753/18009/3011 6000/18256/3011 6001/18257/3011 6003/18259/3011 5717/17973/3011 5716/17972/3011 5715/17971/3011 5714/17970/3011 5713/17969/3011 5712/17968/3011 5711/17967/3011 5710/17966/3011 5709/17965/3011 5708/17964/3011 

usemtl Teddy_Dress
f 5704/17960/2958 5753/18009/2958 5705/17961/2958

usemtl Teddy_Paper
vn -0.555457 -2.24126e-12 -0.831545
v -0.235364 0.972721 0.537718
vt -6.89521 38.2961
f 5694/17950/3012 5742/17998/3012 6724/18980/3012 5748/18004/3012 5747/18003/3012 

usemtl Teddy_BookJacket
vn -0.555457 1.5694e-12 -0.831545
v -0.232188 0.97459 0.535597
vt -7.04559 38.3697
v -0.231576 0.975884 0.535188
vt -7.07458 38.4206
v -0.231543 0.977028 0.535166
vt -7.07614 38.4657
v -0.231223 0.975377 0.534952
vt -7.0913 38.4007
v -0.231516 0.974404 0.535148
vt -7.07742 38.3624
v -0.232749 0.973418 0.535971
vt -7.01905 38.3235
f 5742/17998/3013 5741/17997/3013 6725/18981/3013 6726/18982/3013 6727/18983/3013 6728/18984/3013 6729/18985/3013 6730/18986/3013 6724/18980/3013 

usemtl Teddy_BookCover
v -0.235906 0.999526 0.53808
vt -6.86957 39.3514
vn -0.555457 6.01776e-15 -0.831545
f 6731/18987/3014 6727/18983/3014 6726/18982/3014 6725/18981/3014 5741/17997/3014 5740/17996/3014 

